{
  "include": [
    "../../common/microservice.json"
  ],
  "name": "/shop/* /.delivery/* /.aecv1/* /.static/* /m/shop/*",
  "criteria": [
    {
      "name": "hostname",
      "options": {
        "matchOperator": "IS_ONE_OF",
        "values": [
          "www.qa41.markandgraham.com"
        ]
      }
    },
    {
      "name": "path",
      "options": {
        "matchCaseSensitive": false,
        "matchOperator": "MATCHES_ONE_OF",
        "values": [
          "/.static/ecmcontent/*",
          "/account/check-verification-link.html*",
          "/account/forgotpassword/confirm-forward.html",
          "/account/keyrewards/key-credit-rewards.json",
          "/account/not-me.html",
          "/account/svc/*",
          "/account/verification.html*",
          "/aos/*",
          "/aos/special-sale/*",
          "/api/.static/ecmcontent/*",
          "/api/registry/v1/*",
          "/api/registry/v2/*",
          "/apple-pay/generate-session.json",
          "/appointments/*",
          "/authenticate.html",
          "/authenticate.html*",
          "/cacheable/availability/getDeliveryInformationByPostalCode.json",
          "/customer-service/order-status/",
          "/events/*",
          "/m/account/.info/summary.html",
          "/m/account/svc/*",
          "/m/aos/*",
          "/m/aos/special-sale/*",
          "/m/appointments/*",
          "/m/authenticate.html",
          "/m/customer-service/charge-details/*",
          "/m/events/*",
          "/m/note-me.html",
          "/m/registry/*/registry-list.html",
          "/m/registry/account-linking-search.html",
          "/m/registry/create-registry-sign-in.html",
          "/m/registry/create.html",
          "/m/registry/find-registry.html",
          "/m/registry/find.html",
          "/m/registry/registry-login.html",
          "/m/registry/search-registry.html",
          "/m/stores*",
          "/m/tips-and-ideas/*",
          "/m/trade-signin/login.html*",
          "/not-me.html",
          "/order-servicing/.info/summary.html",
          "/phygital/.info/summary.html",
          "/registry/*/registry-list.html",
          "/registry/.info/summary.html",
          "/registry/account-linking-search.html",
          "/registry/create-registry-sign-in.html",
          "/registry/create.html",
          "/registry/find-registry.html",
          "/registry/find.html",
          "/registry/registry-login.html",
          "/registry/search-registry.html",
          "/services/shoppingcart/v3/index.json",
          "/shopping-cart/apply-promotion+.json",
          "/shopping-cart/index.json",
          "/shopping-cart/move-to-cart.json",
          "/shopping-cart/remove-item.json",
          "/shopping-cart/remove-promotion+.json",
          "/shopping-cart/save-for-later.json",
          "/shopping-cart/update-postal-code.json",
          "/shopping-cart/update-quantity.json",
          "/shoppingcart/order/cart.json",
          "/shoppingcart/order/update-and-order.json",
          "/shoppingcart/order/update-service-level.json",
          "/shoppingcart/order/update-shipping-details.json",
          "/stores*",
          "/stores-pb/*",
          "/stores-pk/*",
          "/stores-pt/*",
          "/svc/recommendation/v2/*/pages",
          "/tips-and-ideas/*",
          "/trade-signin/login.html*",
          "products/getScene7Url.json",
          "promotion/eligibility/group/*/eligiblePromotions.json",
          "search/stores.json"
        ],
        "exclude_common_values": [
          "/account/migrationStatus.html",
          "/account/passwordRequirementsChange.html",
          "/account/svc*",
          "/api/designer/v1/*",
          "/m/account/migrationStatus.html",
          "/m/account/passwordRequirementsChange.html",
          "/m/account/svc*",
          "/order-servicing/*",
          "/pages/homepage-test/",
          "/pages/kids/",
          "/shopping/*"
        ]
      }
    },
    {
      "name": "path",
      "options": {
        "matchCaseSensitive": false,
        "matchOperator": "DOES_NOT_MATCH_ONE_OF",
        "values": [
          "/customer-service/email-list/",
          "/m/customer-service/email-list/",
          "/m/products/getDeliveryInformation.json",
          "/m/products/getPostalCodeCookie.json"
        ],
        "exclude_common_values": [
          "/customer-service/coreemail.html",
          "/customer-service/shipping-info.html",
          "/customer-service/shipping-info/",
          "/m/customer-service/shipping-info/",
          "/m/pages/xbrand-landing/",
          "/m/pages/xbrand-rows/",
          "/m/products/getScene7Url.json",
          "/pages/xbrand-landing/",
          "/pages/xbrand-rows/",
          "/products/*/minipip.html",
          "/products/*/pip-print.html",
          "/products/*/quicklook.html",
          "/trade-signin/shopnow.html"
        ]
      }
    }
  ],
  "behaviors": [
    {
      "name": "origin",
      "options": {
        "hostname": "qa.origin-svc.markandgraham.com"
      }
    },
    {
      "name": "rewriteUrl",
      "options": {
        "behavior": "PREPEND",
        "keepQueryString": true,
        "targetPathPrepend": "/{{builtin.AK_DOMAIN}}/"
      }
    }
  ]
}