{
  "include": [
    "../../common/microservice.json"
  ],
  "name": "/shop/* /.delivery/* /.aecv1/* /.static/* /m/shop/*",
  "criteria": [
    {
      "name": "hostname",
      "options": {
        "matchOperator": "IS_ONE_OF",
        "values": [
          "www.qa21.potterybarnkids.com"
        ]
      }
    },
    {
      "name": "path",
      "options": {
        "matchCaseSensitive": false,
        "matchOperator": "MATCHES_ONE_OF",
        "values": [
          "/",
          "/.static/ecmcontent/*",
          "/account/*",
          "/account/addressbook/*",
          "/account/addressbook/overlay/*",
          "/account/birthday-club/*",
          "/account/check-verification-link.html*",
          "/account/create-account-for-creditcard.html",
          "/account/credit-create-account.html",
          "/account/credit-sign-in.html",
          "/account/creditcard/*",
          "/account/keyrewards/*",
          "/account/keyrewards/barcode/*",
          "/account/migrationStatus.html*",
          "/account/myapps/index.html",
          "/account/myappsconfirm/index.html",
          "/account/not-me.html",
          "/account/oauth2/authorize/index.html",
          "/account/oauth2/login.html",
          "/account/orderhistory/index.json",
          "/account/passwordRequirementsChange.html*",
          "/account/redirectToBirthdayClub.html",
          "/account/redirectToCreate.html",
          "/account/svc/*",
          "/account/verification.html*",
          "/aos/special-sale/*",
          "/api/registry/v1/*",
          "/cacheable/availability/getDeliveryInformationByPostalCode.json",
          "/checkout/issue/*",
          "/customer-service/address-change/*",
          "/customer-service/catalog-request/*",
          "/customer-service/charge-details/*",
          "/customer-service/driver-release/*",
          "/customer-service/email-list/*",
          "/customer-service/email-preferences/*",
          "/customer-service/email-us/*",
          "/customer-service/gift-services/*",
          "/customer-service/international-email-list/*",
          "/customer-service/intl-order-tracking/*",
          "/customer-service/join-email-confirm.json",
          "/customer-service/list-order/*",
          "/customer-service/mailing-options/*",
          "/customer-service/order-inquiries/*",
          "/customer-service/order-shipment-tracking/*",
          "/customer-service/order-status/*",
          "/customer-service/order-tracking/*",
          "/customer-service/popup/*",
          "/customer-service/return/*",
          "/customer-service/signup-mobile/*",
          "/customer-service/store-locations/*",
          "/customer/*",
          "/index.html",
          "/m/",
          "/m/account/*",
          "/m/account/keyrewards/barcode/*",
          "/m/account/keyrewards/faq.html",
          "/m/account/recommendations/index.html",
          "/m/account/svc/*",
          "/m/aos/special-sale/*",
          "/m/checkout/issue/*",
          "/m/customer-service/address-change/*",
          "/m/customer-service/catalog-request/*",
          "/m/customer-service/charge-details/*",
          "/m/customer-service/email-list/*",
          "/m/customer-service/email-preferences/*",
          "/m/customer-service/email-us/*",
          "/m/customer-service/international-email-list/*",
          "/m/customer-service/intl-order-tracking/*",
          "/m/customer-service/list-order/*",
          "/m/customer-service/mailing-options/*",
          "/m/customer-service/order-shipment-tracking/*",
          "/m/customer-service/order-tracking/*",
          "/m/customer-service/return/*",
          "/m/customer-service/store-locations/*",
          "/m/customer/*",
          "/m/design-services/*",
          "/m/my-design-projects/*",
          "/m/registry/*/registry-list.html",
          "/m/registry/account-linking-search.html*",
          "/m/registry/find-registry.html*",
          "/m/registry/find.html*",
          "/m/registry/search-registry.html*",
          "/m/room/shop-by-room/*",
          "/m/stores*",
          "/my-design-projects/*",
          "/order-servicing/.info/summary.html",
          "/phygital/.info/summary.html",
          "/popup/shoppingcart/*",
          "/products/*/request-swatches.html",
          "/registry/*/registry-checklist.html*",
          "/room/shop-by-room/*",
          "/services/shoppingcart/v3/index.json",
          "/shopping-cart/apply-promotion+.json",
          "/shopping-cart/index.json",
          "/shopping-cart/move-to-cart.json",
          "/shopping-cart/remove-item.json",
          "/shopping-cart/remove-promotion+.json",
          "/shopping-cart/save-for-later.json",
          "/shopping-cart/update-postal-code.json",
          "/shopping-cart/update-quantity.json",
          "/shoppingcart/fragment/*",
          "/shoppingcart/order/cart.json",
          "/shoppingcart/order/update-and-order.json",
          "/shoppingcart/order/update-service-level.json",
          "/shoppingcart/order/update-shipping-details.json",
          "/stores/*",
          "/style-quiz/*"
        ],
        "exclude_common_values": [
          "/account/keyrewards/key-credit-rewards.json",
          "/account/logout.html",
          "/account/migrationStatus.html",
          "/account/passwordRequirementsChange.html",
          "/account/svc*",
          "/cc/*",
          "/m/account/logout.html",
          "/m/account/migrationStatus.html",
          "/m/account/passwordRequirementsChange.html",
          "/m/account/svc*",
          "/m/cc/*",
          "/m/products/getScene7Url.json",
          "/m/promotion/eligibility/group/*",
          "/m/search/stores.json",
          "/m/shopping-cart/*",
          "/m/trade-signin/*",
          "/my-design-projects/.api/*",
          "/nativeapp/.api/*",
          "/order-servicing/*",
          "/resources/*",
          "/shopping-cart/*",
          "/trade-signin/*"
        ]
      }
    },
    {
      "name": "path",
      "options": {
        "matchCaseSensitive": false,
        "matchOperator": "DOES_NOT_MATCH_ONE_OF",
        "values": [
          "/m/products/getPostalCodeCookie.json",
          "/m/products/getScene7Url.json",
          "/m/registry/list.json",
          "/m/registry/manage-registry.html",
          "/m/trade-signin/",
          "/m/trade-signin/login.html",
          "/products/getScene7Url.json",
          "/registry/list.json",
          "/registry/manage-registry.html",
          "/trade-signin/",
          "/trade-signin/login.html"
        ],
        "exclude_common_values": [
          "/account/not-me.html",
          "/authenticate.html",
          "/customer-service/coreemail.html",
          "/customer-service/popup/communication-preferences.html*",
          "/customer-service/shipping-info.html",
          "/customer-service/shipping-info/",
          "/customer-service/show-join-email.jsonp",
          "/m/authenticate.html",
          "/m/customer-service/confirm-mobile-email-signup.html*",
          "/m/customer-service/shipping-info/",
          "/m/pages/xbrand-landing/",
          "/m/pages/xbrand-rows/*",
          "/pages/baby.html",
          "/pages/fragments/*",
          "/pages/overlay/*",
          "/pages/popups/*",
          "/pages/xbrand-landing/",
          "/pages/xbrand-rows/*",
          "/products/*/pip-print.html",
          "/products/*/request-swatches.html",
          "/svc/recommendation/*",
          "/trade-signin/shopnow.html"
        ]
      }
    }
  ],
  "behaviors": [
    {
      "name": "origin",
      "options": {
        "hostname": "qa.origin-svc.potterybarnkids.com"
      }
    },
    {
      "name": "rewriteUrl",
      "options": {
        "behavior": "PREPEND",
        "keepQueryString": true,
        "targetPathPrepend": "/{{builtin.AK_DOMAIN}}/"
      }
    }
  ]
}