{
  "criteria": [
    {
      "name": "path",
      "options": {
        "matchCaseSensitive": false,
        "matchOperator": "MATCHES_ONE_OF",
        "values": [
          "/",
          "/.aecv1/*",
          "/.delivery/*",
          "/.global/.info/summary.html",
          "/.static/*",
          "/about-us/*",
          "/account/",
          "/account/.info/summary.html",
          "/account/addressbook.html",
          "/account/addressbook/",
          "/account/confirm-thanks.html",
          "/account/confirm.html",
          "/account/create.html",
          "/account/creditcard.html",
          "/account/creditcard/",
          "/account/creditcard/create.html",
          "/account/emailupdate/confirm-thanks.html",
          "/account/forgotpassword.html",
          "/account/forgotpassword/confirm.html",
          "/account/forgotpassword/passwordUpdatethanks.html",
          "/account/index.html",
          "/account/keyrewards.html",
          "/account/login-attempts.html",
          "/account/login.html",
          "/account/logout.html",
          "/account/migrationStatus.html",
          "/account/passwordRequirementsChange.html",
          "/account/recipe-box/",
          "/account/svc*",
          "/account/updateaccount.html",
          "/account/updateemail.html",
          "/account/updatename.html",
          "/account/updatepassword.html",
          "/account/updatephonenumber.html",
          "/api/catalog/v1/*",
          "/api/content/v1/*",
          "/api/designer/v1/*",
          "/api/favorites/v1/*",
          "/api/geo/v1/*",
          "/api/inventory/v1/*",
          "/api/loyalty/v1/*",
          "/api/marketing/v1/*",
          "/api/order-status/v1/*",
          "/api/phygital/v1/*",
          "/api/profile/v1/*",
          "/api/profile/v2/*",
          "/api/user/v2/*",
          "/cc/*",
          "/checkout/*",
          "/checkout/issue/*",
          "/content/ecm/*",
          "/customer-service/*",
          "/customer-service/address-change/*",
          "/customer-service/catalog-request/*",
          "/customer-service/charge-details/*",
          "/customer-service/email-list/*",
          "/customer-service/email-preferences/*",
          "/customer-service/email-us/*",
          "/customer-service/faq/*",
          "/customer-service/international-email-list/*",
          "/customer-service/intl-order-tracking/*",
          "/customer-service/list-order/*",
          "/customer-service/mailing-options/*",
          "/customer-service/order-shipment-tracking/*",
          "/customer-service/order-status/*",
          "/customer-service/return/*",
          "/favorites/*",
          "/index.html",
          "/internationalcheckout/*",
          "/m/",
          "/m/about-us/*",
          "/m/account/",
          "/m/account/addressbook.html",
          "/m/account/addressbook/",
          "/m/account/confirm-thanks.html",
          "/m/account/confirm.html",
          "/m/account/create.html",
          "/m/account/creditcard.html",
          "/m/account/creditcard/",
          "/m/account/creditcard/create.html",
          "/m/account/forgotpassword.html",
          "/m/account/forgotpassword/confirm.html",
          "/m/account/forgotpassword/passwordUpdatethanks.html",
          "/m/account/index.html",
          "/m/account/keyrewards.html",
          "/m/account/landing.html",
          "/m/account/login-attempts.html",
          "/m/account/login.html",
          "/m/account/logout.html",
          "/m/account/migrationStatus.html",
          "/m/account/passwordRequirementsChange.html",
          "/m/account/recipe-box/",
          "/m/account/svc*",
          "/m/account/updateaccount.html",
          "/m/account/updateemail.html",
          "/m/account/updatename.html",
          "/m/account/updatepassword.html",
          "/m/cc/*",
          "/m/checkout/*",
          "/m/checkout/issue/*",
          "/m/customer-service/*",
          "/m/customer-service/address-change/*",
          "/m/customer-service/catalog-request/*",
          "/m/customer-service/email-list/*",
          "/m/customer-service/email-preferences/*",
          "/m/customer-service/email-us/*",
          "/m/customer-service/international-email-list/*",
          "/m/customer-service/intl-order-tracking/*",
          "/m/customer-service/list-order/*",
          "/m/customer-service/mailing-options/*",
          "/m/customer-service/order-shipment-tracking/*",
          "/m/customer-service/return/*",
          "/m/favorites/*",
          "/m/index.html",
          "/m/pages/*",
          "/m/products/*",
          "/m/recommendations/*",
          "/m/resources/*",
          "/m/room/*",
          "/m/room/shop-by-room/*",
          "/m/search/results.html",
          "/m/search/searchdown.html",
          "/m/services/shoppingcart/*",
          "/m/shop/*",
          "/m/shoppingcart/*",
          "/m/thekey/*",
          "/m/trade-signin/*",
          "/order-servicing/*",
          "/pages/*",
          "/pages/mymarkandgraham/",
          "/pages/homepage-test/",
          "/pages/kids/",
          "/products/*",
          "/recommendations/*",
          "/resources/*",
          "/room/*",
          "/room/shop-by-room/*",
          "/search/results.html",
          "/search/searchdown.html",
          "/services/shoppingcart/*",
          "/shop/*",
          "/shopping/*",
          "/shoppingcart/*",
          "/sitemap.html",
          "/thekey/*",
          "/trade-signin/*"
        ]
      }
    },
    {
      "name": "path",
      "options": {
        "matchCaseSensitive": false,
        "matchOperator": "DOES_NOT_MATCH_ONE_OF",
        "values": [
          "/authenticate.html",
          "/customer-service/coreemail.html",
          "/customer-service/shipping-info.html",
          "/customer-service/shipping-info/",
          "/favorites/items/index.json",
          "/m/customer-service/shipping-info/",
          "/m/pages/xbrand-landing/",
          "/m/pages/xbrand-rows/",
          "/m/products/getScene7Url.json",
          "/pages/xbrand-landing/",
          "/pages/xbrand-rows/",
          "/products/*/email-a-friend-preview.html",
          "/products/*/email-a-friend.html",
          "/products/*/minipip.html",
          "/products/*/pip-print.html",
          "/products/*/quicklook.html",
          "/products/*/quicklook.json",
          "/products/*/request-swatches.html",
          "/products/getDeliveryInformation.json",
          "/products/getPostalCodeCookie.json",
          "/products/getScene7Url.json",
          "/trade-signin/shopnow.html"
        ]
      }
    }
  ]
}
