{
  "include": [
    "../../common/microservice.json"
  ],
  "name": "/shop/* /.delivery/* /.aecv1/*",
  "criteria": [
    {
      "name": "hostname",
      "options": {
        "matchOperator": "IS_ONE_OF",
        "values": [
          "www.uat4.markandgraham.com"
        ]
      }
    },
    {
      "name": "path",
      "options": {
        "matchCaseSensitive": false,
        "matchOperator": "MATCHES_ONE_OF",
        "values": [
          "/.static/ecmcontent/*",
          "/account/check-verification-link.html*",
          "/account/keyrewards/key-credit-rewards.json",
          "/account/login.html*",
          "/account/verification.html*",
          "/aos/*",
          "/aos/special-sale/*",
          "/apple-pay/generate-session.json",
          "/cacheable/availability/getDeliveryInformationByPostalCode.json",
          "/customer-service/b2b-order-history.html*",
          "/customer-service/driver-release/*",
          "/m/account/.info/summary.html",
          "/m/account/login.html*",
          "/m/aos/*",
          "/m/aos/special-sale/*",
          "/m/customer-service/charge-details/*",
          "/m/products/getScene7Url.json",
          "/m/promotion/eligibility/group/*",
          "/m/search/stores.json",
          "/m/shopping-cart/*",
          "/m/stores*",
          "/nativeapp/*",
          "/order-servicing/.info/summary.html",
          "/phygital/.info/summary.html",
          "/products/getScene7Url.json",
          "/promotion/eligibility/group/*",
          "/registry/.info/summary.html",
          "/search/stores.json",
          "/shopping-cart/*",
          "/stores*"
        ],
        "exclude_common_values": [
          "/account/login.html",
          "/account/migrationStatus.html",
          "/account/passwordRequirementsChange.html",
          "/account/svc*",
          "/m/account/login.html",
          "/m/account/migrationStatus.html",
          "/m/account/passwordRequirementsChange.html",
          "/m/account/svc*",
          "/order-servicing/*",
          "/pages/homepage-test/",
          "/pages/kids/"
        ]
      }
    },
    {
      "name": "path",
      "options": {
        "matchCaseSensitive": false,
        "matchOperator": "DOES_NOT_MATCH_ONE_OF",
        "values": [
          "/account/not-me.html",
          "/cacheable/availability/getDeliveryInformationByPostalCode.json",
          "/customer-service/popup/communication-preferences.html*",
          "/customer-service/popup/communications-preferences-thank-you.html*",
          "/m/customer-service/confirm-mobile-email-signup.html*",
          "/m/products/getDeliveryInformation.json",
          "/m/products/getPostalCodeCookie.json",
          "/pages/fragments/*",
          "/pages/overlay/*",
          "/pages/popups/*",
          "/pages/xbrand-rows/*",
          "/svc/recommendation/*"
        ],
        "exclude_common_values": [
          "/customer-service/coreemail.html",
          "/customer-service/shipping-info.html",
          "/customer-service/shipping-info/",
          "/m/customer-service/shipping-info/",
          "/m/pages/xbrand-rows/",
          "/m/products/getScene7Url.json",
          "/pages/xbrand-rows/",
          "/products/*/pip-print.html"
        ]
      }
    }
  ],
  "behaviors": [
    {
      "name": "origin",
      "options": {
        "hostname": "uat.origin-svc.markandgraham.com"
      }
    },
    {
      "name": "rewriteUrl",
      "options": {
        "behavior": "PREPEND",
        "keepQueryString": true,
        "targetPathPrepend": "/{{builtin.AK_DOMAIN}}/"
      }
    }
  ]
}
