{
  "children": [
    {
      "behaviors": [
        {
          "name": "cpCode",
          "options": {
            "value": {
              "cpCodeLimits": {
                "currentCapacity": 17,
                "limit": 366,
                "limitType": "account"
              },
              "createdDate": 1648059899000,
              "description": "RJ Test images",
              "id": 1310216,
              "name": "RJ Test images",
              "products": [
                "SPM"
              ]
            }
          }
        }
      ],
      "criteria": [
        {
          "name": "path",
          "options": {
            "matchCaseSensitive": false,
            "matchOperator": "MATCHES_ONE_OF",
            "normalize": false,
            "values": [
              "/rjimgs/*"
            ]
          }
        }
      ],
      "name": "/rjimgs/*",
      "options": {},
      "criteriaMustSatisfy": "all"
    },
    {
      "children": [
        {
          "behaviors": [
            {
              "name": "cpCode",
              "options": {
                "value": {
                  "cpCodeLimits": null,
                  "createdDate": 1153164443000,
                  "description": "PT Test images",
                  "id": 26875,
                  "name": "PT Test images",
                  "products": [
                    "SPM"
                  ]
                }
              }
            }
          ],
          "criteria": [
            {
              "name": "path",
              "options": {
                "matchCaseSensitive": false,
                "matchOperator": "MATCHES_ONE_OF",
                "normalize": false,
                "values": [
                  "/ptimgs/*"
                ]
              }
            }
          ],
          "name": "/ptimgs/*",
          "options": {},
          "criteriaMustSatisfy": "all"
        },
        {
          "behaviors": [
            {
              "name": "cpCode",
              "options": {
                "value": {
                  "cpCodeLimits": {
                    "currentCapacity": 17,
                    "limit": 366,
                    "limitType": "account"
                  },
                  "createdDate": 1648059899000,
                  "description": "RJ Test images",
                  "id": 1310216,
                  "name": "RJ Test images",
                  "products": [
                    "SPM"
                  ]
                }
              }
            }
          ],
          "criteria": [
            {
              "name": "path",
              "options": {
                "matchCaseSensitive": false,
                "matchOperator": "MATCHES_ONE_OF",
                "normalize": false,
                "values": [
                  "/rjimgs/*"
                ]
              }
            }
          ],
          "name": "/rjimgs/*",
          "options": {},
          "criteriaMustSatisfy": "all"
        },
        {
          "behaviors": [
            {
              "name": "cpCode",
              "options": {
                "value": {
                  "cpCodeLimits": null,
                  "createdDate": 1153164442000,
                  "description": "PK Test images",
                  "id": 26871,
                  "name": "PK Test images",
                  "products": [
                    "SPM"
                  ]
                }
              }
            }
          ],
          "criteria": [
            {
              "name": "path",
              "options": {
                "matchCaseSensitive": false,
                "matchOperator": "MATCHES_ONE_OF",
                "normalize": false,
                "values": [
                  "/pkimgs/*"
                ]
              }
            }
          ],
          "name": "/pkimgs/*",
          "options": {},
          "criteriaMustSatisfy": "all"
        },
        {
          "behaviors": [
            {
              "name": "cpCode",
              "options": {
                "value": {
                  "id": 26863
                }
              }
            }
          ],
          "criteria": [
            {
              "name": "path",
              "options": {
                "matchCaseSensitive": false,
                "matchOperator": "MATCHES_ONE_OF",
                "normalize": false,
                "values": [
                  "/wsimgs/*"
                ]
              }
            }
          ],
          "name": "/wsimgs/*",
          "options": {},
          "criteriaMustSatisfy": "all"
        },
        {
          "behaviors": [
            {
              "name": "cpCode",
              "options": {
                "value": {
                  "id": 26859
                }
              }
            }
          ],
          "criteria": [
            {
              "name": "path",
              "options": {
                "matchCaseSensitive": false,
                "matchOperator": "MATCHES_ONE_OF",
                "normalize": false,
                "values": [
                  "/whimgs/*"
                ]
              }
            }
          ],
          "name": "/whimgs/*",
          "options": {},
          "criteriaMustSatisfy": "all"
        },
        {
          "behaviors": [
            {
              "name": "cpCode",
              "options": {
                "value": {
                  "id": 74066
                }
              }
            }
          ],
          "criteria": [
            {
              "name": "path",
              "options": {
                "matchCaseSensitive": false,
                "matchOperator": "MATCHES_ONE_OF",
                "normalize": false,
                "values": [
                  "/weimgs/*"
                ]
              }
            }
          ],
          "name": "/weimgs/*",
          "options": {},
          "criteriaMustSatisfy": "all"
        }
      ],
      "criteria": [
        {
          "name": "hostname",
          "options": {
            "matchOperator": "IS_ONE_OF",
            "values": [
              "secure.dev.rejuvenation.com",
              "www.dev.rejuvenation.com"
            ]
          }
        }
      ],
      "name": "Host: secure.dev.potterybarnkids.com www.dev.potterybarnkids.com",
      "options": {},
      "criteriaMustSatisfy": "all"
    },
    {
      "behaviors": [
        {
          "name": "cpCode",
          "options": {
            "value": {
              "cpCodeLimits": {
                "currentCapacity": 16,
                "limit": 366,
                "limitType": "account"
              },
              "createdDate": 1648059936000,
              "description": "RJ - TEST products",
              "id": 1310217,
              "name": "RJ - TEST products",
              "products": [
                "SPM"
              ]
            }
          }
        }
      ],
      "criteria": [
        {
          "name": "path",
          "options": {
            "matchCaseSensitive": false,
            "matchOperator": "MATCHES_ONE_OF",
            "normalize": false,
            "values": [
              "/products/*",
              "/m/products/*",
              "/AEC/products/*",
              "/AEC/m/products*",
              "/AEC/SEO/products/*",
              "/AEC/SEO/m/products/*",
              "/.aecv1/products/*",
              "/.aecv1/m/products*",
              "/.aecv1/SEO/products/*",
              "/.aecv1/SEO/m/products/*"
            ]
          }
        }
      ],
      "name": "TEST products",
      "options": {},
      "templateLink": "/platformtoolkit/service/ruletemplate/146463462/1?accountId=1-J5YX\u0026gid=22415\u0026ck=19.5.5",
      "criteriaMustSatisfy": "all"
    },
    {
      "behaviors": [
        {
          "name": "cpCode",
          "options": {
            "value": {
              "cpCodeLimits": {
                "currentCapacity": 15,
                "limit": 366,
                "limitType": "account"
              },
              "createdDate": 1648059950000,
              "description": "RJ - TEST browse",
              "id": 1310218,
              "name": "RJ - TEST browse",
              "products": [
                "SPM"
              ]
            }
          }
        }
      ],
      "criteria": [
        {
          "name": "path",
          "options": {
            "matchCaseSensitive": false,
            "matchOperator": "MATCHES_ONE_OF",
            "normalize": false,
            "values": [
              "/shop/*",
              "/m/shop/*",
              "/AEC/shop/*",
              "/AEC/m/shop/*",
              "/AEC/SEO/shop/*",
              "/AEC/SEO/m/shop/*",
              "/m/cacheable/*",
              "/AEC/m/cachable/*",
              "/AEC/SEO/m/cacheable/*",
              "/shopping/*",
              "/m/shopping/*",
              "/AEC/shopping/*",
              "/AEC/m/shopping/*",
              "/AEC/SEO/shopping/*",
              "/AEC/SEO/m/shopping/*",
              "/search/*",
              "/m/search/*",
              "/AEC/search/*",
              "/AEC/SEO/search/*",
              "/AEC/m/search/*",
              "/AEC/SEO/m/search/*",
              "/promotion/*",
              "/AEC/promotion/*",
              "/AEC/SEO/promotion/*",
              "/pages/*",
              "/m/pages/*",
              "/AEC/pages/*",
              "/AEC/m/pages/*",
              "/AEC/SEO/pages/*",
              "/AEC/SEO/m/pages/*",
              "/storepickup/*",
              "/AEC/storepickup/*",
              "/AEC/SEO/storepickup/*",
              "/services/*",
              "/AEC/riaservices/catalog/*",
              "/AEC/services/catalog/*",
              "/recipe/*",
              "/m/recipe/*",
              "/AEC/recipe/*",
              "/AEC/m/recipe/*",
              "/AEC/SEO/recipe/*",
              "/AEC/SEO/m/recipe/*",
              "/.aecv1/shop/*",
              "/.aecv1/m/shop/*",
              "/.aecv1/SEO/shop/*",
              "/.aecv1/SEO/m/shop/*",
              "/.aecv1/m/cachable/*",
              "/.aecv1/SEO/m/cacheable/*",
              "/.aecv1/shopping/*",
              "/.aecv1/m/shopping/*",
              "/.aecv1/SEO/shopping/*",
              "/.aecv1/SEO/m/shopping/*",
              "/.aecv1/search/*",
              "/.aecv1/SEO/search/*",
              "/.aecv1/m/search/*",
              "/.aecv1/SEO/m/search/*",
              "/.aecv1/promotion/*",
              "/.aecv1/SEO/promotion/*",
              "/.aecv1/pages/*",
              "/.aecv1/m/pages/*",
              "/.aecv1/SEO/pages/*",
              "/.aecv1/SEO/m/pages/*",
              "/.aecv1/storepickup/*",
              "/.aecv1/SEO/storepickup/*",
              "/.aecv1/riaservices/catalog/*",
              "/.aecv1/services/catalog/*",
              "/.aecv1/recipe/*",
              "/.aecv1/m/recipe/*",
              "/.aecv1/SEO/recipe/*",
              "/.aecv1/SEO/m/recipe/*"
            ]
          }
        }
      ],
      "name": "TEST browse",
      "options": {},
      "templateLink": "/platformtoolkit/service/ruletemplate/146463462/1?accountId=1-J5YX\u0026gid=22415\u0026ck=19.5.5",
      "criteriaMustSatisfy": "all"
    },
    {
      "behaviors": [
        {
          "name": "cpCode",
          "options": {
            "value": {
              "cpCodeLimits": {
                "currentCapacity": 14,
                "limit": 366,
                "limitType": "account"
              },
              "createdDate": 1648059969000,
              "description": "RJ – TEST transactions",
              "id": 1310219,
              "name": "RJ – TEST transactions",
              "products": [
                "SPM"
              ]
            }
          }
        }
      ],
      "criteria": [
        {
          "name": "path",
          "options": {
            "matchCaseSensitive": false,
            "matchOperator": "MATCHES_ONE_OF",
            "normalize": false,
            "values": [
              "/account/*",
              "/registry/*",
              "/favorites/*",
              "/loyalty/*",
              "/personalization/*",
              "/m/personalization/*",
              "/svc/*",
              "/customer-service/*",
              "/checkout/*",
              "/m/checkout/*",
              "/creditcard/*",
              "/plcc/*",
              "/shoppingcart/*",
              "/m/shoppingcart/*"
            ]
          }
        }
      ],
      "name": "TEST transactions",
      "options": {},
      "templateLink": "/platformtoolkit/service/ruletemplate/146463462/1?accountId=1-J5YX\u0026gid=22415\u0026ck=19.5.5",
      "criteriaMustSatisfy": "all"
    },
    {
      "behaviors": [
        {
          "name": "cpCode",
          "options": {
            "value": {
              "cpCodeLimits": {
                "currentCapacity": 13,
                "limit": 366,
                "limitType": "account"
              },
              "createdDate": 1648059982000,
              "description": "RJ – TEST netstorage",
              "id": 1310220,
              "name": "RJ – TEST netstorage",
              "products": [
                "SPM"
              ]
            }
          }
        }
      ],
      "criteria": [
        {
          "name": "path",
          "options": {
            "matchCaseSensitive": false,
            "matchOperator": "MATCHES_ONE_OF",
            "normalize": false,
            "values": [
              "/netstorage/*",
              "/netstorage/css/*",
              "/netstorage/images/*"
            ]
          }
        }
      ],
      "name": "TEST netstorage",
      "options": {},
      "templateLink": "/platformtoolkit/service/ruletemplate/146463462/1?accountId=1-J5YX\u0026gid=22415\u0026ck=19.5.5",
      "criteriaMustSatisfy": "all"
    }
  ],
  "name": "CP Codes",
  "options": {},
  "criteriaMustSatisfy": "all"
}