{
  "behaviors": [
    {
      "name": "customBehavior",
      "options": {
        "behaviorId": "cbe_350305593"
      }
    }
  ],
  "criteria": [
    {
      "name": "hostname",
      "options": {
        "matchOperator": "IS_NOT_ONE_OF",
        "values": [
          "dummy.hostname.rj"
        ]
      }
    },
    {
      "name": "path",
      "options": {
        "matchCaseSensitive": false,
        "matchOperator": "DOES_NOT_MATCH_ONE_OF",
        "normalize": false,
        "values": [
          "/shopping/*"
        ]
      }
    }
  ],
  "name": "File not found errors from origin",
  "options": {},
  "templateLink": "/platformtoolkit/service/ruletemplate/347604368/1?accountId=1-J5YX\u0026gid=22415\u0026ck=22.8.8",
  "criteriaMustSatisfy": "all"
}