{
  "behaviors": [
    {
      "name": "mPulse",
      "options": {
        "apiKey": "",
        "bufferSize": "",
        "configOverride": "",
        "enabled": true,
        "loaderVersion": "V10",
        "requirePci": false,
        "titleOptional": ""
      }
    }
  ],
  "criteria": [
    {
      "name": "hostname",
      "options": {
        "matchOperator": "IS_ONE_OF",
        "values": [
          "*uat*",
          "*perf*"
        ]
      }
    }
  ],
  "name": "mPulse",
  "options": {},
  "criteriaMustSatisfy": "all"
}