{
  "behaviors": [
    {
      "name": "cpCode",
      "options": {
        "value": {
          "cpCodeLimits": null,
          "createdDate": 1534454614000,
          "description": "TLSv1.0 qa.potterybarn.com",
          "id": 740556,
          "name": "TLSv1.0 qa.potterybarn.com",
          "products": [
            "SPM"
          ]
        }
      }
    },
    {
      "name": "downstreamCache",
      "options": {
        "behavior": "BUST"
      }
    }
  ],
  "children": [
    {
      "behaviors": [
        {
          "name": "failAction",
          "options": {
            "actionType": "RECREATED_CO",
            "contentCustomPath": true,
            "contentHostname": "{{builtin.AK_HOST}}",
            "contentPath": "/netstorage/TLS_error.html",
            "enabled": true,
            "preserveQueryString": false
          }
        }
      ],
      "criteria": [
        {
          "name": "fileExtension",
          "options": {
            "matchCaseSensitive": false,
            "matchOperator": "IS_NOT_ONE_OF",
            "values": [
              "css",
              "js",
              "json",
              "jpeg",
              "jpg",
              "gif",
              "png",
              "eot",
              "ttf",
              "woff"
            ]
          }
        },
        {
          "name": "path",
          "options": {
            "matchCaseSensitive": false,
            "matchOperator": "DOES_NOT_MATCH_ONE_OF",
            "normalize": false,
            "values": [
              "/netstorage/TLS_error.html"
            ]
          }
        }
      ],
      "name": "Failover",
      "options": {},
      "templateLink": "/platformtoolkit/service/ruletemplate/105012877/1?accountId=1-J5YX\u0026gid=22415\u0026ck=18.5.1",
      "criteriaMustSatisfy": "all"
    }
  ],
  "criteria": [
    {
      "name": "matchVariable",
      "options": {
        "matchCaseSensitive": true,
        "matchOperator": "IS_ONE_OF",
        "matchWildcard": false,
        "variableName": "PMUSER_TLSVERSION",
        "variableValues": [
          "tls1",
          "tls1.1"
        ]
      }
    },
    {
      "name": "requestType",
      "options": {
        "matchOperator": "IS",
        "value": "CLIENT_REQ"
      }
    }
  ],
  "name": "TLSv1.0/TLSv1.1 Disablement",
  "options": {},
  "templateLink": "/platformtoolkit/service/ruletemplate/105012877/1?accountId=1-J5YX\u0026gid=22415\u0026ck=18.5.1",
  "criteriaMustSatisfy": "all"
}