{
  "include": [
    "../../common/microservice.json"
  ],
  "name": "/shop/* /.delivery/* /.aecv1/* /.static/* /m/shop/*",
  "criteria": [
    {
      "name": "hostname",
      "options": {
        "matchOperator": "IS_ONE_OF",
        "values": [
          "integration.potterybarnkids.com"
        ]
      }
    },
    {
      "name": "path",
      "options": {
        "matchCaseSensitive": false,
        "matchOperator": "MATCHES_ONE_OF",
        "values": [
          "/.static/ecmcontent/*",
          "/account/check-verification-link.html*",
          "/account/svc/*",
          "/account/verification.html*",
          "/aos/special-sale/*",
          "/api/registry/v1/*",
          "/cacheable/availability/getDeliveryInformationByPostalCode.json",
          "/checkout/issue/*",
          "/customer-service/address-change/*",
          "/customer-service/catalog-request/*",
          "/customer-service/charge-details/*",
          "/customer-service/driver-release/*",
          "/customer-service/email-list/*",
          "/customer-service/email-preferences/*",
          "/customer-service/email-us/*",
          "/customer-service/gift-services/*",
          "/customer-service/international-email-list/*",
          "/customer-service/intl-order-tracking/*",
          "/customer-service/join-email-confirm.json",
          "/customer-service/list-order/*",
          "/customer-service/mailing-options/*",
          "/customer-service/order-inquiries/*",
          "/customer-service/order-shipment-tracking/*",
          "/customer-service/order-status/*",
          "/customer-service/popup/*",
          "/customer-service/return/*",
          "/m/account/svc/*",
          "/m/aos/special-sale/*",
          "/m/checkout/issue/*",
          "/m/customer-service/address-change/*",
          "/m/customer-service/catalog-request/*",
          "/m/customer-service/charge-details/*",
          "/m/customer-service/email-list/*",
          "/m/customer-service/email-preferences/*",
          "/m/customer-service/email-us/*",
          "/m/customer-service/international-email-list/*",
          "/m/customer-service/intl-order-tracking/*",
          "/m/customer-service/list-order/*",
          "/m/customer-service/mailing-options/*",
          "/m/customer-service/order-shipment-tracking/*",
          "/m/customer-service/order-tracking/*",
          "/m/customer-service/return/*",
          "/m/my-design-projects/*",
          "/m/nativeapp/*",
          "/m/registry/*/registry-list.html",
          "/m/registry/account-linking-search.html*",
          "/m/registry/find-registry.html*",
          "/m/registry/find.html*",
          "/m/registry/search-registry.html*",
          "/m/room/shop-by-room/*",
          "/m/stores*",
          "/my-design-projects/*",
          "/nativeapp/*",
          "/order-servicing/.info/summary.html",
          "/phygital/.info/summary.html",
          "/products/*/request-swatches.html",
          "/registry/*/registry-checklist.html*",
          "/room/shop-by-room/*"
        ],
        "exclude_common_values": [
          "/account/migrationStatus.html",
          "/account/passwordRequirementsChange.html",
          "/account/svc*",
          "/api/designer/v1/*",
          "/content/ecm/*",
          "/design-services/*",
          "/m/account/migrationStatus.html",
          "/m/account/passwordRequirementsChange.html",
          "/m/account/svc*",
          "/m/registry/*/registry-checklist.html",
          "/m/registry/*/registry-list.html*",
          "/m/registry/account-linking-search.html",
          "/m/registry/find-registry.html",
          "/m/registry/find.html",
          "/m/registry/search-registry.html",
          "/m/stores/*",
          "/my-design-projects/.api/*",
          "/nativeapp/.api/*",
          "/registry/*/registry-checklist.html",
          "/shopping/*",
          "/stores-pb/*",
          "/stores-pk/*",
          "/stores-pt/*"
        ]
      }
    },
    {
      "name": "path",
      "options": {
        "matchCaseSensitive": false,
        "matchOperator": "DOES_NOT_MATCH_ONE_OF",
        "values": [
          "/cacheable/availability/getDeliveryInformationByPostalCode.json",
          "/customer-service/popup/communications-preferences-thank-you.html*",
          "/m/pages/baby.html",
          "/m/products/getPostalCodeCookie.json",
          "/m/products/getScene7Url.json",
          "/m/registry/list.json",
          "/m/registry/manage-registry.html",
          "/products/getScene7Url.json",
          "/registry/list.json",
          "/registry/manage-registry.html"
        ],
        "exclude_common_values": [
          "/account/not-me.html",
          "/authenticate.html",
          "/customer-service/coreemail.html",
          "/customer-service/shipping-info.html",
          "/customer-service/shipping-info/",
          "/customer-service/show-join-email.jsonp",
          "/m/authenticate.html",
          "/m/customer-service/shipping-info/",
          "/m/pages/xbrand-landing/",
          "/m/pages/xbrand-rows/*",
          "/pages/baby.html",
          "/pages/xbrand-landing/",
          "/products/*/pip-print.html",
          "/products/*/request-swatches.html",
          "/svc/recommendation/*",
          "/trade-signin/shopnow.html"
        ]
      }
    }
  ],
  "behaviors": [
    {
      "name": "origin",
      "options": {
        "hostname": "qa.origin-svc.potterybarnkids.com"
      }
    },
    {
      "name": "rewriteUrl",
      "options": {
        "behavior": "PREPEND",
        "keepQueryString": true,
        "targetPathPrepend": "/int1.potterybarnkids.com/"
      }
    }
  ]
}