{
  "behaviors": [
    {
      "name": "redirect",
      "options": {
        "destinationHostname": "OTHER",
        "destinationHostnameOther": "quebec.westelm.ca",
        "destinationPath": "OTHER",
        "destinationPathOther": "/",
        "destinationProtocol": "HTTP",
        "mobileDefaultChoice": "DEFAULT",
        "queryString": "APPEND",
        "responseCode": 301
      }
    }
  ],
  "criteria": [
    {
      "name": "userLocation",
      "options": {
        "checkIps": "BOTH",
        "countryValues": [
          "CA"
        ],
        "field": "COUNTRY",
        "matchOperator": "IS_ONE_OF",
        "useOnlyFirstXForwardedForIp": false
      }
    },
    {
      "name": "matchAdvanced",
      "options": {
        "closeXml": "\u003c/match:client.edgescape2\u003e",
        "description": "match on Quebec region code",
        "openXml": "\u003cmatch:client.edgescape2 check-ips=\"both\" field=\"REGION_CODE\"\n      result=\"true\" use-headers=\"all\" value=\"QC\"\u003e"
      },
      "uuid": "f6a38f21-f21f-4ec1-8b1f-f1d7a6518b41",
      "templateUuid": "7d0680d7-b7be-4f1c-9924-165118236282"
    },
    {
      "name": "path",
      "options": {
        "matchCaseSensitive": false,
        "matchOperator": "MATCHES_ONE_OF",
        "normalize": false,
        "values": [
          "/"
        ]
      }
    }
  ],
  "name": "Canada Redirect",
  "options": {},
  "uuid": "009a6cd1-6503-4aed-a584-745e2b6cc18d",
  "templateLink": "/platformtoolkit/service/ruletemplate/121336552/1?accountId=1-J5YX\u0026gid=22415\u0026ck=18.9.0.2",
  "criteriaMustSatisfy": "all"
}