{
  "behaviors": [
    {
      "name": "setVariable",
      "options": {
        "caseSensitive": false,
        "globalSubstitution": false,
        "regex": "(.*)(.westelm.com)",
        "replacement": "$2",
        "transform": "SUBSTITUTE",
        "valueSource": "EXPRESSION",
        "variableName": "PMUSER_REWRITE_DOMAIN",
        "variableValue": "{{builtin.AK_DOMAIN}}"
      }
    },
    {
      "name": "advanced",
      "options": {
        "description": "",
        "xml": "\u003c!-- Rewrite the domain in cookies set by the origin --\u003e\n\u003cedgeservices:cookie.rewrite-set-cookie name=\"rewriteSetCookie\"\u003e\n  \u003cdomain\u003e%(PMUSER_REWRITE_DOMAIN)\u003c/domain\u003e\n  \u003cpath\u003e/\u003c/path\u003e\n  \u003cstatus\u003eon\u003c/status\u003e\n\u003c/edgeservices:cookie.rewrite-set-cookie\u003e"
      },
      "uuid": "deeec157-d70b-4e3b-87f6-39016f959227",
      "templateUuid": "e0dd6d63-e91d-4481-a04f-d3887312be33"
    }
  ],
  "criteria": [
    {
      "name": "hostname",
      "options": {
        "matchOperator": "IS_ONE_OF",
        "values": [
          "www.qa24.westelm.com"
        ]
      }
    }
  ],
  "name": "Cookie rewrite hostname",
  "options": {},
  "uuid": "9fce5aed-5c5c-41fb-9c6c-bce33c315f29",
  "templateLink": "/platformtoolkit/service/ruletemplate/37980273/1?accountId=1-J5YX\u0026gid=22415\u0026ck=16.6.1",
  "criteriaMustSatisfy": "all"
}