{
  "behaviors": [
    {
      "name": "modifyOutgoingResponseHeader",
      "options": {
        "action": "ADD",
        "headerValue": "www.mobile-beta.uat3.westelm.com",
        "standardAddHeaderName": "ACCESS_CONTROL_ALLOW_ORIGIN"
      }
    },
    {
      "name": "modifyOutgoingResponseHeader",
      "options": {
        "action": "ADD",
        "headerValue": "POST GET",
        "standardAddHeaderName": "ACCESS_CONTROL_ALLOW_METHODS"
      }
    },
    {
      "name": "modifyOutgoingResponseHeader",
      "options": {
        "action": "ADD",
        "customHeaderName": "Vary",
        "headerValue": "Origin",
        "standardAddHeaderName": "OTHER"
      }
    }
  ],
  "comments": "Setup CORS to allow www.mobile-beta.uat3.westelm.com",
  "criteria": [
    {
      "name": "hostname",
      "options": {
        "matchOperator": "IS_ONE_OF",
        "values": [
          "www.uat3.westelm.com"
        ]
      }
    },
    {
      "name": "path",
      "options": {
        "matchCaseSensitive": false,
        "matchOperator": "MATCHES_ONE_OF",
        "normalize": false,
        "values": [
          "/services/shoppingcart/v4/index.json"
        ]
      }
    }
  ],
  "name": "CORS for www.mobile-beta.uat3.westelm.com",
  "options": {},
  "criteriaMustSatisfy": "all"
}