{
  "children": [
    {
      "behaviors": [
        {
          "name": "cpCode",
          "options": {
            "value": {
              "id": 74066
            }
          }
        }
      ],
      "criteria": [
        {
          "name": "path",
          "options": {
            "matchCaseSensitive": false,
            "matchOperator": "MATCHES_ONE_OF",
            "normalize": false,
            "values": [
              "/weimgs/*"
            ]
          }
        }
      ],
      "name": "/weimgs/*",
      "options": {},
      "criteriaMustSatisfy": "all"
    },
    {
      "children": [
        {
          "behaviors": [
            {
              "name": "cpCode",
              "options": {
                "value": {
                  "id": 26875
                }
              }
            }
          ],
          "criteria": [
            {
              "name": "path",
              "options": {
                "matchCaseSensitive": false,
                "matchOperator": "MATCHES_ONE_OF",
                "normalize": false,
                "values": [
                  "/ptimgs/*"
                ]
              }
            }
          ],
          "name": "/ptimgs/*",
          "options": {},
          "criteriaMustSatisfy": "all"
        },
        {
          "behaviors": [
            {
              "name": "cpCode",
              "options": {
                "value": {
                  "id": 26867
                }
              }
            }
          ],
          "criteria": [
            {
              "name": "path",
              "options": {
                "matchCaseSensitive": false,
                "matchOperator": "MATCHES_ONE_OF",
                "normalize": false,
                "values": [
                  "/pbimgs/*"
                ]
              }
            }
          ],
          "name": "/pbimgs/*",
          "options": {},
          "criteriaMustSatisfy": "all"
        },
        {
          "behaviors": [
            {
              "name": "cpCode",
              "options": {
                "value": {
                  "id": 26871
                }
              }
            }
          ],
          "criteria": [
            {
              "name": "path",
              "options": {
                "matchCaseSensitive": false,
                "matchOperator": "MATCHES_ONE_OF",
                "normalize": false,
                "values": [
                  "/pkimgs/*"
                ]
              }
            }
          ],
          "name": "/pkimgs/*",
          "options": {},
          "criteriaMustSatisfy": "all"
        },
        {
          "behaviors": [
            {
              "name": "cpCode",
              "options": {
                "value": {
                  "id": 26863
                }
              }
            }
          ],
          "criteria": [
            {
              "name": "path",
              "options": {
                "matchCaseSensitive": false,
                "matchOperator": "MATCHES_ONE_OF",
                "normalize": false,
                "values": [
                  "/wsimgs/*"
                ]
              }
            }
          ],
          "name": "/wsimgs/*",
          "options": {},
          "criteriaMustSatisfy": "all"
        },
        {
          "behaviors": [
            {
              "name": "cpCode",
              "options": {
                "value": {
                  "id": 26859
                }
              }
            }
          ],
          "criteria": [
            {
              "name": "path",
              "options": {
                "matchCaseSensitive": false,
                "matchOperator": "MATCHES_ONE_OF",
                "normalize": false,
                "values": [
                  "/whimgs/*"
                ]
              }
            }
          ],
          "name": "/whimgs/*",
          "options": {},
          "criteriaMustSatisfy": "all"
        }
      ],
      "criteria": [
        {
          "name": "hostname",
          "options": {
            "matchOperator": "IS_ONE_OF",
            "values": [
              "secure.dev.westelm.com",
              "www.dev.westelm.com"
            ]
          }
        }
      ],
      "name": "Host: secure.dev.westelm.com www.dev.westelm.com",
      "options": {},
      "criteriaMustSatisfy": "all"
    },
    {
      "behaviors": [
        {
          "name": "cpCode",
          "options": {
            "value": {
              "cpCodeLimits": {
                "currentCapacity": 166,
                "limit": 366,
                "limitType": "account"
              },
              "createdDate": 1563385003000,
              "description": "westelm - TEST products",
              "id": 874059,
              "name": "westelm - TEST products",
              "products": [
                "SPM"
              ]
            }
          }
        }
      ],
      "criteria": [
        {
          "name": "path",
          "options": {
            "matchCaseSensitive": false,
            "matchOperator": "MATCHES_ONE_OF",
            "normalize": false,
            "values": [
              "/products/*",
              "/m/products/*",
              "/AEC/products/*",
              "/AEC/m/products*",
              "/AEC/SEO/products/*",
              "/AEC/SEO/m/products/*",
              "/.aecv1/products/*",
              "/.aecv1/m/products*",
              "/.aecv1/SEO/products/*",
              "/.aecv1/SEO/m/products/*"
            ]
          }
        }
      ],
      "name": "TEST products",
      "options": {},
      "templateLink": "/platformtoolkit/service/ruletemplate/146463462/1?accountId=1-J5YX\u0026gid=22415\u0026ck=19.5.5",
      "criteriaMustSatisfy": "all"
    },
    {
      "behaviors": [
        {
          "name": "cpCode",
          "options": {
            "value": {
              "cpCodeLimits": {
                "currentCapacity": 165,
                "limit": 366,
                "limitType": "account"
              },
              "createdDate": 1563385019000,
              "description": "westelm - TEST browse",
              "id": 874060,
              "name": "westelm - TEST browse",
              "products": [
                "SPM"
              ]
            }
          }
        }
      ],
      "criteria": [
        {
          "name": "path",
          "options": {
            "matchCaseSensitive": false,
            "matchOperator": "MATCHES_ONE_OF",
            "normalize": false,
            "values": [
              "/shop/*",
              "/m/shop/*",
              "/AEC/shop/*",
              "/AEC/m/shop/*",
              "/AEC/SEO/shop/*",
              "/AEC/SEO/m/shop/*",
              "/m/cacheable/*",
              "/AEC/m/cachable/*",
              "/AEC/SEO/m/cacheable/*",
              "/shopping/*",
              "/m/shopping/*",
              "/AEC/shopping/*",
              "/AEC/m/shopping/*",
              "/AEC/SEO/shopping/*",
              "/AEC/SEO/m/shopping/*",
              "/search/*",
              "/m/search/*",
              "/AEC/search/*",
              "/AEC/SEO/search/*",
              "/AEC/m/search/*",
              "/AEC/SEO/m/search/*",
              "/promotion/*",
              "/AEC/promotion/*",
              "/AEC/SEO/promotion/*",
              "/pages/*",
              "/m/pages/*",
              "/AEC/pages/*",
              "/AEC/m/pages/*",
              "/AEC/SEO/pages/*",
              "/AEC/SEO/m/pages/*",
              "/storepickup/*",
              "/AEC/storepickup/*",
              "/AEC/SEO/storepickup/*",
              "/services/*",
              "/AEC/riaservices/catalog/*",
              "/AEC/services/catalog/*",
              "/recipe/*",
              "/m/recipe/*",
              "/AEC/recipe/*",
              "/AEC/m/recipe/*",
              "/AEC/SEO/recipe/*",
              "/AEC/SEO/m/recipe/*",
              "/.aecv1/shop/*",
              "/.aecv1/m/shop/*",
              "/.aecv1/SEO/shop/*",
              "/.aecv1/SEO/m/shop/*",
              "/.aecv1/m/cachable/*",
              "/.aecv1/SEO/m/cacheable/*",
              "/.aecv1/shopping/*",
              "/.aecv1/m/shopping/*",
              "/.aecv1/SEO/shopping/*",
              "/.aecv1/SEO/m/shopping/*",
              "/.aecv1/search/*",
              "/.aecv1/SEO/search/*",
              "/.aecv1/m/search/*",
              "/.aecv1/SEO/m/search/*",
              "/.aecv1/promotion/*",
              "/.aecv1/SEO/promotion/*",
              "/.aecv1/pages/*",
              "/.aecv1/m/pages/*",
              "/.aecv1/SEO/pages/*",
              "/.aecv1/SEO/m/pages/*",
              "/.aecv1/storepickup/*",
              "/.aecv1/SEO/storepickup/*",
              "/.aecv1/riaservices/catalog/*",
              "/.aecv1/services/catalog/*",
              "/.aecv1/recipe/*",
              "/.aecv1/m/recipe/*",
              "/.aecv1/SEO/recipe/*",
              "/.aecv1/SEO/m/recipe/*"
            ]
          }
        }
      ],
      "name": "TEST browse",
      "options": {},
      "templateLink": "/platformtoolkit/service/ruletemplate/146463462/1?accountId=1-J5YX\u0026gid=22415\u0026ck=19.5.5",
      "criteriaMustSatisfy": "all"
    },
    {
      "behaviors": [
        {
          "name": "cpCode",
          "options": {
            "value": {
              "cpCodeLimits": {
                "currentCapacity": 164,
                "limit": 366,
                "limitType": "account"
              },
              "createdDate": 1563385038000,
              "description": "westelm - TEST transactions",
              "id": 874061,
              "name": "westelm - TEST transactions",
              "products": [
                "SPM"
              ]
            }
          }
        }
      ],
      "criteria": [
        {
          "name": "path",
          "options": {
            "matchCaseSensitive": false,
            "matchOperator": "MATCHES_ONE_OF",
            "normalize": false,
            "values": [
              "/account/*",
              "/registry/*",
              "/favorites/*",
              "/loyalty/*",
              "/personalization/*",
              "/m/personalization/*",
              "/svc/*",
              "/customer-service/*",
              "/checkout/*",
              "/m/checkout/*",
              "/creditcard/*",
              "/plcc/*",
              "/shoppingcart/*",
              "/m/shoppingcart/*"
            ]
          }
        }
      ],
      "name": "TEST transactions",
      "options": {},
      "templateLink": "/platformtoolkit/service/ruletemplate/146463462/1?accountId=1-J5YX\u0026gid=22415\u0026ck=19.5.5",
      "criteriaMustSatisfy": "all"
    },
    {
      "behaviors": [
        {
          "name": "cpCode",
          "options": {
            "value": {
              "cpCodeLimits": {
                "currentCapacity": 163,
                "limit": 366,
                "limitType": "account"
              },
              "createdDate": 1563385057000,
              "description": "westelm - TEST netstorage",
              "id": 874062,
              "name": "westelm - TEST netstorage",
              "products": [
                "SPM"
              ]
            }
          }
        }
      ],
      "criteria": [
        {
          "name": "path",
          "options": {
            "matchCaseSensitive": false,
            "matchOperator": "MATCHES_ONE_OF",
            "normalize": false,
            "values": [
              "/netstorage/*",
              "/netstorage/css/*",
              "/netstorage/images/*"
            ]
          }
        }
      ],
      "name": "TEST netstorage",
      "options": {},
      "templateLink": "/platformtoolkit/service/ruletemplate/146463462/1?accountId=1-J5YX\u0026gid=22415\u0026ck=19.5.5",
      "criteriaMustSatisfy": "all"
    }
  ],
  "name": "CP Codes",
  "options": {},
  "criteriaMustSatisfy": "all"
}