{
  "behaviors": [
    {
      "name": "setVariable",
      "options": {
        "transform": "NONE",
        "valueSource": "EXPRESSION",
        "variableName": "PMUSER_DEVICE_TYPE",
        "variableValue": "mobile"
      }
    }
  ],
  "children": [
    {
      "behaviors": [
        {
          "name": "setVariable",
          "options": {
            "transform": "NONE",
            "valueSource": "EXPRESSION",
            "variableName": "PMUSER_DEVICE_TYPE",
            "variableValue": "desktop"
          }
        }
      ],
      "criteria": [
        {
          "name": "deviceCharacteristic",
          "options": {
            "booleanValue": true,
            "characteristic": "IS_TABLET"
          }
        }
      ],
      "name": "Exclude Tablets",
      "options": {},
      "criteriaMustSatisfy": "all"
    }
  ],
  "criteria": [
    {
      "name": "deviceCharacteristic",
      "options": {
        "booleanValue": true,
        "characteristic": "IS_MOBILE"
      }
    }
  ],
  "name": "Device Characteristics",
  "options": {},
  "criteriaMustSatisfy": "all"
}