{
  "children": [
    {
      "behaviors": [
        {
          "name": "edgeScape",
          "options": {
            "enabled": true
          }
        },
        {
          "name": "edgeSideIncludes",
          "options": {
            "detectInjection": false,
            "enableViaHttp": false,
            "enabled": true,
            "i18nStatus": false,
            "passClientIp": false,
            "passSetCookie": false
          }
        },
        {
          "name": "advanced",
          "options": {
            "description": "display-processing-time",
            "xml": "\u003cedgecomputing:display-processing-time\u003eon\u003c/edgecomputing:display-processing-time\u003e"
          },
          "uuid": "a8cec4a2-ce9d-462f-a101-21de8acf6662"
        }
      ],
      "criteria": [
        {
          "name": "filename",
          "options": {
            "matchCaseSensitive": true,
            "matchOperator": "IS_ONE_OF",
            "values": [
              "EMPTY_STRING"
            ]
          }
        }
      ],
      "name": "Default File",
      "options": {},
      "uuid": "3daf2d8d-3c17-4a83-97c5-ff8312d263a3",
      "criteriaMustSatisfy": "all"
    },
    {
      "behaviors": [
        {
          "name": "edgeScape",
          "options": {
            "enabled": true
          }
        },
        {
          "name": "edgeSideIncludes",
          "options": {
            "detectInjection": false,
            "enableViaHttp": false,
            "enabled": true,
            "i18nStatus": false,
            "passClientIp": false,
            "passSetCookie": false
          }
        }
      ],
      "criteria": [
        {
          "name": "path",
          "options": {
            "matchCaseSensitive": false,
            "matchOperator": "MATCHES_ONE_OF",
            "normalize": false,
            "values": [
              "/*"
            ]
          }
        },
        {
          "name": "fileExtension",
          "options": {
            "matchCaseSensitive": false,
            "matchOperator": "IS_ONE_OF",
            "values": [
              "json",
              "xml",
              "html"
            ]
          }
        },
        {
          "name": "path",
          "options": {
            "matchCaseSensitive": false,
            "matchOperator": "DOES_NOT_MATCH_ONE_OF",
            "normalize": false,
            "values": [
              "/services/catalog/v5/*",
              "/itpm*"
            ]
          }
        }
      ],
      "name": "/*",
      "options": {},
      "criteriaMustSatisfy": "all"
    }
  ],
  "name": "Edge Side Include (ESI) Processing Rules",
  "options": {},
  "uuid": "ea3add45-f098-41bf-9f0d-a24a0a51f57e",
  "criteriaMustSatisfy": "all"
}