{
  "children": [
    {
      "behaviors": [
        {
          "name": "setVariable",
          "options": {
            "extractLocation": "EDGESCAPE",
            "locationId": "COUNTRY_CODE",
            "transform": "NONE",
            "valueSource": "EXTRACT",
            "variableName": "PMUSER_COUNTRY_CODE"
          }
        },
        {
          "name": "setVariable",
          "options": {
            "extractLocation": "EDGESCAPE",
            "locationId": "REGION_CODE",
            "transform": "NONE",
            "valueSource": "EXTRACT",
            "variableName": "PMUSER_REGION_CODE"
          }
        },
        {
          "name": "setVariable",
          "options": {
            "endIndex": "5",
            "extractLocation": "EDGESCAPE",
            "locationId": "ZIP",
            "startIndex": "0",
            "transform": "SUBSTRING",
            "valueSource": "EXTRACT",
            "variableName": "PMUSER_ZIP_CODE"
          }
        },
        {
          "name": "setVariable",
          "options": {
            "extractLocation": "EDGESCAPE",
            "locationId": "LAT",
            "transform": "NONE",
            "valueSource": "EXTRACT",
            "variableName": "PMUSER_LAT"
          }
        },
        {
          "name": "setVariable",
          "options": {
            "extractLocation": "EDGESCAPE",
            "locationId": "LONG",
            "transform": "NONE",
            "valueSource": "EXTRACT",
            "variableName": "PMUSER_LONG"
          }
        },
        {
          "name": "setVariable",
          "options": {
            "transform": "NONE",
            "valueSource": "EXPRESSION",
            "variableName": "PMUSER_EDGESCAPE_DATA",
            "variableValue": "{{user.PMUSER_COUNTRY_CODE}}|{{user.PMUSER_REGION_CODE}}|{{user.PMUSER_ZIP_CODE}}|{{user.PMUSER_LAT}}|{{user.PMUSER_LONG}}"
          }
        },
        {
          "name": "advanced",
          "options": {
            "description": "Set Response Cookie",
            "xml": "\u003cedgeservices:cookie.set-fixed name=\"WSGEO\"\u003e\n    \u003cvalue\u003e%(PMUSER_EDGESCAPE_DATA)\u003c/value\u003e\n    \u003cstatus\u003eon\u003c/status\u003e\n    \u003cdomain\u003e%(AK_HOST)\u003c/domain\u003e\n    \u003cpath\u003e/\u003c/path\u003e\n    \u003cexpires\u003e1h\u003c/expires\u003e\n    \u003cname\u003eWSGEO\u003c/name\u003e\n    \u003csecure\u003eon\u003c/secure\u003e\n\u003c/edgeservices:cookie.set-fixed\u003e"
          },
          "uuid": "6e294cb4-2c68-4b66-b1d7-40ab642171b8",
          "templateUuid": "630876a6-d4fc-4227-8b3a-f784175d68cd"
        }
      ],
      "criteria": [
        {
          "name": "requestCookie",
          "options": {
            "cookieName": "WSGEO",
            "matchCaseSensitiveName": false,
            "matchOperator": "DOES_NOT_EXIST",
            "matchWildcardName": false
          }
        }
      ],
      "name": "W/O Geo Cookie",
      "options": {},
      "uuid": "0f1c7a07-01bc-4826-9723-3a244a441cec",
      "templateLink": "/platformtoolkit/service/ruletemplate/187541178/1?accountId=1-J5YX\u0026gid=22415\u0026ck=20.4.1",
      "criteriaMustSatisfy": "all"
    },
    {
      "behaviors": [
        {
          "name": "setVariable",
          "options": {
            "cookieName": "WSGEO",
            "extractLocation": "COOKIE",
            "transform": "NONE",
            "valueSource": "EXTRACT",
            "variableName": "PMUSER_INCOMING_GEODATA"
          }
        },
        {
          "name": "setVariable",
          "options": {
            "extractLocation": "EDGESCAPE",
            "locationId": "COUNTRY_CODE",
            "transform": "NONE",
            "valueSource": "EXTRACT",
            "variableName": "PMUSER_COUNTRY_CODE"
          }
        },
        {
          "name": "setVariable",
          "options": {
            "extractLocation": "EDGESCAPE",
            "locationId": "REGION_CODE",
            "transform": "NONE",
            "valueSource": "EXTRACT",
            "variableName": "PMUSER_REGION_CODE"
          }
        },
        {
          "name": "setVariable",
          "options": {
            "endIndex": "5",
            "extractLocation": "EDGESCAPE",
            "locationId": "ZIP",
            "startIndex": "0",
            "transform": "SUBSTRING",
            "valueSource": "EXTRACT",
            "variableName": "PMUSER_ZIP_CODE"
          }
        },
        {
          "name": "setVariable",
          "options": {
            "extractLocation": "EDGESCAPE",
            "locationId": "LAT",
            "transform": "NONE",
            "valueSource": "EXTRACT",
            "variableName": "PMUSER_LAT"
          }
        },
        {
          "name": "setVariable",
          "options": {
            "extractLocation": "EDGESCAPE",
            "locationId": "LONG",
            "transform": "NONE",
            "valueSource": "EXTRACT",
            "variableName": "PMUSER_LONG"
          }
        },
        {
          "name": "setVariable",
          "options": {
            "transform": "NONE",
            "valueSource": "EXPRESSION",
            "variableName": "PMUSER_EDGESCAPE_DATA",
            "variableValue": "{{user.PMUSER_COUNTRY_CODE}}|{{user.PMUSER_REGION_CODE}}|{{user.PMUSER_ZIP_CODE}}|{{user.PMUSER_LAT}}|{{user.PMUSER_LONG}}"
          }
        }
      ],
      "children": [
        {
          "behaviors": [
            {
              "name": "advanced",
              "options": {
                "description": "Set Response Cookie",
                "xml": "\u003cedgeservices:cookie.set-fixed name=\"WSGEO\"\u003e\n    \u003cvalue\u003e%(PMUSER_EDGESCAPE_DATA)\u003c/value\u003e\n    \u003cstatus\u003eon\u003c/status\u003e\n    \u003cdomain\u003e%(AK_HOST)\u003c/domain\u003e\n    \u003cpath\u003e/\u003c/path\u003e\n    \u003cexpires\u003e1h\u003c/expires\u003e\n    \u003cname\u003eWSGEO\u003c/name\u003e\n    \u003csecure\u003eon\u003c/secure\u003e\n\u003c/edgeservices:cookie.set-fixed\u003e"
              },
              "uuid": "015565cd-a5f3-4f9f-a3e5-6663f1cbf2bf",
              "templateUuid": "f1603315-68ca-4af9-a243-03bc1c27a0d6"
            }
          ],
          "criteria": [
            {
              "name": "matchVariable",
              "options": {
                "matchCaseSensitive": true,
                "matchOperator": "IS_NOT",
                "matchWildcard": false,
                "variableExpression": "{{user.PMUSER_EDGESCAPE_DATA}}",
                "variableName": "PMUSER_INCOMING_GEODATA"
              }
            }
          ],
          "name": "Geo Cookie Comparison",
          "options": {},
          "uuid": "b182a9ad-a8f7-4af9-b5e6-7aef319bf901",
          "templateLink": "/platformtoolkit/service/ruletemplate/187541178/1?accountId=1-J5YX\u0026gid=22415\u0026ck=20.4.1",
          "criteriaMustSatisfy": "all"
        }
      ],
      "criteria": [
        {
          "name": "requestCookie",
          "options": {
            "cookieName": "WSGEO",
            "matchCaseSensitiveName": false,
            "matchOperator": "EXISTS",
            "matchWildcardName": false
          }
        }
      ],
      "name": "W/ Geo Cookie",
      "options": {},
      "uuid": "24165823-4f01-4b67-b155-2b9d2edfbd3e",
      "templateLink": "/platformtoolkit/service/ruletemplate/187541178/1?accountId=1-J5YX\u0026gid=22415\u0026ck=20.4.1",
      "criteriaMustSatisfy": "all"
    }
  ],
  "criteria": [
    {
      "name": "requestType",
      "options": {
        "matchOperator": "IS",
        "value": "CLIENT_REQ"
      }
    },
    {
      "name": "requestType",
      "options": {
        "matchOperator": "IS_NOT",
        "value": "ESI_FRAGMENT"
      }
    },
    {
      "name": "hostname",
      "options": {
        "matchOperator": "IS_ONE_OF",
        "values": [
          "www.qa19*",
          "www.qa24*",
          "www.perf*",
          "www.uat3*",
          "www.qa32*",
          "www.qa19.*",
          "www.bpv*",
          "www.qa46*",
          "www.qa49*",
          "www.qa34*",
          "www.uat4*",
          "www.uat.westelm.com",
          "www.qa30*",
          "www.qa28*",
          "www.qa47*",
          "www.qa2*",
          "www.qa48*",
          "www.qa40*",
          "regression*",
          "www.qa27*",
          "www.qa51*",
          "www.qa54*",
          "www.qa50*",
          "www.qa36*",
          "www.qa6*",
          "www.qa22*",
          "www.qa16*",
          "www.qa29*",
          "www.qa44*",
          "www.uat2*",
          "www.uat6*",
          "www.uat5*",
          "www.uat7*",
          "www.qa52*",
          "www.qa*",
          "www.uat*"
        ]
      }
    }
  ],
  "name": "Geo Cookie Settings",
  "options": {},
  "uuid": "55e613a6-db5f-41df-9da3-bd4f572f43a7",
  "templateLink": "/platformtoolkit/service/ruletemplate/187541178/1?accountId=1-J5YX\u0026gid=22415\u0026ck=20.4.1",
  "criteriaMustSatisfy": "all"
}