{
  "behaviors": [
    {
      "name": "httpStrictTransportSecurity",
      "options": {
        "enable": true,
        "includeSubDomains": true,
        "maxAge": "ONE_YEAR",
        "preload": false,
        "redirect": true,
        "redirectStatusCode": 301
      }
    }
  ],
  "criteria": [
    {
      "name": "hostname",
      "options": {
        "matchOperator": "IS_NOT_ONE_OF",
        "values": [
          "*www.qa4*"
        ]
      }
    }
  ],
  "name": "HSTS",
  "options": {},
  "criteriaMustSatisfy": "all"
}