{
  "behaviors": [
    {
      "name": "origin",
      "options": {
        "netStorage": {
          "cpCode": 13099,
          "downloadDomainName": "wsies.download.akamai.com",
          "g2oToken": null
        },
        "originType": "NET_STORAGE"
      }
    },
    {
      "name": "baseDirectory",
      "options": {
        "value": "/qa/WE/"
      }
    },
    {
      "name": "caching",
      "options": {
        "behavior": "MAX_AGE",
        "mustRevalidate": false,
        "ttl": "5m"
      }
    }
  ],
  "criteria": [
    {
      "name": "path",
      "options": {
        "matchCaseSensitive": false,
        "matchOperator": "MATCHES_ONE_OF",
        "normalize": false,
        "values": [
          "/robots.txt"
        ]
      }
    }
  ],
  "name": "robots.txt",
  "options": {},
  "criteriaMustSatisfy": "all"
}