{
  "children": [
    {
      "behaviors": [
        {
          "name": "visitorPrioritization",
          "options": {
            "allowedUserCookieAdvanced": false,
            "allowedUserCookieDuration": 300,
            "allowedUserCookieEnabled": true,
            "allowedUserCookieLabel": "WE_QA_Desktop",
            "allowedUserCookieManagementTitle": "",
            "allowedUserCookieRefresh": true,
            "cloudletPolicy": {
              "id": 116016,
              "name": "WE_QA_Desktop_VP"
            },
            "enabled": true,
            "userIdentificationByCookie": false,
            "userIdentificationByHeaders": false,
            "userIdentificationByIp": false,
            "userIdentificationByParams": false,
            "userIdentificationTitle": "",
            "waitingRoomCacheTtl": 5,
            "waitingRoomCookieAdvanced": false,
            "waitingRoomCookieDuration": 20,
            "waitingRoomCookieEnabled": true,
            "waitingRoomCookieManagementTitle": "",
            "waitingRoomCookieShareLabel": true,
            "waitingRoomCpCode": {
              "cpCodeLimits": {
                "currentCapacity": 126,
                "limit": 366,
                "limitType": "account"
              },
              "createdDate": 1564681572000,
              "description": "WE - QA - VP Desktop",
              "id": 879148,
              "name": "WE - QA - VP Desktop",
              "products": [
                "SPM"
              ]
            },
            "waitingRoomDirectory": "/we",
            "waitingRoomManagementTitle": "",
            "waitingRoomNetStorage": {
              "cpCode": 684132,
              "downloadDomainName": "waitingroomwsi.download.akamai.com",
              "g2oToken": null
            },
            "waitingRoomStatusCode": 200,
            "waitingRoomUseCpCode": true
          }
        }
      ],
      "criteria": [
        {
          "name": "deviceCharacteristic",
          "options": {
            "booleanValue": false,
            "characteristic": "IS_WIRELESS_DEVICE"
          }
        }
      ],
      "name": "Desktop",
      "options": {},
      "templateLink": "/platformtoolkit/service/ruletemplate/148584476/1?accountId=1-J5YX\u0026gid=22415\u0026ck=19.6",
      "criteriaMustSatisfy": "all"
    },
    {
      "behaviors": [
        {
          "name": "visitorPrioritization",
          "options": {
            "allowedUserCookieAdvanced": false,
            "allowedUserCookieDuration": 300,
            "allowedUserCookieEnabled": true,
            "allowedUserCookieLabel": "WE_QA_Mobile",
            "allowedUserCookieManagementTitle": "",
            "allowedUserCookieRefresh": true,
            "cloudletPolicy": {
              "id": 116017,
              "name": "WE_QA_Mobile_VP"
            },
            "enabled": true,
            "userIdentificationByCookie": false,
            "userIdentificationByHeaders": false,
            "userIdentificationByIp": false,
            "userIdentificationByParams": false,
            "userIdentificationTitle": "",
            "waitingRoomCacheTtl": 5,
            "waitingRoomCookieAdvanced": false,
            "waitingRoomCookieDuration": 20,
            "waitingRoomCookieEnabled": true,
            "waitingRoomCookieManagementTitle": "",
            "waitingRoomCookieShareLabel": true,
            "waitingRoomCpCode": {
              "cpCodeLimits": {
                "currentCapacity": 125,
                "limit": 366,
                "limitType": "account"
              },
              "createdDate": 1564681600000,
              "description": "WE - QA - VP Mobile",
              "id": 879149,
              "name": "WE - QA - VP Mobile",
              "products": [
                "SPM"
              ]
            },
            "waitingRoomDirectory": "/we",
            "waitingRoomManagementTitle": "",
            "waitingRoomNetStorage": {
              "cpCode": 684132,
              "downloadDomainName": "waitingroomwsi.download.akamai.com",
              "g2oToken": null
            },
            "waitingRoomStatusCode": 200,
            "waitingRoomUseCpCode": true
          }
        }
      ],
      "criteria": [
        {
          "name": "deviceCharacteristic",
          "options": {
            "booleanValue": true,
            "characteristic": "IS_WIRELESS_DEVICE"
          }
        }
      ],
      "name": "Mobile",
      "options": {},
      "templateLink": "/platformtoolkit/service/ruletemplate/148584476/1?accountId=1-J5YX\u0026gid=22415\u0026ck=19.6",
      "criteriaMustSatisfy": "all"
    }
  ],
  "criteria": [
    {
      "name": "fileExtension",
      "options": {
        "matchCaseSensitive": false,
        "matchOperator": "IS_NOT_ONE_OF",
        "values": [
          "aif",
          "aiff",
          "au",
          "avi",
          "bin",
          "bmp",
          "cab",
          "carb",
          "cct",
          "cdf",
          "class",
          "doc",
          "dcr",
          "dtd",
          "exe",
          "flv",
          "gcf",
          "gff",
          "gif",
          "grv",
          "hdml",
          "hqx",
          "ico",
          "ini",
          "jpeg",
          "jpg",
          "mov",
          "mp3",
          "nc",
          "pct",
          "pdf",
          "png",
          "ppc",
          "pws",
          "swa",
          "swf",
          "txt",
          "vbs",
          "w32",
          "wav",
          "wbmp",
          "wml",
          "wmlc",
          "wmls",
          "wmlsc",
          "xsd",
          "zip",
          "pict",
          "tif",
          "tiff",
          "mid",
          "midi",
          "eot",
          "otf",
          "svg",
          "svgz",
          "webp",
          "jxr",
          "jar",
          "jp2"
        ]
      }
    },
    {
      "name": "path",
      "options": {
        "matchCaseSensitive": false,
        "matchOperator": "DOES_NOT_MATCH_ONE_OF",
        "normalize": false,
        "values": [
          "/*imgs/*/images/dp/ecm/*"
        ]
      }
    },
    {
      "name": "hostname",
      "options": {
        "matchOperator": "IS_ONE_OF",
        "values": [
          "*www.uat4*"
        ]
      }
    },
    {
      "name": "requestCookie",
      "options": {
        "cookieName": "WEPE_SID_UAT",
        "matchCaseSensitiveName": true,
        "matchOperator": "DOES_NOT_EXIST",
        "matchWildcardName": false
      }
    }
  ],
  "name": "Visitor Prioritization",
  "options": {},
  "templateLink": "/platformtoolkit/service/ruletemplate/148584476/1?accountId=1-J5YX\u0026gid=22415\u0026ck=19.6",
  "criteriaMustSatisfy": "all"
}