{
  "behaviors": [
    {
      "name": "advanced",
      "options": {
        "description": "Log the PBMX_IDC cookie value on the custom-field",
        "xml": "\u003c!-- Log the PBMX_IDC cookie value on the custom-field --\u003e\n  \u003cmatch:metadata-stage value=\"client-response client-done\"\u003e \n    \u003cassign:extract-value\u003e\n       \u003cvariable-name\u003eCOOCLIENT_PBMX_IDC\u003c/variable-name\u003e\n       \u003clocation\u003eSet_Cookie_Client\u003c/location\u003e\n       \u003clocation-id\u003ePBMX_IDC\u003c/location-id\u003e\n    \u003c/assign:extract-value\u003e\n    \u003cassign:extract-value\u003e\n       \u003cvariable-name\u003eCOO_PBMX_IDC\u003c/variable-name\u003e\n       \u003clocation\u003eSet_Cookie\u003c/location\u003e\n       \u003clocation-id\u003ePBMX_IDC\u003c/location-id\u003e\n    \u003c/assign:extract-value\u003e\n    \u003cmatch:variable name=\"COOCLIENT_PBMX_IDC\" result=\"true\"\u003e\n      \u003cassign:variable\u003e\n         \u003cname\u003eRESULT_COO_CLIENT\u003c/name\u003e\n         \u003cvalue\u003ePBMX_IDC-Client=%(COOCLIENT_PBMX_IDC)-\u003c/value\u003e\n      \u003c/assign:variable\u003e\n    \u003c/match:variable\u003e\n    \u003cmatch:variable name=\"COO_PBMX_IDC\" result=\"true\"\u003e\n      \u003cassign:variable\u003e\n         \u003cname\u003eRESULT_COO_ORIGIN\u003c/name\u003e\n         \u003cvalue\u003ePBMX_IDC-Origin=%(COO_PBMX_IDC)\u003c/value\u003e\n      \u003c/assign:variable\u003e\n    \u003c/match:variable\u003e\n    \u003creporting:lds.custom-field\u003e%(RESULT_COO_CLIENT)%(RESULT_COO_ORIGIN)\u003c/reporting:lds.custom-field\u003e\n  \u003c/match:metadata-stage\u003e"
      },
      "uuid": "0428b2a1-99d5-46d3-8ba3-0521b8355789"
    }
  ],
  "name": "Zycada - Cookie log",
  "options": {},
  "uuid": "56fbfd4d-e738-47a1-80be-19ff310ba68c",
  "criteriaMustSatisfy": "all"
}