<?xml version="1.0" encoding="UTF-8"?>
<beans xmlns="http://www.springframework.org/schema/beans"
	xmlns:xsi="http://www.w3.org/2001/XMLSchema-instance" xmlns:jee="http://www.springframework.org/schema/jee"
	xmlns:context="http://www.springframework.org/schema/context"
	xmlns:util="http://www.springframework.org/schema/util" xmlns:mvc="http://www.springframework.org/schema/mvc"
	xsi:schemaLocation="
        http://www.springframework.org/schema/beans 
        http://www.springframework.org/schema/beans/spring-beans-3.0.xsd
        http://www.springframework.org/schema/context 
        http://www.springframework.org/schema/context/spring-context-3.0.xsd
        http://www.springframework.org/schema/mvc http://www.springframework.org/schema/mvc/spring-mvc.xsd
        http://www.springframework.org/schema/util http://www.springframework.org/schema/util/spring-util.xsd
        http://www.springframework.org/schema/jee 
        http://www.springframework.org/schema/jee/spring-jee-2.0.xsd">

	<!-- TODO is jee-2.0 schema location used? -->
	<!-- Activates various annotations to be detected in bean classes -->
	<context:annotation-config />
	<context:component-scan base-package="com.wsgc.ecommerce.buildsystem.webapp" />
	<!-- jndi-name must match arg1 of EnvEntry(String jndiName, Object objToBind, 
		boolean overrideWebXml) in jetty-env.xml -->
	<jee:jndi-lookup id="debugSetting_springLookupId"
        jndi-name="java:comp/env/debugSetting" />
    <jee:jndi-lookup id="projectLibDir_springLookupId"
        jndi-name="java:comp/env/projectLibDir" />
    <jee:jndi-lookup id="buildSystemHostName_springLookupId"
        jndi-name="java:comp/env/buildSystemHostName" />	
    <jee:jndi-lookup id="svnSourceRoot_springLookupId"
        jndi-name="java:comp/env/svnSourceRoot" />
    <jee:jndi-lookup id="numSvnSourceChannels_springLookupId"
        jndi-name="java:comp/env/numSvnSourceChannels" />
    <jee:jndi-lookup id="numBuildThreads_springLookupId"
        jndi-name="java:comp/env/numBuildThreads" />
    <jee:jndi-lookup id="extractWorkingDir_springJeeLookupId"
        jndi-name="java:comp/env/extractWorkingDir" />
    <jee:jndi-lookup id="timeZone_springJeeLookupId"
        jndi-name="java:comp/env/timeZone" />
    <jee:jndi-lookup id="cleanExtractWorkingDir_springJeeLookupId"
        jndi-name="java:comp/env/cleanExtractWorkingDir" />            
    <jee:jndi-lookup id="numExtractThreads_springJeeLookupId"
        jndi-name="java:comp/env/numExtractThreads" />
	<jee:jndi-lookup id="buildSystemHome_springJeeLookupId"
		jndi-name="java:comp/env/buildSystemHome" />
    <jee:jndi-lookup id="artifactRepositoryHome_springJeeLookupId"
        jndi-name="java:comp/env/artifactRepositoryHome" />
    <jee:jndi-lookup id="artifactRepositoryAgeLimit_springJeeLookupId"
        jndi-name="java:comp/env/artifactRepositoryAgeLimit" />
    <jee:jndi-lookup id="artifactRepositorySpaceLimit_springJeeLookupId"
        jndi-name="java:comp/env/artifactRepositorySpaceLimit" />
   <jee:jndi-lookup id="buildTypePrefix_springJeeLookupId"
        jndi-name="java:comp/env/buildTypePrefix" />
    <jee:jndi-lookup id="smtp_host_springJeeLookupId"
        jndi-name="java:comp/env/smtp_host" />
    <jee:jndi-lookup id="smtp_sender_springJeeLookupId"
        jndi-name="java:comp/env/smtp_sender" />
    <jee:jndi-lookup id="siteAssetDir_springJeeLookupId"
        jndi-name="java:comp/env/siteAssetDir" />
    <jee:jndi-lookup id="importScriptPath_springJeeLookupId"
        jndi-name="java:comp/env/importScriptPath" />
    <jee:jndi-lookup id="tempDir_springJeeLookupId"
        jndi-name="java:comp/env/tempDir" />
    <jee:jndi-lookup id="buildIdDB_springLookupId"
        jndi-name="java:comp/env/jdbc/buildIdDB"/>

	<bean id="buildService" class="com.wsgc.ecommerce.buildsystem.StandardBuildService">
		<property name="buildSystemConfig" ref="buildSystemConfig" />
		<!-- TODO convert to buildsystem config object -->
		<!--   <property name="buildIdProvider" ref="timeStampIdProvider" /> -->
		
        <property name="buildIdProvider" ref="standardBuildIdProvider" />
		
		<property name="buildMonitor" ref="buildMonitor" />
		<property name="buildManager" ref="buildManager" />
		<property name="artifactRepository" ref="simpleArtifactRepository" />
		<property name="projectLibraryPath" ref="projectLibDir_springLookupId" />
		<property name="timeZone" ref="timeZone_springJeeLookupId" />
        <property name="smtpHost" ref="smtp_host_springJeeLookupId" />
        <property name="smtpSender" ref="smtp_sender_springJeeLookupId" />
	</bean>

	<bean id="buildManager" class="com.wsgc.ecommerce.buildsystem.StandardBuildManager">
		<property name="buildMonitor" ref="buildMonitor" />
        <property name="artifactRepository" ref="simpleArtifactRepository" />
        <property name="buildSystemHostName" ref="buildSystemHostName_springLookupId" />
  
		<property name="extractManager" ref="extractManager" />
		<!-- TODO workingRootDir is a extract Manager setting? -->
		<property name="workingRootDir" ref="extractWorkingDir_springJeeLookupId" />
		<!-- finalize name -->
        <property name="buildSystemHome" ref="buildSystemHome_springJeeLookupId" />
        <property name="numBuildThreads" ref="numBuildThreads_springLookupId" />
        <property name="cleanExtractWorkingDir" ref="cleanExtractWorkingDir_springJeeLookupId" />
        <property name="siteAssetDir" ref="siteAssetDir_springJeeLookupId" />
        <property name="importScriptPath" ref="importScriptPath_springJeeLookupId" />  
        <property name="tempDir" ref="tempDir_springJeeLookupId" />
 	</bean>

	<bean id="extractManager" class="com.wsgc.ecommerce.buildsystem.SvnExtractManager">
		<!-- <property name="sourceRetrievalStrategy" ref="svnPredictiveSourceRetrievalStrategy" 
			/> -->
    	<!--  <property name="sourceRetrievalStrategy" ref="svnBlindSourceRetrievalStrategy"/> --> 
        <property name="sourceRetrievalStrategy" ref="svnSelectiveRetrievalStrategy" /> 
		<property name="numberOfExtractThreads" ref="numExtractThreads_springJeeLookupId" />
		<property name="debugSetting" ref="debugSetting_springLookupId" />

	</bean>

	<bean id="buildMonitor" class="com.wsgc.ecommerce.buildsystem.StandardBuildMonitor"/>

<!-- 	<bean id="timeStampIdProvider" class="com.wsgc.ecommerce.buildsystem.TimeStampIdProvider"> -->
<!--         <property name="buildIdPrefix" ref="buildIdPrefix_springJeeLookupId" /> -->
<!-- 	</bean> -->

    <bean id="standardBuildIdProvider" class="com.wsgc.ecommerce.buildsystem.StandardBuildIdProvider">
        <property name="dataSource" ref="buildIdDB_springLookupId" /> 
        <property name="buildTypePrefix" ref="buildTypePrefix_springJeeLookupId" /> 
    </bean>

	<bean id="simpleArtifactRepository"
		class="com.wsgc.ecommerce.buildsystem.repository.SimpleArtifactRepository">
		<property name="artifactRepositoryHome" ref="artifactRepositoryHome_springJeeLookupId" />
		<property name="retentionPolicy" ref="timeSpaceRetentionPolicy" />
	</bean>

	<bean id="timeSpaceRetentionPolicy"
		class="com.wsgc.ecommerce.buildsystem.repository.TimeSpaceRetentionPolicy">
        <property name="spaceLimitBytes" ref="artifactRepositorySpaceLimit_springJeeLookupId" />
<!--         <property name="ageLimitMs" ref="artifactRepositoryAgeLimit_springJeeLookupId" /> -->
        <property name="ageLimitString" ref="artifactRepositoryAgeLimit_springJeeLookupId" />
	</bean>

<!-- 	<bean id="svnPredictiveSourceRetrievalStrategy" -->
<!-- 		class="com.wsgc.ecommerce.buildsystem.SvnPredictiveSourceRetrievalStrategy"> -->
<!-- 		change name of class variable to sourceRoot  -->
<!-- 		<property name="sourcePath" ref="svnSourceRoot_springLookupId"></property> -->
<!-- 		<property name="numSourceChannels" ref="numSvnSourceChannels_springLookupId"></property> -->
<!-- 	</bean> -->

    <bean id="svnBlindSourceRetrievalStrategy"
        class="com.wsgc.ecommerce.buildsystem.SvnBlindRetrievalStrategy">
        <!-- change name of class variable to sourceRoot -->
        <property name="sourcePath" ref="svnSourceRoot_springLookupId"></property>
        <property name="numSourceChannels" ref="numSvnSourceChannels_springLookupId"></property>
    </bean>

    <bean id="svnSelectiveRetrievalStrategy"
        class="com.wsgc.ecommerce.buildsystem.SvnSelectiveRetrievalStrategy">
        <!-- change name of class variable to sourceRoot -->
        <property name="sourcePath" ref="svnSourceRoot_springLookupId"></property>
        <property name="numSourceChannels" ref="numSvnSourceChannels_springLookupId"></property>
    </bean>

	<!-- TODO waiting on clarification, is this the source of config or a copy? 
		Answer SOURCE new TODO, (that) -->
	<bean id="buildSystemConfig" class="com.wsgc.ecommerce.buildsystem.BuildSystemConfig">
		<property name="projectLibraryPath" ref="projectLibDir_springLookupId" />
		<property name="sourcePath" ref="svnSourceRoot_springLookupId"></property>
		<property name="sourceChannels" ref="numSvnSourceChannels_springLookupId"></property>
		<property name="workingRootDir" ref="extractWorkingDir_springJeeLookupId" />
		<!-- finalize name -->
		<property name="commandPath" ref="buildSystemHome_springJeeLookupId" />
		<property name="artifactRepositoryHome" ref="artifactRepositoryHome_springJeeLookupId" />
		<property name="smtpHost" ref="smtp_host_springJeeLookupId" />
	</bean>


	<bean id="serverStatus" class="com.wsgc.ecommerce.buildsystem.ServerStatus" />

	<bean id="freemarkerConfig"
		class="org.springframework.web.servlet.view.freemarker.FreeMarkerConfigurer">
		<property name="templateLoaderPath" value="/WEB-INF/freemarker/" />
	</bean>

	<bean id="viewResolver"
		class="org.springframework.web.servlet.view.freemarker.FreeMarkerViewResolver">
		<property name="cache" value="true" />
		<property name="prefix" value="" />
		<property name="suffix" value=".ftl" />
	</bean>

	<!-- public BuildController(BuildService buildService, BuildSystemConfig 
		buildSystemConfig, ServerStatus serverStatus, BuildMonitor buildMonitor) 
		throws BuildServiceException { -->

	<!-- Define the OXM marshaller which is used to convert the Objects <-> 
		XML. -->
	<bean id="oxmMarshaller" class="org.springframework.oxm.xstream.XStreamMarshaller" />

	<bean id="marshallingHttpMessageConverter"
		class="org.springframework.http.converter.xml.MarshallingHttpMessageConverter">
		<property name="marshaller" ref="oxmMarshaller" />
		<property name="unmarshaller" ref="oxmMarshaller" />
	</bean>

	<!-- Required for REST services in order to bind the return value to the 
		ResponseBody. TODO why I need that I am not sure. -->
	<bean
		class="org.springframework.web.servlet.mvc.annotation.AnnotationMethodHandlerAdapter">
		<property name="messageConverters">
			<util:list id="beanList">
				<ref bean="marshallingHttpMessageConverter" />
			</util:list>
		</property>
	</bean>

	<mvc:annotation-driven />

</beans>