<!-- <beans:beans xmlns="http://www.springframework.org/schema/security" -->
<!-- xmlns:beans="http://www.springframework.org/schema/beans" xmlns:xsi="http://www.w3.org/2001/XMLSchema-instance" -->
<!-- xsi:schemaLocation="http://www.springframework.org/schema/beans -->
<!-- http://www.springframework.org/schema/beans/spring-beans-3.0.xsd -->
<!-- http://www.springframework.org/schema/security -->
<!-- http://www.springframework.org/schema/security/spring-security-3.0.3.xsd"> -->


<beans xmlns="http://www.springframework.org/schema/beans"
	xmlns:security="http://www.springframework.org/schema/security"
	xmlns:xsi="http://www.w3.org/2001/XMLSchema-instance" xmlns:jee="http://www.springframework.org/schema/jee"
	xsi:schemaLocation="http://www.springframework.org/schema/beans
          http://www.springframework.org/schema/beans/spring-beans-3.0.xsd
           http://www.springframework.org/schema/security
           http://www.springframework.org/schema/security/spring-security-3.1.xsd
           http://www.springframework.org/schema/jee 
           http://www.springframework.org/schema/jee/spring-jee-2.0.xsd">

	<jee:jndi-lookup id="jndiLdapUrl_springLookupId"
		jndi-name="java:comp/env/LdapUrl" />
	<jee:jndi-lookup id="jndiLdapManagerDn_springLookupId"
		jndi-name="java:comp/env/LdapManagerDn" />
	<jee:jndi-lookup id="jndiLdapManagerPassword_springLookupId"
		jndi-name="java:comp/env/LdapManagerPassword" />

    <!-- +++++++++++++++++++++++++++++++++++++++++++++++++++++++++++++++++++ -->
    <!-- +++++++++++++++++++++++++++++++++++++++++++++++++++++++++++++++++++ -->
    <!-- +++++++++++++++++++++++++++++++++++++++++++++++++++++++++++++++++++ -->
	<jee:jndi-lookup id="securityDB_springLookupId"
		jndi-name="java:comp/env/jdbc/SecurityDB"/>
    <!-- =================================================================== -->
    <!-- =================================================================== -->
    <!-- =================================================================== -->

    <bean id="basicAuthProcessingFilter" class="org.springframework.security.web.authentication.www.BasicAuthenticationFilter">
        <property name="authenticationManager" ref="authenticationManager"/>
        <property name="authenticationEntryPoint" ref="authenticationEntryPoint"/>
    </bean>

    <bean id="authenticationEntryPoint" class="org.springframework.security.web.authentication.www.BasicAuthenticationEntryPoint">
        <property name="realmName" value="buildSystem2"/>
    </bean>

	<security:http use-expressions="true">
        <security:intercept-url pattern="/" access="permitAll" />       
        <security:intercept-url pattern="/view/**" access="permitAll" />
        <security:intercept-url pattern="/css/**" access="permitAll" />
        <security:intercept-url pattern="/js/**" access="permitAll" />
        <security:intercept-url pattern="/img/**" access="permitAll" />
        <security:intercept-url pattern="/login.html" access="permitAll" />
        <security:intercept-url pattern="/favicon.ico" access="permitAll" />
        
        <security:intercept-url pattern="/build_status/**" access="permitAll" />   
        <security:intercept-url pattern="/build_performance/**" access="permitAll" />   
        <security:intercept-url pattern="/build_project/**" access="permitAll" />  
		
		<security:intercept-url pattern="/secure/**"
			access="hasRole('ROLE_BGB_ACCESS')" />
		<security:intercept-url pattern="/**" access="denyAll" />
		<security:remember-me key="buildsystem2"/>

        <security:custom-filter before="FORM_LOGIN_FILTER" ref="basicAuthProcessingFilter"/>      
        <!--         <security:custom-filter before="SECURITY_CONTEXT_FILTER" ref="basicAuthProcessingFilter"/>       -->
	
	
		<security:form-login login-page="/login.html"/>        
		<security:logout />
	</security:http>


	<security:authentication-manager alias="authenticationManager">
		<security:authentication-provider
			ref="ldapAuthProviderUsers" />
		<security:authentication-provider
			ref="ldapAuthProviderResources" />
	</security:authentication-manager>

	<bean id="contextSource"
		class="org.springframework.security.ldap.DefaultSpringSecurityContextSource">
		<constructor-arg ref="jndiLdapUrl_springLookupId" />
		<property name="userDn" ref="jndiLdapManagerDn_springLookupId" />
		<property name="password" ref="jndiLdapManagerPassword_springLookupId" />
	</bean>

	<bean id="ldapAuthProviderUsers"
		class="org.springframework.security.ldap.authentication.LdapAuthenticationProvider">
		<constructor-arg>
			<bean
				class="org.springframework.security.ldap.authentication.BindAuthenticator">
				<constructor-arg ref="contextSource" />
				<property name="userSearch" ref="userSearchUsers" />
			</bean>
		</constructor-arg>
		<constructor-arg ref="authoritiesPopulator">
		</constructor-arg>
	</bean>

	<bean id="userSearchUsers"
		class="org.springframework.security.ldap.search.FilterBasedLdapUserSearch">
		<constructor-arg index="0" value="ou=WSGC Users,dc=wsgc,dc=com" />
		<constructor-arg index="1" value="(sAMAccountName={0})" />
		<constructor-arg index="2" ref="contextSource" />
	</bean>

	<bean id="ldapAuthProviderResources"
		class="org.springframework.security.ldap.authentication.LdapAuthenticationProvider">
		<constructor-arg>
			<bean
				class="org.springframework.security.ldap.authentication.BindAuthenticator">
				<constructor-arg ref="contextSource" />
				<property name="userSearch" ref="userSearchResources" />
			</bean>
		</constructor-arg>
		<constructor-arg ref="authoritiesPopulator">
		</constructor-arg>
	</bean>

	<bean id="userSearchResources"
		class="org.springframework.security.ldap.search.FilterBasedLdapUserSearch">
		<constructor-arg index="0" value="ou=Resources,dc=wsgc,dc=com" />
		<constructor-arg index="1" value="(sAMAccountName={0})" />
		<constructor-arg index="2" ref="contextSource" />
	</bean>

	<bean id="authoritiesPopulator"
		class="org.springframework.security.ldap.authentication.UserDetailsServiceLdapAuthoritiesPopulator">
		<constructor-arg ref="userservice" />
	</bean>
	
	<bean id="userservice" class="com.wsgc.ecommerce.buildsystem.UserDetailsServiceImpl">
		<property name="jdbcTemplate" ref="jdbcTemplateSecurity" />
	</bean>

	<bean id="jdbcTemplateSecurity" class="org.springframework.jdbc.core.JdbcTemplate">
		<property name="dataSource" ref="securityDB_springLookupId" />
	</bean>


</beans>
