<?xml version="1.0" encoding="UTF-8"?>
<project>
  <actions/>
  <description>ftlverify job for branches/lhotse-release-wrk-190208 ws</description>
  <logRotator class="hudson.tasks.LogRotator">
    <daysToKeep>-1</daysToKeep>
    <numToKeep>25</numToKeep>
    <artifactDaysToKeep>-1</artifactDaysToKeep>
    <artifactNumToKeep>-1</artifactNumToKeep>
  </logRotator>
  <keepDependencies>false</keepDependencies>
  <properties/>
  <scm class="hudson.scm.SubversionSCM" plugin="subversion@1.39">
    <locations>
      <hudson.scm.SubversionSCM_-ModuleLocation>
        <remote>https://repos.wsgc.com/svn/core/ecommerce/sites/ws/content/branches/lhotse-release-wrk-190208</remote>
        <credentialsId>bb7f2475-307d-46ae-bf2c-87791001d4a7</credentialsId>
        <local>ws/content</local>
      </hudson.scm.SubversionSCM_-ModuleLocation>
      <hudson.scm.SubversionSCM_-ModuleLocation>
        <remote>https://repos.wsgc.com/svn/core/ecommerce/sites/common/content/branches/lhotse-release-wrk-190208</remote>
        <credentialsId>bb7f2475-307d-46ae-bf2c-87791001d4a7</credentialsId>
        <local>common/content</local>
      </hudson.scm.SubversionSCM_-ModuleLocation>
    </locations>
    <excludedRegions/>
    <includedRegions/>
    <excludedUsers/>
    <excludedRevprop/>
    <excludedCommitMessages/>
    <workspaceUpdater class="hudson.scm.subversion.UpdateWithRevertUpdater"/>
  </scm>
  <assignedNode>ftl</assignedNode>
  <canRoam>false</canRoam>
  <disabled>false</disabled>
  <blockBuildWhenDownstreamBuilding>false</blockBuildWhenDownstreamBuilding>
  <blockBuildWhenUpstreamBuilding>false</blockBuildWhenUpstreamBuilding>
  <triggers class="vector">
    <hudson.triggers.SCMTrigger>
      <spec>H/6 * * * *</spec>
      <ignorePostCommitHooks>false</ignorePostCommitHooks>
    </hudson.triggers.SCMTrigger>
  </triggers>
  <concurrentBuild>false</concurrentBuild>
  <builders>
    <hudson.tasks.Shell>
      <command>#!/bin/bash

$SCM_TOOLS/customizeCIContent --shortcut &quot;lhotse-release-wrk-190208-shortcut&quot; --site &quot;ws&quot;
</command>
    </hudson.tasks.Shell>
    <hudson.tasks.Shell>
      <command>#!/bin/bash

echo &quot;Removing everything but common and ws&quot;
shopt -s extglob dotglob
rm -rf !(common|ws)
shopt -u extglob dotglob

# Set the npm cache directory to a new dir in our workspace.
# Starting from a clean cache ensures that an already-populated
# cache won't mask build errors.
export npm_config_cache=&quot;$WORKSPACE/npm-cache-dir&quot;

# Some parts of the build (e.g., Jest tests) honor TMPDIR for temporary files.
# Locate them in the workspace so as not to fill up /tmp.
unset TMPDIR
export TMPDIR=$(mktemp -d -t tmpdir-XXXXX -p &quot;$WORKSPACE&quot;)

$SCM_TOOLS/launch ant -v -f ws/content/build.xml -Dmaven_test_property="-Dmaven.repo.local=/apps/maven/executor-localrepos/$EXECUTOR_NUMBER"
</command>
    </hudson.tasks.Shell>
  </builders>
  <publishers>
    <hudson.plugins.emailext.ExtendedEmailPublisher plugin="email-ext@2.31">
      <recipientList>$DEFAULT_RECIPIENTS</recipientList>
      <configuredTriggers>
        <hudson.plugins.emailext.plugins.trigger.SuccessTrigger>
          <email>
            <recipientList/>
            <subject>$PROJECT_DEFAULT_SUBJECT</subject>
            <body>$PROJECT_DEFAULT_CONTENT</body>
            <sendToDevelopers>true</sendToDevelopers>
            <sendToRequester>false</sendToRequester>
            <includeCulprits>false</includeCulprits>
            <sendToRecipientList>false</sendToRecipientList>
            <attachmentsPattern/>
            <attachBuildLog>false</attachBuildLog>
            <compressBuildLog>false</compressBuildLog>
            <replyTo>$PROJECT_DEFAULT_REPLYTO</replyTo>
          </email>
        </hudson.plugins.emailext.plugins.trigger.SuccessTrigger>
        <hudson.plugins.emailext.plugins.trigger.FailureTrigger>
          <email>
            <recipientList>$PROJECT_DEFAULT_RECIPIENTS</recipientList>
            <subject>$PROJECT_DEFAULT_SUBJECT</subject>
            <body>$PROJECT_DEFAULT_CONTENT</body>
            <sendToDevelopers>true</sendToDevelopers>
            <sendToRequester>true</sendToRequester>
            <includeCulprits>false</includeCulprits>
            <sendToRecipientList>true</sendToRecipientList>
            <attachmentsPattern/>
            <attachBuildLog>false</attachBuildLog>
            <compressBuildLog>false</compressBuildLog>
            <replyTo>$PROJECT_DEFAULT_REPLYTO</replyTo>
          </email>
        </hudson.plugins.emailext.plugins.trigger.FailureTrigger>
      </configuredTriggers>
      <contentType>default</contentType>
      <defaultSubject>$DEFAULT_SUBJECT</defaultSubject>
      <defaultContent>$DEFAULT_CONTENT</defaultContent>
      <attachmentsPattern/>
      <presendScript/>
      <attachBuildLog>false</attachBuildLog>
      <compressBuildLog>false</compressBuildLog>
      <replyTo>$DEFAULT_REPLYTO</replyTo>
      <saveOutput>false</saveOutput>
    </hudson.plugins.emailext.ExtendedEmailPublisher>
  </publishers>
  <buildWrappers>
    <org.jenkinsci.plugins.builduser.BuildUser plugin="build-user-vars-plugin@1.4"/>
   </buildWrappers>
</project>
