{
  "name": "/shop/* /.delivery/* /.aecv1/* /.static/* /m/shop/*",
  "criteria": [
    {
      "name": "hostname",
      "options": {
        "matchOperator": "IS_ONE_OF",
        "values": [
          "www.qa54.markandgraham.ca"
        ]
      }
    },
    {
      "name": "path",
      "options": {
        "matchCaseSensitive": false,
        "matchOperator": "MATCHES_ONE_OF",
        "values": [
          "/",
          "/.aecv1/*",
          "/.delivery/*",
          "/.global/.info/summary.html",
          "/.static/*",
          "/.static/ecmcontent/*",
          "/account/",
          "/account/.info/summary.html",
          "/account/addressbook.html",
          "/account/addressbook/",
          "/account/check-verification-link.html*",
          "/account/confirm.html",
          "/account/creditcard.html",
          "/account/creditcard/",
          "/account/creditcard/create.html",
          "/account/forgotpassword.html",
          "/account/forgotpassword/confirm-forward.html",
          "/account/forgotpassword/confirm.html",
          "/account/forgotpassword/passwordUpdatethanks.html",
          "/account/index.html",
          "/account/keyrewards.html",
          "/account/login-attempts.html",
          "/account/login.html?cm_type=gnav&cm_sp=GlobalLinks-_-Topnav-_-AccountSignIn*",
          "/account/recipe-box/",
          "/account/svc/*",
          "/account/updateaccount.html",
          "/account/updateemail.html",
          "/account/updatename.html",
          "/account/updatepassword.html",
          "/account/verification.html*",
          "/api/catalog/v1/*",
          "/api/content/v1/*",
          "/api/favorites/v1/*",
          "/api/geo/v1/*",
          "/api/inventory/v1/*",
          "/api/loyalty/v1/*",
          "/api/marketing/v1/*",
          "/api/order-status/v1/*",
          "/api/phygital/v1/*",
          "/api/profile/v1/*",
          "/api/profile/v2/*",
          "/api/registry/v1/*",
          "/api/user/v2/*",
          "/appointments/*",
          "/customer-service/*",
          "/customer-service/charge-details/*",
          "/customer-service/list-order/*",
          "/customer-service/order-shipment-tracking/*",
          "/customer-service/order-status/",
          "/customer-service/order-status/*",
          "/customer-service/return/*",
          "/events/*",
          "/favorites/*",
          "/m/",
          "/m/account/",
          "/m/account/.info/summary.html",
          "/m/account/addressbook.html",
          "/m/account/addressbook/",
          "/m/account/confirm.html",
          "/m/account/creditcard.html",
          "/m/account/creditcard/",
          "/m/account/creditcard/create.html",
          "/m/account/forgotpassword.html",
          "/m/account/forgotpassword/confirm.html",
          "/m/account/forgotpassword/passwordUpdatethanks.html",
          "/m/account/index.html",
          "/m/account/keyrewards.html",
          "/m/account/login-attempts.html",
          "/m/account/login.html?cm_type=lnav*",
          "/m/account/recipe-box/",
          "/m/account/svc/*",
          "/m/account/updateaccount.html",
          "/m/account/updateemail.html",
          "/m/account/updatename.html",
          "/m/account/updatepassword.html",
          "/m/appointments/*",
          "/m/customer-service/*",
          "/m/customer-service/charge-details/*",
          "/m/customer-service/list-order/*",
          "/m/customer-service/order-shipment-tracking/*",
          "/m/customer-service/return/*",
          "/m/events/*",
          "/m/favorites/*",
          "/m/pages/*",
          "/m/products/*",
          "/m/products/getScene7Url.json",
          "/m/registry/*/registry-list.html",
          "/m/registry/account-linking-search.html",
          "/m/registry/create-registry-sign-in.html",
          "/m/registry/create.html",
          "/m/registry/find-registry.html",
          "/m/registry/find.html",
          "/m/registry/registry-login.html",
          "/m/registry/search-registry.html",
          "/m/search/results.html",
          "/m/search/searchdown.html",
          "/m/shop/*",
          "/m/stores*",
          "/m/tips-and-ideas/*",
          "/order-servicing/.info/summary.html",
          "/pages/*",
          "/phygital/.info/summary.html",
          "/products/*",
          "/products/getScene7Url.json",
          "/registry/*/registry-list.html",
          "/registry/.info/summary.html",
          "/registry/account-linking-search.html",
          "/registry/create-registry-sign-in.html",
          "/registry/create.html",
          "/registry/find-registry.html",
          "/registry/find.html",
          "/registry/registry-login.html",
          "/registry/search-registry.html",
          "/search/results.html",
          "/search/searchdown.html",
          "/shop/*",
          "/stores*",
          "/stores-pb/*",
          "/stores-pk/*",
          "/stores-pt/*",
          "/tips-and-ideas/*"
        ],
        "exclude_common_values": []
      }
    },
    {
      "name": "path",
      "options": {
        "matchCaseSensitive": false,
        "matchOperator": "DOES_NOT_MATCH_ONE_OF",
        "values": [
          "/favorites/items/index.json",
          "/m/products/getDeliveryInformation.json",
          "/m/products/getPostalCodeCookie.json"
        ],
        "exclude_common_values": [
          "/m/products/getScene7Url.json",
          "/products/*/email-a-friend-preview.html",
          "/products/*/email-a-friend.html",
          "/products/*/pip-print.html",
          "/products/*/quicklook.json",
          "/products/*/request-swatches.html",
          "/products/getDeliveryInformation.json",
          "/products/getPostalCodeCookie.json",
          "/products/getScene7Url.json"
        ]
      }
    }
  ],
  "behaviors": [
    {
      "name": "origin",
      "options": {
        "hostname": "qa.origin-svc.markandgraham.com"
      }
    },
    {
      "name": "rewriteUrl",
      "options": {
        "behavior": "PREPEND",
        "keepQueryString": true,
        "targetPathPrepend": "/{{builtin.AK_DOMAIN}}/"
      }
    }
  ]
}