<?xml version="1.0" encoding="UTF-8"?>
<project>
  <node name="pb-caint3-rk1" description="Rundeck server node" tags="frontend,pb,caint3" hostname="dparck-vicn057" osArch="amd64" osFamily="unix" osName="Linux" osVersion="3.10.0-693.17.1.el7.x86_64" username="imageuser" sudo-command-enabled="true" sudo-fail-on-prompt-timeout="false"></node>
  <node name="pk-caint3-sac1" description="Rundeck server node" tags="frontend,pk,caint3" hostname="efesac-vicn072" osArch="amd64" osFamily="unix" osName="Linux" osVersion="3.10.0-693.17.1.el7.x86_64" username="imageuser" sudo-command-enabled="true" sudo-fail-on-prompt-timeout="false"></node>
  <node name="pt-caint3-sac1" description="Rundeck server node" tags="frontend,pt,caint3" hostname="efesac-vicn085" osArch="amd64" osFamily="unix" osName="Linux" osVersion="3.10.0-693.17.1.el7.x86_64" username="imageuser" sudo-command-enabled="true" sudo-fail-on-prompt-timeout="false"></node>
  <node name="we-caint3-rk1" description="Rundeck server node" tags="frontend,we,caint3" hostname="dparck-vicn163" osArch="amd64" osFamily="unix" osName="Linux" osVersion="3.10.0-693.17.1.el7.x86_64" username="imageuser" sudo-command-enabled="true" sudo-fail-on-prompt-timeout="false"></node>
  <node name="ws-caint3-rk1" description="Rundeck server node" tags="frontend,ws,caint3" hostname="dparck-vicn164" osArch="amd64" osFamily="unix" osName="Linux" osVersion="3.10.0-693.17.1.el7.x86_64" username="imageuser" sudo-command-enabled="true" sudo-fail-on-prompt-timeout="false"></node>
  <node name="rj-caint3-rk1" description="Rundeck server node" tags="frontend,rj,caint3" hostname="dparck-vicn165" osArch="amd64" osFamily="unix" osName="Linux" osVersion="3.10.0-1160.90.1.el7.x86_64" username="imageuser" sudo-command-enabled="true" sudo-fail-on-prompt-timeout="false"></node>
  <node name="mg-caint3-rk1" description="Rundeck server node" tags="frontend,mg,caint3" hostname="dparck-vicn167" osArch="amd64" osFamily="unix" osName="Linux" osVersion="3.10.0-1160.90.1.el7.x86_64" username="imageuser" sudo-command-enabled="true" sudo-fail-on-prompt-timeout="false"></node>
  <node name="mg-int4-rk1" description="Rundeck server node" tags="frontend,mg,int4" hostname="dparck-vicn121" osArch="amd64" osFamily="unix" osName="Linux" osVersion="3.10.0-693.17.1.el7.x86_64" username="imageuser" sudo-command-enabled="true" sudo-fail-on-prompt-timeout="false"></node>
  <node name="pb-int4-rk1" description="Rundeck server node" tags="frontend,pb,int4" hostname="dparck-vicn122" osArch="amd64" osFamily="unix" osName="Linux" osVersion="3.10.0-693.17.1.el7.x86_64" username="imageuser" sudo-command-enabled="true" sudo-fail-on-prompt-timeout="false"></node>
  <node name="pk-int4-rk1" description="Rundeck server node" tags="frontend,pk,int4" hostname="dparck-vicn126" osArch="amd64" osFamily="unix" osName="Linux" osVersion="3.10.0-693.17.1.el7.x86_64" username="imageuser" sudo-command-enabled="true" sudo-fail-on-prompt-timeout="false"></node>
  <node name="pt-int4-rk1" description="Rundeck server node" tags="frontend,pt,int4" hostname="dparck-vicn125" osArch="amd64" osFamily="unix" osName="Linux" osVersion="3.10.0-693.17.1.el7.x86_64" username="imageuser" sudo-command-enabled="true" sudo-fail-on-prompt-timeout="false"></node>
  <node name="rj-int4-rk1" description="Rundeck server node" tags="frontend,rj,int4" hostname="dparck-vicn129" osArch="amd64" osFamily="unix" osName="Linux" osVersion="3.10.0-693.17.1.el7.x86_64" username="imageuser" sudo-command-enabled="true" sudo-fail-on-prompt-timeout="false"></node>
  <node name="we-int4-rk1" description="Rundeck server node" tags="frontend,we,int4" hostname="dparck-vicn124" osArch="amd64" osFamily="unix" osName="Linux" osVersion="3.10.0-693.17.1.el7.x86_64" username="imageuser" sudo-command-enabled="true" sudo-fail-on-prompt-timeout="false"></node>
  <node name="ws-int4-rk1" description="Rundeck server node" tags="frontend,ws,int4" hostname="dparck-vicn123" osArch="amd64" osFamily="unix" osName="Linux" osVersion="3.10.0-693.17.1.el7.x86_64" username="imageuser" sudo-command-enabled="true" sudo-fail-on-prompt-timeout="false"></node>
  <node name="gr-int4-rk1" description="Rundeck server node" tags="frontend,gr,int4" hostname="dparck-vicn130" osArch="amd64" osFamily="unix" osName="Linux" osVersion="3.10.0-693.17.1.el7.x86_64" username="imageuser" sudo-command-enabled="true" sudo-fail-on-prompt-timeout="false"></node>
  <node name="mg-caint4-rk1" description="Rundeck server node" tags="frontend,mg,caint4" hostname="dparck-vicn149" osArch="amd64" osFamily="unix" osName="Linux" osVersion="3.10.0-693.17.1.el7.x86_64" username="imageuser" sudo-command-enabled="true" sudo-fail-on-prompt-timeout="false"></node>
  <node name="pb-caint4-rk1" description="Rundeck server node" tags="frontend,pb,caint4" hostname="dparck-vicn137" osArch="amd64" osFamily="unix" osName="Linux" osVersion="3.10.0-693.17.1.el7.x86_64" username="imageuser" sudo-command-enabled="true" sudo-fail-on-prompt-timeout="false"></node>
  <node name="pk-caint4-rk1" description="Rundeck server node" tags="frontend,pk,caint4" hostname="dparck-vicn131" osArch="amd64" osFamily="unix" osName="Linux" osVersion="3.10.0-693.17.1.el7.x86_64" username="imageuser" sudo-command-enabled="true" sudo-fail-on-prompt-timeout="false"></node>
  <node name="pt-caint4-rk1" description="Rundeck server node" tags="frontend,pt,caint4" hostname="dparck-vicn085" osArch="amd64" osFamily="unix" osName="Linux" osVersion="3.10.0-693.17.1.el7.x86_64" username="imageuser" sudo-command-enabled="true" sudo-fail-on-prompt-timeout="false"></node>
  <node name="rj-caint4-rk1" description="Rundeck server node" tags="frontend,rj,caint4" hostname="dparck-vicn086" osArch="amd64" osFamily="unix" osName="Linux" osVersion="3.10.0-693.17.1.el7.x86_64" username="imageuser" sudo-command-enabled="true" sudo-fail-on-prompt-timeout="false"></node>
  <node name="we-caint4-rk1" description="Rundeck server node" tags="frontend,we,caint4" hostname="dparck-vicn145" osArch="amd64" osFamily="unix" osName="Linux" osVersion="3.10.0-693.17.1.el7.x86_64" username="imageuser" sudo-command-enabled="true" sudo-fail-on-prompt-timeout="false"></node>
  <node name="ws-caint4-rk1" description="Rundeck server node" tags="frontend,ws,caint4" hostname="dparck-vicn146" osArch="amd64" osFamily="unix" osName="Linux" osVersion="3.10.0-693.17.1.el7.x86_64" username="imageuser" sudo-command-enabled="true" sudo-fail-on-prompt-timeout="false"></node>
  <node name="mg-int5-rk1" description="Rundeck server node" tags="frontend,mg,int5" hostname="dparck-vicn087" osArch="amd64" osFamily="unix" osName="Linux" osVersion="3.10.0-693.17.1.el7.x86_64" username="imageuser" sudo-command-enabled="true" sudo-fail-on-prompt-timeout="false"></node>
  <node name="pb-int5-rk1" description="Rundeck server node" tags="frontend,pb,int5" hostname="dparck-vicn224" osArch="amd64" osFamily="unix" osName="Linux" osVersion="3.10.0-693.17.1.el7.x86_64" username="imageuser" sudo-command-enabled="true" sudo-fail-on-prompt-timeout="false"></node>
  <node name="pk-int5-rk1" description="Rundeck server node" tags="frontend,pk,int5" hostname="dparck-vicn178" osArch="amd64" osFamily="unix" osName="Linux" osVersion="3.10.0-693.17.1.el7.x86_64" username="imageuser" sudo-command-enabled="true" sudo-fail-on-prompt-timeout="false"></node>
  <node name="pt-int5-rk1" description="Rundeck server node" tags="frontend,pt,int5" hostname="dparck-vicn177" osArch="amd64" osFamily="unix" osName="Linux" osVersion="3.10.0-693.17.1.el7.x86_64" username="imageuser" sudo-command-enabled="true" sudo-fail-on-prompt-timeout="false"></node>
  <node name="rj-int5-rk1" description="Rundeck server node" tags="frontend,rj,int5" hostname="dparck-vicn154" osArch="amd64" osFamily="unix" osName="Linux" osVersion="3.10.0-693.17.1.el7.x86_64" username="imageuser" sudo-command-enabled="true" sudo-fail-on-prompt-timeout="false"></node>
  <node name="we-int5-rk1" description="Rundeck server node" tags="frontend,we,int5" hostname="dparck-vicn176" osArch="amd64" osFamily="unix" osName="Linux" osVersion="3.10.0-693.17.1.el7.x86_64" username="imageuser" sudo-command-enabled="true" sudo-fail-on-prompt-timeout="false"></node>
  <node name="ws-int5-rk1" description="Rundeck server node" tags="frontend,ws,int5" hostname="dparck-vicn172" osArch="amd64" osFamily="unix" osName="Linux" osVersion="3.10.0-693.17.1.el7.x86_64" username="imageuser" sudo-command-enabled="true" sudo-fail-on-prompt-timeout="false"></node>
  <node name="gr-int5-rk1" description="Rundeck server node" tags="frontend,gr,int5" hostname="dparck-vicn084" osArch="amd64" osFamily="unix" osName="Linux" osVersion="3.10.0-693.17.1.el7.x86_64" username="imageuser" sudo-command-enabled="true" sudo-fail-on-prompt-timeout="false"></node>
  <node name="mg-caint5-rk1" description="Rundeck server node" tags="frontend,mg,caint5" hostname="dparck-vicn218" osArch="amd64" osFamily="unix" osName="Linux" osVersion="3.10.0-693.17.1.el7.x86_64" username="imageuser" sudo-command-enabled="true" sudo-fail-on-prompt-timeout="false"></node>
  <node name="pb-caint5-rk1" description="Rundeck server node" tags="frontend,pb,caint5" hostname="dparck-vicn219" osArch="amd64" osFamily="unix" osName="Linux" osVersion="3.10.0-693.17.1.el7.x86_64" username="imageuser" sudo-command-enabled="true" sudo-fail-on-prompt-timeout="false"></node>
  <node name="pk-caint5-rk1" description="Rundeck server node" tags="frontend,pk,caint5" hostname="dparck-vicn220" osArch="amd64" osFamily="unix" osName="Linux" osVersion="3.10.0-693.17.1.el7.x86_64" username="imageuser" sudo-command-enabled="true" sudo-fail-on-prompt-timeout="false"></node>
  <node name="pt-caint5-rk1" description="Rundeck server node" tags="frontend,pt,caint5" hostname="dparck-vicn221" osArch="amd64" osFamily="unix" osName="Linux" osVersion="3.10.0-693.17.1.el7.x86_64" username="imageuser" sudo-command-enabled="true" sudo-fail-on-prompt-timeout="false"></node>
  <node name="rj-caint5-rk1" description="Rundeck server node" tags="frontend,rj,caint5" hostname="dparck-vicn222" osArch="amd64" osFamily="unix" osName="Linux" osVersion="3.10.0-693.17.1.el7.x86_64" username="imageuser" sudo-command-enabled="true" sudo-fail-on-prompt-timeout="false"></node>
  <node name="we-caint5-rk1" description="Rundeck server node" tags="frontend,we,caint5" hostname="dparck-vicn223" osArch="amd64" osFamily="unix" osName="Linux" osVersion="3.10.0-693.17.1.el7.x86_64" username="imageuser" sudo-command-enabled="true" sudo-fail-on-prompt-timeout="false"></node>
  <node name="ws-caint5-rk1" description="Rundeck server node" tags="frontend,ws,caint5" hostname="dparck-vicn225" osArch="amd64" osFamily="unix" osName="Linux" osVersion="3.10.0-693.17.1.el7.x86_64" username="imageuser" sudo-command-enabled="true" sudo-fail-on-prompt-timeout="false"></node>
  <node name="mg-int6-sac1" description="Rundeck server node" tags="frontend,mg,int6" hostname="efesac-vicn054" osArch="amd64" osFamily="unix" osName="Linux" osVersion="3.10.0-693.17.1.el7.x86_64" username="imageuser" sudo-command-enabled="true" sudo-fail-on-prompt-timeout="false"></node>
  <node name="pb-int6-sac1" description="Rundeck server node" tags="frontend,pb,int6" hostname="efesac-vicn053" osArch="amd64" osFamily="unix" osName="Linux" osVersion="3.10.0-693.17.1.el7.x86_64" username="imageuser" sudo-command-enabled="true" sudo-fail-on-prompt-timeout="false"></node>
  <node name="pk-int6-sac1" description="Rundeck server node" tags="frontend,pk,int6" hostname="efesac-vicn051" osArch="amd64" osFamily="unix" osName="Linux" osVersion="3.10.0-693.17.1.el7.x86_64" username="imageuser" sudo-command-enabled="true" sudo-fail-on-prompt-timeout="false"></node>
  <node name="pt-int6-sac1" description="Rundeck server node" tags="frontend,pt,int6" hostname="efesac-vicn052" osArch="amd64" osFamily="unix" osName="Linux" osVersion="3.10.0-693.17.1.el7.x86_64" username="imageuser" sudo-command-enabled="true" sudo-fail-on-prompt-timeout="false"></node>
  <node name="we-int6-sac1" description="Rundeck server node" tags="frontend,we,int6" hostname="efesac-vicn050" osArch="amd64" osFamily="unix" osName="Linux" osVersion="3.10.0-693.17.1.el7.x86_64" username="imageuser" sudo-command-enabled="true" sudo-fail-on-prompt-timeout="false"></node>
  <node name="ws-int6-sac1" description="Rundeck server node" tags="frontend,ws,int6" hostname="efesac-vicn049" osArch="amd64" osFamily="unix" osName="Linux" osVersion="3.10.0-693.17.1.el7.x86_64" username="imageuser" sudo-command-enabled="true" sudo-fail-on-prompt-timeout="false"></node>
</project>