<?xml version="1.0" encoding="UTF-8"?>
<project>
  <node name="we-ecmpub-qa-sac1v" description="we ecm qa publish node" tags="ecm,we,qa,qa1,publish,ecmpub,ecm-publish" hostname="ecmsac-vicn010" osArch="amd64" osFamily="unix" osName="Linux" osVersion="2.6.18-274.7.1.el5" username="imageuser" sudo-command-enabled="true" sudo-fail-on-prompt-timeout="false"/>
  <node name="ws-ecmauth-qa-sac1v" description="ws ecm qa author node" tags="ecm,ws,qa,qa1,author,ecmauth,ecm-author" hostname="ecmsac-vicn011" osArch="amd64" osFamily="unix" osName="Linux" osVersion="2.6.18-274.7.1.el5" username="imageuser" sudo-command-enabled="true" sudo-fail-on-prompt-timeout="false"/>
  <node name="ws-ecmpub-qa-sac1v" description="ws ecm qa publish node" tags="ecm,ws,qa,qa1,publish,ecmpub,ecm-publish" hostname="ecmsac-vicn012" osArch="amd64" osFamily="unix" osName="Linux" osVersion="2.6.18-274.7.1.el5" username="imageuser" sudo-command-enabled="true" sudo-fail-on-prompt-timeout="false"/>
  <node name="pb-ecmauth-ca1-rk1v" description="pb ecm ca1 author node" tags="ecm,pb,ca1,author,ecmauth,ecm-author" hostname="ecmrck-vicn016" osArch="amd64" osFamily="unix" osName="Linux" osVersion="3.10.0-1160.11.1.el7" username="imageuser" sudo-command-enabled="true" sudo-fail-on-prompt-timeout="false"/>
  <node name="pb-ecmpub-ca1-rk1v" description="pb ecm ca1 publish node" tags="ecm,pb,ca1,publish,ecmpub,ecm-publish" hostname="ecmrck-vicn011" osArch="amd64" osFamily="unix" osName="Linux" osVersion="3.10.0-1160.11.1.el7" username="imageuser" sudo-command-enabled="true" sudo-fail-on-prompt-timeout="false"/>
  <node name="we-ecmauth-ca1-rk1v" description="we ecm ca1 author node" tags="ecm,we,ca1,author,ecmauth,ecm-author" hostname="ecmrck-vicn020" osArch="amd64" osFamily="unix" osName="Linux" osVersion="3.10.0-1160.11.1.el7" username="imageuser" sudo-command-enabled="true" sudo-fail-on-prompt-timeout="false"/>
  <node name="we-ecmpub-ca1-rk1v" description="we ecm ca1 publish node" tags="ecm,we,ca1,publish,ecmpub,ecm-publish" hostname="ecmrck-vicn015" osArch="amd64" osFamily="unix" osName="Linux" osVersion="3.10.0-1160.11.1.el7" username="imageuser" sudo-command-enabled="true" sudo-fail-on-prompt-timeout="false"/>
  <node name="ws-ecmauth-ca1-rk1v" description="ws ecm ca1 author node" tags="ecm,ws,ca1,author,ecmauth,ecm-author" hostname="ecmrck-vicn019" osArch="amd64" osFamily="unix" osName="Linux" osVersion="3.10.0-1160.11.1.el7" username="imageuser" sudo-command-enabled="true" sudo-fail-on-prompt-timeout="false"/>
  <node name="ws-ecmpub-ca1-rk1v" description="ws ecm ca1 publish node" tags="ecm,ws,ca1,publish,ecmpub,ecm-publish" hostname="ecmrck-vicn014" osArch="amd64" osFamily="unix" osName="Linux" osVersion="3.10.0-1160.11.1.el7" username="imageuser" sudo-command-enabled="true" sudo-fail-on-prompt-timeout="false"/>
</project>
