<?xml version='1.0' encoding='UTF-8'?>
<project>
  <actions/>
  <description></description>
  <keepDependencies>false</keepDependencies>
  <properties>
    <hudson.plugins.buildblocker.BuildBlockerProperty plugin="build-blocker-plugin@1.7.3">
      <useBuildBlocker>false</useBuildBlocker>
      <blockLevel>UNDEFINED</blockLevel>
      <scanQueueFor>DISABLED</scanQueueFor>
      <blockingJobs></blockingJobs>
    </hudson.plugins.buildblocker.BuildBlockerProperty>
    <jenkins.model.BuildDiscarderProperty>
      <strategy class="hudson.tasks.LogRotator">
        <daysToKeep>180</daysToKeep>
        <numToKeep>20</numToKeep>
        <artifactDaysToKeep>-1</artifactDaysToKeep>
        <artifactNumToKeep>-1</artifactNumToKeep>
      </strategy>
    </jenkins.model.BuildDiscarderProperty>
    <hudson.model.ParametersDefinitionProperty>
      <parameterDefinitions>
        <hudson.model.StringParameterDefinition>
          <name>MIN_FILE_SIZE</name>
          <description>the minimum allowed size of the artifact in bytes</description>
          <defaultValue>5242880</defaultValue>
        </hudson.model.StringParameterDefinition>
        <hudson.model.StringParameterDefinition>
          <name>MAX_FILE_SIZE</name>
          <description>the maximum allowed size of the artifact in bytes</description>
          <defaultValue>25000000</defaultValue>
        </hudson.model.StringParameterDefinition>
        <hudson.model.StringParameterDefinition>
          <name>GROUP_ID</name>
          <description>artifact groupId to upload artfact as</description>
          <defaultValue>com.wsgc.endeca</defaultValue>
        </hudson.model.StringParameterDefinition>
        <hudson.model.StringParameterDefinition>
          <name>ARTIFACT_ID_PATTERN</name>
          <description>artifact id pattern regex match</description>
          <defaultValue>aster-ranking-keywords-[^\-]\+-[^\-]\+</defaultValue>
        </hudson.model.StringParameterDefinition>
        <hudson.model.StringParameterDefinition>
          <name>VERSION_PATTERN</name>
          <description>artifact version pattern regex match</description>
          <defaultValue>[0-9]\+-[0-9]\+</defaultValue>
        </hudson.model.StringParameterDefinition>
        <hudson.model.StringParameterDefinition>
          <name>REPO_URL</name>
          <description>artifact repository url</description>
          <defaultValue>http://snapshotrepo.wsgc.com/artifactory</defaultValue>
        </hudson.model.StringParameterDefinition>
        <hudson.model.StringParameterDefinition>
          <name>REPO_ID</name>
          <description>artifact repository id</description>
          <defaultValue>wsgc-endeca</defaultValue>
        </hudson.model.StringParameterDefinition>
      </parameterDefinitions>
    </hudson.model.ParametersDefinitionProperty>
  </properties>
  <scm class="hudson.scm.NullSCM"/>
  <assignedNode>master</assignedNode>
  <canRoam>false</canRoam>
  <disabled>true</disabled>
  <blockBuildWhenDownstreamBuilding>false</blockBuildWhenDownstreamBuilding>
  <blockBuildWhenUpstreamBuilding>false</blockBuildWhenUpstreamBuilding>
  <jdk>(System)</jdk>
  <triggers>
    <org.jenkinsci.plugins.scripttrigger.ScriptTrigger plugin="scripttrigger@0.31">
      <spec>H/2 * * * *</spec>
      <labelRestriction>false</labelRestriction>
      <enableConcurrentBuild>false</enableConcurrentBuild>
      <script>rerun endeca:sftp-get-artifacts --sftp-user ${WSI_DMZ_MARKETING_USER} --sftp-key ~/.ssh/mktusr_rkmoveitdmz_rsa --sftp-host ${WSI_DMZ_HOST} --sftp-dir ${WSI_DMZ_ENDECA_DIR_QA} --dest-dir ${JENKINS_HOME}/workspace/${JOB_NAME}/target 
</script>
    </org.jenkinsci.plugins.scripttrigger.ScriptTrigger>
  </triggers>
  <concurrentBuild>false</concurrentBuild>
  <builders>
    <hudson.tasks.Shell>
      <command>

         rerun endeca:upload-artifacts --artifact-id-pattern &quot;${ARTIFACT_ID_PATTERN}&quot; --version-pattern &quot;${VERSION_PATTERN}&quot; --min-file-size  ${MIN_FILE_SIZE} --max-file-size ${MAX_FILE_SIZE} --repo-url ${REPO_URL} --repo-api-token ${SNAPSHOT_API_TOKEN} --repo-id ${REPO_ID} --group-id ${GROUP_ID} --sftp-user ${WSI_DMZ_MARKETING_USER} --sftp-key  ~/.ssh/mktusr_rkmoveitdmz_rsa --sftp-host ${WSI_DMZ_HOST} --sftp-dir ${WSI_DMZ_ENDECA_DIR_QA}

</command>
    </hudson.tasks.Shell>
  </builders>
  <publishers/>
  <buildWrappers>
    <org.jenkinsci.plugins.builduser.BuildUser plugin="build-user-vars-plugin@1.5"/>
  </buildWrappers>
</project>
