<?xml version="1.0" encoding="UTF-8"?>
<Configuration status="warn" name="logprod" monitorInterval="60">
    <properties>
        <Property name="applicationName">${bundle:platform:applicationName}</Property>
        <Property name="datacenterName">${bundle:platform:datacenterName}</Property>
        <Property name="serverId">${bundle:platform:serverId}</Property>
        <Property name="failoverAppenderName">${bundle:platform:failoverAppenderName}</Property>
        <Property name="platformKafkaAppenderName">${bundle:platform:platformKafkaAppenderName}</Property>
        <Property name="tomcatLogDir">${bundle:platform:tomcatLogDir}</Property>
        <Property name="backupFileAppenderName">${bundle:platform:backupFileAppenderName}</Property>
        <Property name="kafkaFileFailOverAppenderName">${bundle:platform:kafkaFileFailOverAppenderName}</Property>
        <Property name="catalinaFileAppenderName">${bundle:platform:catalinaFileAppenderName}</Property>
        <Property name="eCommFileAppenderName">${bundle:platform:eCommFileAppenderName}</Property>
        <Property name="catalinaFileAppenderName">${bundle:platform:catalinaFileAppenderName}</Property>
        <Property name="securityFileAppenderName">${bundle:platform:securityFileAppenderName}</Property>
        <Property name="eCommFileName">${bundle:platform:eCommFileName}</Property>
        <Property name="applicationFileName">${bundle:platform:applicationFileName}</Property>
        <Property name="securityFileName">${bundle:platform:securityFileName}</Property>
        <Property name="failoverFileName">${bundle:platform:failoverFileName}</Property>
        <Property name="rolloverPattern">${bundle:platform:rolloverPattern}</Property>
    </properties>
    <Appenders>
        <PlatformKafka name="${platformKafkaAppenderName}"
               topic="${bundle:platform:topicPrefix}${applicationName}${bundle:platform:topicSuffix}" syncSend="true" ignoreExceptions="false">
            <Property name="security.protocol">${bundle:platform:securityProtocol}</Property>
            <Property name="bootstrap.servers">${bundle:platform:kafkaServers}</Property>
            <Property name="max.block.ms">${bundle:platform:kafkaBlockTime}</Property>
            <Property name="timeout.ms">${bundle:platform:kafkaTimeout}</Property>
            <JsonLayout compact="true"
                        eventEol="true" objectMessageAsJsonObject="true" properties="true" includeStacktrace="true" stacktraceAsString="true">
                <KeyValuePair key="applicationName" value="${applicationName}" />
                <KeyValuePair key="datacenterName" value="${datacenterName}" />
                <KeyValuePair key="hostName" value="${hostName}" />
                <KeyValuePair key="serverId" value="${serverId}" />
            </JsonLayout>
        </PlatformKafka>

        <RollingRandomAccessFile
                name="${kafkaFileFailOverAppenderName}"
                fileName="${tomcatLogDir}/${failoverFileName}"
                filePattern="${tomcatLogDir}/${failoverFileName}${rolloverPattern}"
                append="true">
            <JsonLayout compact="true"
                eventEol="true" objectMessageAsJsonObject="true" properties="true"
                includeStacktrace="true" stacktraceAsString="true">
                <KeyValuePair key="applicationName" value="${applicationName}" />
                <KeyValuePair key="datacenterName" value="${datacenterName}" />
                <KeyValuePair key="hostName" value="${hostName}" />
                <KeyValuePair key="serverId" value="${serverId}" />
            </JsonLayout>   
         <Policies>
                <SizeBasedTriggeringPolicy size="5 MB" />
                <TimeBasedTriggeringPolicy />
            </Policies>
        </RollingRandomAccessFile>
        <RollingRandomAccessFile
                name="${backupFileAppenderName}"
                fileName="${tomcatLogDir}/${applicationFileName}"
                filePattern="${tomcatLogDir}/${applicationFileName}${rolloverPattern}"
                append="true">
            <PatternLayout
                pattern="[%X{AD.requestGUID}] [%X{trace_id}] %d{DEFAULT} [${applicationName} ${datacenterName} ${hostName}  ${serverId}] %-5p [%t] %c - %m%n" />
            <Policies>
                <SizeBasedTriggeringPolicy size="5 MB" />
                <TimeBasedTriggeringPolicy />
            </Policies>
        </RollingRandomAccessFile>
        <RollingRandomAccessFile
                name="${catalinaFileAppenderName}"
                fileName="${tomcatLogDir}/${applicationFileName}"
                filePattern="${tomcatLogDir}/${applicationFileName}${rolloverPattern}"
                append="true">
            <PatternLayout
                pattern="[%X{AD.requestGUID}] [%X{trace_id}] %d{DEFAULT} [${applicationName} ${datacenterName} ${hostName}  ${serverId}] %-5p [%t] %c - %m%n" />
            <Policies>
                <SizeBasedTriggeringPolicy size="5 MB" />
                <TimeBasedTriggeringPolicy />
            </Policies>
        </RollingRandomAccessFile>
        <RollingRandomAccessFile
                name="${eCommFileAppenderName}"
                fileName="${tomcatLogDir}/${eCommFileName}"
                filePattern="${tomcatLogDir}/${eCommFileName}${rolloverPattern}"
                append="true">
            <PatternLayout
                    pattern="[%X{AD.requestGUID}] [%X{trace_id}] %d{DEFAULT} [${applicationName} ${datacenterName} ${hostName}  ${serverId}] %-5p [%t] %c - %m%n" />
            <Policies>
                <SizeBasedTriggeringPolicy size="5 MB" />
                <TimeBasedTriggeringPolicy />
            </Policies>
        </RollingRandomAccessFile>
        <RollingRandomAccessFile
                name="${securityFileAppenderName}"
                fileName="${tomcatLogDir}/${securityFileName}"
                filePattern="${tomcatLogDir}/${securityFileName}${rolloverPattern}"
                append="true">
            <PatternLayout
                pattern="[%X{AD.requestGUID}] [%X{trace_id}] %d{DEFAULT} [${applicationName} ${datacenterName} ${hostName}  ${serverId}] %-5p [%t] %c - %m%n" />
            <Policies>
                <SizeBasedTriggeringPolicy size="5 MB" />
                <TimeBasedTriggeringPolicy />
            </Policies>
        </RollingRandomAccessFile>
        <Failover name="${failoverAppenderName}" primary="${platformKafkaAppenderName}"
                  retryIntervalSeconds="${bundle:platform:failOverIntervalSeconds}" ignoreExceptions="false">
            <Failovers>
                <AppenderRef ref="${kafkaFileFailOverAppenderName}" />
            </Failovers>
        </Failover>
    </Appenders>
    <Loggers>
        <AsyncRoot level="info">
            <AppenderRef ref="${failoverAppenderName}" />
            <AppenderRef ref="${backupFileAppenderName}" />
        </AsyncRoot>
        <AsyncLogger name="org.apache.catalina" level="info">
            <AppenderRef ref="${catalinaFileAppenderName}"/>
        </AsyncLogger>
        <AsyncLogger name="org.springframework" level="warn">
            <AppenderRef ref="${catalinaFileAppenderName}"/>
        </AsyncLogger>
        <AsyncLogger name="com.wsgc.ecommerce.utilities.scheduling" level="info" additivity="false">
            <AppenderRef ref="${eCommFileAppenderName}"/>
        </AsyncLogger>
        <AsyncLogger name="com.wsgc.ecommerce.security.lockout.StandardSecurityLockoutLogger" level="info" additivity="false">
            <AppenderRef ref="${securityFileAppenderName}"/>
        </AsyncLogger>
        <AsyncLogger name="org.apache.kafka" level="info" additivity="false">
            <AppenderRef ref="${backupFileAppenderName}"/>
        </AsyncLogger>
    </Loggers>
</Configuration>
