<?xml version="1.0" encoding="UTF-8"?>
<project>

  <node name="gr-wcm-qa5-rk1v" description="gr wcm qa5 node" tags="wcm,gr,apmagents,qa5" hostname="aemrck-vicn021" osArch="amd64" osFamily="unix" osName="Linux" osVersion="2.6.18-274.7.1.el5" username="imageuser" sudo-command-enabled="true" sudo-fail-on-prompt-timeout="false"/>
  <node name="gr-wcm-qa7-rk1v" description="gr wcm qa7 node" tags="wcm,gr,apmagents,qa7" hostname="aemrck-vicn022" osArch="amd64" osFamily="unix" osName="Linux" osVersion="2.6.18-274.7.1.el5" username="imageuser" sudo-command-enabled="true" sudo-fail-on-prompt-timeout="false"/>
  <node name="gr-wcm-uat1-rk1v" description="gr wcm uat1 node" tags="wcm,gr,apmagents,uat1" hostname="aemrck-vicn026" osArch="amd64" osFamily="unix" osName="Linux" osVersion="2.6.18-274.7.1.el5" username="imageuser" sudo-command-enabled="true" sudo-fail-on-prompt-timeout="false"/>
  <node name="gr-wcm-uat2-rk1v" description="gr wcm uat2 node" tags="wcm,gr,apmagents,uat2" hostname="aemrck-vicn024" osArch="amd64" osFamily="unix" osName="Linux" osVersion="2.6.18-274.7.1.el5" username="imageuser" sudo-command-enabled="true" sudo-fail-on-prompt-timeout="false"/>
  <node name="gr-wcm-rgs1-rk1v" description="gr wcm rgs1 node" tags="wcm,gr,apmagents,rgs1" hostname="aemrck-vicn025" osArch="amd64" osFamily="unix" osName="Linux" osVersion="2.6.18-274.7.1.el5" username="imageuser" sudo-command-enabled="true" sudo-fail-on-prompt-timeout="false"/>
  <node name="gr-wcm-rgs2-rk1v" description="gr wcm rgs2 node" tags="wcm,gr,apmagents,rgs2" hostname="aemrck-vicn026" osArch="amd64" osFamily="unix" osName="Linux" osVersion="2.6.18-274.7.1.el5" username="imageuser" sudo-command-enabled="true" sudo-fail-on-prompt-timeout="false"/>
  <node name="gr-wcm-perf-rk1v" description="gr wcm perf node" tags="wcm,gr,apmagents,perf" hostname="aemrck-vicn027" osArch="amd64" osFamily="unix" osName="Linux" osVersion="2.6.18-274.7.1.el5" username="imageuser" sudo-command-enabled="true" sudo-fail-on-prompt-timeout="false"/>

  <node name="mg-wcm-rgs-rk1v" description="mg wcm rgs node" tags="wcm,mg,apmagents,rgs1" hostname="wcmrck-vicn024" osArch="amd64" osFamily="unix" osName="Linux" osVersion="2.6.18-274.7.1.el5" username="imageuser" sudo-command-enabled="true" sudo-fail-on-prompt-timeout="false"/>
  <node name="pb-wcm-rgs-rk1v" description="pb wcm rgs node" tags="wcm,pb,apmagents,rgs1" hostname="wcmrck-vicn018" osArch="amd64" osFamily="unix" osName="Linux" osVersion="2.6.18-274.7.1.el5" username="imageuser" sudo-command-enabled="true" sudo-fail-on-prompt-timeout="false"/>
  <node name="pk-wcm-rgs-rk1v" description="pk wcm rgs node" tags="wcm,pk,apmagents,rgs1" hostname="wcmrck-vicn017" osArch="amd64" osFamily="unix" osName="Linux" osVersion="2.6.18-274.7.1.el5" username="imageuser" sudo-command-enabled="true" sudo-fail-on-prompt-timeout="false"/>
  <node name="pt-wcm-rgs-rk1v" description="pt wcm rgs node" tags="wcm,pt,apmagents,rgs1" hostname="wcmrck-vicn016" osArch="amd64" osFamily="unix" osName="Linux" osVersion="2.6.18-274.7.1.el5" username="imageuser" sudo-command-enabled="true" sudo-fail-on-prompt-timeout="false"/>
  <node name="rj-wcm-rgs1-rk1v" description="rj wcm rgs node" tags="wcm,rj,apmagents,rgs1" hostname="aemrck-vicn012" osArch="amd64" osFamily="unix" osName="Linux" osVersion="2.6.18-274.7.1.el5" username="imageuser" sudo-command-enabled="true" sudo-fail-on-prompt-timeout="false"/>
  <node name="we-wcm-rgs-rk1v" description="we wcm rgs node" tags="wcm,we,apmagents,rgs1" hostname="wcmrck-vicn023" osArch="amd64" osFamily="unix" osName="Linux" osVersion="2.6.18-274.7.1.el5" username="imageuser" sudo-command-enabled="true" sudo-fail-on-prompt-timeout="false"/>
  <node name="ws-wcm-rgs-rk1v" description="ws wcm rgs node" tags="wcm,ws,apmagents,rgs1" hostname="wcmrck-vicn019" osArch="amd64" osFamily="unix" osName="Linux" osVersion="2.6.18-274.7.1.el5" username="imageuser" sudo-command-enabled="true" sudo-fail-on-prompt-timeout="false"/>

  <node name="mg-wcm-rgs2-sac1v" description="wcm rgs node" tags="wcm,mg,apmagents,rgs2" hostname="wcmsac-vicn019" osArch="amd64" osFamily="unix" osName="Linux" osVersion="2.6.18-274.7.1.el5" username="imageuser" sudo-command-enabled="true" sudo-fail-on-prompt-timeout="false"/>
  <node name="pb-wcm-rgs2-sac1v" description="wcm rgs node" tags="wcm,pb,apmagents,rgs2,cargs2" hostname="wcmsac-vicn013" osArch="amd64" osFamily="unix" osName="Linux" osVersion="2.6.18-274.7.1.el5" username="imageuser" sudo-command-enabled="true" sudo-fail-on-prompt-timeout="false"/>
  <node name="pk-wcm-rgs2-sac1v" description="wcm rgs node" tags="wcm,pk,apmagents,rgs2,cargs2" hostname="wcmsac-vicn015" osArch="amd64" osFamily="unix" osName="Linux" osVersion="2.6.18-274.7.1.el5" username="imageuser" sudo-command-enabled="true" sudo-fail-on-prompt-timeout="false"/>
  <node name="pt-wcm-rgs2-sac1v" description="wcm rgs node" tags="wcm,pt,apmagents,rgs2" hostname="wcmsac-vicn017" osArch="amd64" osFamily="unix" osName="Linux" osVersion="2.6.18-274.7.1.el5" username="imageuser" sudo-command-enabled="true" sudo-fail-on-prompt-timeout="false"/>
  <node name="rj-wcm-rgs2-rk1v" description="rj wcm rgs node" tags="wcm,rj,apmagents,rgs2" hostname="aemrck-vicn013" osArch="amd64" osFamily="unix" osName="Linux" osVersion="2.6.18-274.7.1.el5" username="imageuser" sudo-command-enabled="true" sudo-fail-on-prompt-timeout="false"/>
  <node name="we-wcm-rgs2-sac1v" description="wcm rgs node" tags="wcm,we,apmagents,rgs2,cargs2" hostname="wcmsac-vicn023" osArch="amd64" osFamily="unix" osName="Linux" osVersion="2.6.18-274.7.1.el5" username="imageuser" sudo-command-enabled="true" sudo-fail-on-prompt-timeout="false"/>
  <node name="ws-wcm-rgs2-sac1v" description="ws wcm rgs node" tags="wcm,ws,apmagents,rgs2,cargs2" hostname="wcmsac-vicn021" osArch="amd64" osFamily="unix" osName="Linux" osVersion="2.6.18-274.7.1.el5" username="imageuser" sudo-command-enabled="true" sudo-fail-on-prompt-timeout="false"/>

  <node name="mg-wcm-rgs3-sac1v" description="wcm rgs node" tags="wcm,mg,apmagents,rgs3" hostname="wcmsac-vicn020" osArch="amd64" osFamily="unix" osName="Linux" osVersion="2.6.18-274.7.1.el5" username="imageuser" sudo-command-enabled="true" sudo-fail-on-prompt-timeout="false"/>
  <node name="pb-wcm-rgs3-sac1v" description="wcm rgs node" tags="wcm,pb,apmagents,rgs3" hostname="wcmsac-vicn014" osArch="amd64" osFamily="unix" osName="Linux" osVersion="2.6.18-274.7.1.el5" username="imageuser" sudo-command-enabled="true" sudo-fail-on-prompt-timeout="false"/>
  <node name="pk-wcm-rgs3-sac1v" description="wcm rgs node" tags="wcm,pk,apmagents,rgs3" hostname="wcmsac-vicn016" osArch="amd64" osFamily="unix" osName="Linux" osVersion="2.6.18-274.7.1.el5" username="imageuser" sudo-command-enabled="true" sudo-fail-on-prompt-timeout="false"/>
  <node name="pt-wcm-rgs3-sac1v" description="wcm rgs node" tags="wcm,pt,apmagents,rgs3" hostname="wcmsac-vicn018" osArch="amd64" osFamily="unix" osName="Linux" osVersion="2.6.18-274.7.1.el5" username="imageuser" sudo-command-enabled="true" sudo-fail-on-prompt-timeout="false"/>
  <node name="we-wcm-rgs3-sac1v" description="wcm rgs node" tags="wcm,we,apmagents,rgs3" hostname="wcmsac-vicn024" osArch="amd64" osFamily="unix" osName="Linux" osVersion="2.6.18-274.7.1.el5" username="imageuser" sudo-command-enabled="true" sudo-fail-on-prompt-timeout="false"/>
  <node name="ws-wcm-rgs3-sac1v" description="wcm rgs node" tags="wcm,ws,apmagents,rgs3" hostname="wcmsac-vicn022" osArch="amd64" osFamily="unix" osName="Linux" osVersion="2.6.18-274.7.1.el5" username="imageuser" sudo-command-enabled="true" sudo-fail-on-prompt-timeout="false"/>

  <node name="rj-wcm-qa7-rk1v" description="rj wcm qa7 node" tags="wcm,rj,apmagents,qa7" hostname="aemrck-vicn011" osArch="amd64" osFamily="unix" osName="Linux" osVersion="2.6.18-274.7.1.el5" username="imageuser" sudo-command-enabled="true" sudo-fail-on-prompt-timeout="false"/>

  <node name="pk-wcm-perf-rk1v" description="pk wcm perf node" tags="wcm,pk,apmagents,perf" hostname="wcmrck-vdcn005" osArch="amd64" osFamily="unix" osName="Linux" osVersion="2.6.18-274.7.1.el5" username="imageuser" sudo-command-enabled="true" sudo-fail-on-prompt-timeout="false"/>
  <node name="we-wcm-perf-rk1v" description="we wcm perf node" tags="wcm,we,apmagents,perf" hostname="wcmrck-vicn004" osArch="amd64" osFamily="unix" osName="Linux" osVersion="2.6.18-274.7.1.el5" username="imageuser" sudo-command-enabled="true" sudo-fail-on-prompt-timeout="false"/>
  <node name="ws-wcm-perf-rk1v" description="ws wcm perf node" tags="wcm,ws,apmagents,perf" hostname="wcmrck-vicn021" osArch="amd64" osFamily="unix" osName="Linux" osVersion="2.6.18-274.7.1.el5" username="imageuser" sudo-command-enabled="true" sudo-fail-on-prompt-timeout="false"/>
  <node name="pb-wcm-perf-rk1v" description="pb wcm perf node" tags="wcm,pb,apmagents,perf" hostname="wcmrck-vicn022" osArch="amd64" osFamily="unix" osName="Linux" osVersion="3.10.0-327.28.2.el7" username="imageuser" sudo-command-enabled="true" sudo-fail-on-prompt-timeout="false"/>
  <node name="pt-wcm-perf-rk1v" description="pt wcm perf node" tags="wcm,pt,apmagents,perf" hostname="wcmrck-vicn020" osArch="amd64" osFamily="unix" osName="Linux" osVersion="3.10.0-327.28.2.el7" username="imageuser" sudo-command-enabled="true" sudo-fail-on-prompt-timeout="false"/>
  <node name="mg-wcm-perf-rk1v" description="mg wcm perf node" tags="wcm,mg,apmagents,perf" hostname="wcmrck-vicn034" osArch="amd64" osFamily="unix" osName="Linux" osVersion="3.10.0-327.28.2.el7" username="imageuser" sudo-command-enabled="true" sudo-fail-on-prompt-timeout="false"/>
  <node name="rj-wcm-perf-rk1v" description="rj wcm perf node" tags="wcm,rj,apmagents,perf" hostname="wcmrck-vicn001" osArch="amd64" osFamily="unix" osName="Linux" osVersion="3.10.0-327.28.2.el7" username="imageuser" sudo-command-enabled="true" sudo-fail-on-prompt-timeout="false"/>
  
  <node name="rj-wcm-qa1-sac1v" description="rj wcm qa1 node" tags="wcm,rj,apmagents,qa1" hostname="wcmsac-vicn025" osArch="amd64" osFamily="unix" osName="Linux" osVersion="2.6.18-274.7.1.el5" username="imageuser" sudo-command-enabled="true" sudo-fail-on-prompt-timeout="false"/>
  <node name="gr-wcm-qa1-sac1v" description="mg wcm qa1 node" tags="wcm,gr,apmagents,qa1" hostname="wcmsac-vicn026" osArch="amd64" osFamily="unix" osName="Linux" osVersion="2.6.18-274.7.1.el5" username="imageuser" sudo-command-enabled="true" sudo-fail-on-prompt-timeout="false"/>

  <node name="wcmrck-vicn005" description="pk wcm perf-new node" tags="wcm,pk,apmagents,perf-new" hostname="wcmrck-vicn005" osArch="amd64" osFamily="unix" osName="Linux" osVersion="3.10.0-1160.62.1.el7" username="imageuser" sudo-command-enabled="true" sudo-fail-on-prompt-timeout="false"/>
  
</project>
