<?xml version="1.0" encoding="UTF-8"?>
<project>

  <node name="artrck-vdcn007" description="artifactory snapshot repository server" tags="snapshotrepo,toolchain" hostname="artrck-vdcn007" osArch="amd64" osFamily="unix" osName="Linux" osVersion="3.10.0-862.11.6.el7.x86_64" username="imageuser"/>
  <node name="artrck-vicn004" description="artifactory snapshot repository server" tags="snapshotrepo,toolchain" hostname="artrck-vicn004" osArch="amd64" osFamily="unix" osName="Linux" osVersion="3.10.0-862.11.6.el7.x86_64" username="imageuser"/>

  <node name="artrck-vccn005" description="artifactory repository server" tags="artifactory,toolchain" hostname="artrck-vccn005" osArch="amd64" osFamily="unix" osName="Linux" osVersion="3.10.0-862.11.6.el7.x86_64" username="imageuser"/>
  <node name="artrck-vccn006" description="artifactory repository server" tags="artifactory,toolchain" hostname="artrck-vccn006" osArch="amd64" osFamily="unix" osName="Linux" osVersion="3.10.0-862.11.6.el7.x86_64" username="imageuser"/>
  <node name="artrck-vccn007" description="" tags="xray" hostname="artrck-vccn007" osArch="amd64" osFamily="unix" osName="Linux" osVersion="3.10.0-862.11.6.el7.x86_64" username="imageuser"/>
  <node name="artrck-vccn008" description="" tags="uknown" hostname="artrck-vccn008" osArch="amd64" osFamily="unix" osName="Linux" osVersion="3.10.0-862.11.6.el7.x86_64" username="imageuser"/>
  <node name="artrck-vccn009" description="" tags="xray,postgress" hostname="artrck-vccn009" osArch="amd64" osFamily="unix" osName="Linux" osVersion="3.10.0-862.11.6.el7.x86_64" username="imageuser"/>
  <node name="ecom-mysql" description="" tags="mysql,mariadb" hostname="artrck-virk001" osArch="amd64" osFamily="unix" osName="Linux" osVersion="3.10.0-862.11.6.el7.x86_64" username="imageuser"/>

  <node name="scm-toolsprd-rk1" description="SCM Tools" tags="toolchain,scm-tools" hostname="scm-toolsprd-rk1" osArch="amd64" osFamily="unix" osName="Linux" osVersion="2.6.32-696.13.2.el6" username="imageuser" sudo-command-enabled="true" sudo-fail-on-prompt-timeout="false"/>
  <node name="ecom-devops-tools-1" description="DevOps Tools 1" tags="toolchain,create-release-artifact" hostname="tlsrck-vdcn005" osArch="amd64" osFamily="unix" osName="Linux" osVersion="3.10.0-1160.31.1.el7" username="mavenbuild" sudo-command-enabled="false" sudo-fail-on-prompt-timeout="false"/>
  <node name="vaultprdrk1v" description="thevault" tags="toolchain,thevault" hostname="vaultprdrk1v" osArch="amd64" osFamily="unix" osName="Linux" osVersion="2.6.18-423.7.1.el5" username="imageuser" sudo-command-enabled="true" sudo-fail-on-prompt-timeout="false"/>
  <node name="rndrck-vdcn001" description="Rundeck server" tags="rundeck" hostname="rndrck-vdcn001" osArch="amd64" osFamily="unix" osName="Linux" osVersion="3.10.0-693.2.2.el7.x86_64" username="rundeck"/>

<!--
  <node name="buildsystem-prd-rk1v" description="BuildSystem prd Server" tags="toolchain,buildsystem-prd,buildsystem,prdrk" hostname="buildsystem-prd-rk1v" osArch="amd64" osFamily="unix" osName="Linux" osVersion="2.6.32-696.23.1.el6.x86_64" username="imageuser" sudo-command-enabled="true" sudo-fail-on-prompt-timeout="false"/>
-->
  <node name="buildsystem-prd-rk2v" description="BuildSystem prd Server" tags="toolchain,buildsystem-prd,buildsystem,prdrk2" hostname="bldrck-vccn002" osArch="amd64" osFamily="unix" osName="Linux" osVersion="2.6.32-696.23.1.el6.x86_64" username="imageuser" sudo-command-enabled="true" sudo-fail-on-prompt-timeout="false"/>

  <node name="bgb" description="BGB prd server" tags="bgb-service,prdrk" hostname="vaultprdrk1v-1" osArch="amd64" osFamily="unix" osName="Linux" osVersion="2.6.18-412.el5" username="imageuser" sudo-command-enabled="true" sudo-fail-on-prompt-timeout="false"/>

  <node name="bgb-ca-prd-rk1v" description="BGB prd server" tags="bgb-service,ca-prdrk" hostname="bgbrck-vccn002" osArch="amd64" osFamily="unix" osName="Linux" osVersion="2.6.18-412.el5" username="imageuser" sudo-command-enabled="true" sudo-fail-on-prompt-timeout="false"/>
  <node name="buildsystem-ca-prd-rk1v" description="Buildsystem prd server" tags="buildsystem,ca-prdrk" hostname="bgbrck-vccn002" osArch="amd64" osFamily="unix" osName="Linux" osVersion="2.6.18-412.el5" username="imageuser" sudo-command-enabled="true" sudo-fail-on-prompt-timeout="false"/>

  <node name="pkgtest-rocky" description="package test server for pre-production packages" tags="pkgtest,Rocky,PRD,PREPRD,verify-config-package,CA-Prod,CA-PRD" hostname="artrck-vcrk001" osArch="amd64" osFamily="unix" osName="Linux" osVersion="3.10.0-862.11.6.el7.x86_64" username="imageuser"/>
  <node name="pkgtest-preprd" description="package test server for pre-production packages" tags="pkgtest,Prod,PRD,PREPRD,verify-config-package,CA-Prod,CA-PRD" hostname="artrck-vccn004" osArch="amd64" osFamily="unix" osName="Linux" osVersion="3.10.0-862.11.6.el7.x86_64" username="imageuser"/>
  <node name="pkgtest-nonprd" description="package test server for non-production packages" tags="pkgtest,QA,UAT,DEV,NONPRD,verify-config-package,CA-QA,CA-UAT,CA-DEV" hostname="artrck-vicn003" osArch="amd64" osFamily="unix" osName="Linux" osVersion="3.10.0-862.11.6.el7.x86_64" username="imageuser"/>

  <!-- Jenkins -->
  <node name="ecombuild" description="jenkins master server" tags="jenkins,master,toolchain,centos7" hostname="jnkrck-vdcn001" osArch="amd64" osFamily="unix" osName="Linux" osVersion="3.10.0-693.5.2.el7.x86_64" username="imageuser" sudo-command-enabled="true" sudo-fail-on-prompt-timeout="false"/>
  <node name="ecom-jenkins-agent-1" description="jenkins agent server" tags="jenkins,agent,toolchain" hostname="jnkrck-vicn001" osArch="amd64" osFamily="unix" osName="Linux" osVersion="2.6.32-573.12.1.el6.x86_64" username="imageuser" sudo-command-enabled="true" sudo-fail-on-prompt-timeout="false"/>
  <node name="ecom-jenkins-agent-2" description="jenkins agent server" tags="jenkins,agent,toolchain" hostname="jnkrck-vicn002" osArch="amd64" osFamily="unix" osName="Linux" osVersion="2.6.32-573.12.1.el6.x86_64" username="imageuser" sudo-command-enabled="true" sudo-fail-on-prompt-timeout="false"/>
  <node name="ecom-jenkins-agent-3" description="jenkins agent server" tags="jenkins,agent,toolchain" hostname="jnkrck-vicn003" osArch="amd64" osFamily="unix" osName="Linux" osVersion="2.6.32-573.12.1.el6.x86_64" username="imageuser" sudo-command-enabled="true" sudo-fail-on-prompt-timeout="false"/>
  <node name="ecom-jenkins-agent-4" description="jenkins agent server" tags="jenkins,agent,toolchain" hostname="jnkrck-vicn004" osArch="amd64" osFamily="unix" osName="Linux" osVersion="2.6.32-573.12.1.el6.x86_64" username="imageuser" sudo-command-enabled="true" sudo-fail-on-prompt-timeout="false"/>
  <node name="ecom-jenkins-agent-5" description="jenkins agent server" tags="jenkins,agent,toolchain" hostname="jnkrck-vicn005" osArch="amd64" osFamily="unix" osName="Linux" osVersion="2.6.32-573.12.1.el6.x86_64" username="imageuser" sudo-command-enabled="true" sudo-fail-on-prompt-timeout="false"/>
  <node name="ecom-jenkins-agent-6" description="jenkins agent server" tags="jenkins,agent,toolchain" hostname="jnkrck-vicn006" osArch="amd64" osFamily="unix" osName="Linux" osVersion="2.6.32-573.12.1.el6.x86_64" username="imageuser" sudo-command-enabled="true" sudo-fail-on-prompt-timeout="false"/>
  <node name="ecom-jenkins-agent-7" description="jenkins agent server" tags="jenkins,agent,toolchain" hostname="jnkrck-vicn007" osArch="amd64" osFamily="unix" osName="Linux" osVersion="2.6.32-573.12.1.el6.x86_64" username="imageuser" sudo-command-enabled="true" sudo-fail-on-prompt-timeout="false"/>
  <node name="ecom-jenkins-agent-8" description="jenkins agent server" tags="jenkins,agent,toolchain" hostname="jnkrck-vicn008" osArch="amd64" osFamily="unix" osName="Linux" osVersion="2.6.32-573.12.1.el6.x86_64" username="imageuser" sudo-command-enabled="true" sudo-fail-on-prompt-timeout="false"/>
  <node name="ecom-jenkins-agent-9" description="jenkins agent server" tags="jenkins,agent,toolchain" hostname="jnkrck-vicn009" osArch="amd64" osFamily="unix" osName="Linux" osVersion="2.6.32-573.12.1.el6.x86_64" username="imageuser" sudo-command-enabled="true" sudo-fail-on-prompt-timeout="false"/>
  <node name="ecom-jenkins-agent-10" description="jenkins agent server" tags="jenkins,agent,toolchain" hostname="jnkrck-vicn010" osArch="amd64" osFamily="unix" osName="Linux" osVersion="2.6.32-573.12.1.el6.x86_64" username="imageuser" sudo-command-enabled="true" sudo-fail-on-prompt-timeout="false"/>
  <node name="ecom-jenkins-agent-11" description="jenkins agent server" tags="jenkins,agent,toolchain" hostname="jnkrck-vicn011" osArch="amd64" osFamily="unix" osName="Linux" osVersion="2.6.32-573.12.1.el6.x86_64" username="imageuser" sudo-command-enabled="true" sudo-fail-on-prompt-timeout="false"/>
  <node name="ecom-jenkins-agent-12" description="jenkins agent server" tags="jenkins,agent,toolchain" hostname="ecom-jenkins-agent-12" osArch="amd64" osFamily="unix" osName="OSX" osVersion="17.7.0" username="imageuser" sudo-command-enabled="true" sudo-fail-on-prompt-timeout="false"/>
  <node name="ecom-jenkins-agent-13" description="jenkins agent server" tags="jenkins,agent,toolchain" hostname="ecom-jenkins-agent-13" osArch="amd64" osFamily="unix" osName="OSX" osVersion="17.7.0" username="imageuser" sudo-command-enabled="true" sudo-fail-on-prompt-timeout="false"/>
  <node name="ecom-jenkins-agent-14" description="jenkins agent server" tags="jenkins,agent,toolchain" hostname="jnkrck-vicn012" osArch="amd64" osFamily="unix" osName="Linux" osVersion="2.6.32-573.12.1.el6.x86_64" username="imageuser" sudo-command-enabled="true" sudo-fail-on-prompt-timeout="false"/>
  <node name="ecom-jenkins-agent-15" description="jenkins agent server" tags="jenkins,agent,toolchain" hostname="jnkrck-vicn013" osArch="amd64" osFamily="unix" osName="Linux" osVersion="2.6.32-573.12.1.el6.x86_64" username="imageuser" sudo-command-enabled="true" sudo-fail-on-prompt-timeout="false"/>
  <node name="ecom-jenkins-agent-16" description="jenkins agent server" tags="jenkins,agent,toolchain" hostname="jnkrck-vicn014" osArch="amd64" osFamily="unix" osName="Linux" osVersion="2.6.32-573.12.1.el6.x86_64" username="imageuser" sudo-command-enabled="true" sudo-fail-on-prompt-timeout="false"/>
  <node name="ecom-jenkins-agent-17" description="jenkins agent server" tags="jenkins,agent,toolchain" hostname="jnkrck-vicn015" osArch="amd64" osFamily="unix" osName="Linux" osVersion="2.6.32-573.12.1.el6.x86_64" username="imageuser" sudo-command-enabled="true" sudo-fail-on-prompt-timeout="false"/>
  <node name="ecom-jenkins-agent-18" description="jenkins agent server" tags="jenkins,agent,toolchain" hostname="jnkrck-vicn016" osArch="amd64" osFamily="unix" osName="Linux" osVersion="2.6.32-573.12.1.el6.x86_64" username="imageuser" sudo-command-enabled="true" sudo-fail-on-prompt-timeout="false"/>
  <node name="ecom-jenkins-agent-19" description="jenkins agent server" tags="jenkins,agent,toolchain" hostname="jnkrck-vicn017" osArch="amd64" osFamily="unix" osName="Linux" osVersion="2.6.32-573.12.1.el6.x86_64" username="imageuser" sudo-command-enabled="true" sudo-fail-on-prompt-timeout="false"/>
  <node name="ecom-jenkins-agent-20" description="jenkins agent server" tags="jenkins,agent,toolchain" hostname="jnkrck-vicn018" osArch="amd64" osFamily="unix" osName="Linux" osVersion="2.6.32-573.12.1.el6.x86_64" username="imageuser" sudo-command-enabled="true" sudo-fail-on-prompt-timeout="false"/>
  <node name="ecom-jenkins-agent-21" description="jenkins agent server" tags="jenkins,agent,toolchain" hostname="jnkrck-vicn019" osArch="amd64" osFamily="unix" osName="Linux" osVersion="2.6.32-573.12.1.el6.x86_64" username="imageuser" sudo-command-enabled="true" sudo-fail-on-prompt-timeout="false"/>

</project>
