{
  "include": [
    "../../common/microservice.json"
  ],
  "name": "/shop/* /.delivery/* /.aecv1/*",
  "criteria": [
    {
      "name": "hostname",
      "options": {
        "matchOperator": "IS_ONE_OF",
        "values": [
          "www.perf.potterybarnkids.ca"
        ]
      }
    },
    {
      "name": "path",
      "options": {
        "matchCaseSensitive": false,
        "matchOperator": "MATCHES_ONE_OF",
        "values": [
          "/.static/ecmcontent/*",
          "/account/credit-account-lookup.html",
          "/api/profile/v2/*",
          "/api/registry/*",
          "/api/registry/v1/*",
          "/api/user/v2/*",
          "/customer-service/b2b-order-history.html*",
          "/customer-service/list-order/*",
          "/customer-service/order-shipment-tracking/*",
          "/customer-service/order-status/*",
          "/customer-service/return/*",
          "/m/account/credit-account-lookup.html",
          "/m/customer-service/list-order/*",
          "/m/customer-service/order-shipment-tracking/*",
          "/m/customer-service/return/*",
          "/m/registry/",
          "/m/registry/*/gift-tracker.html*",
          "/m/registry/*/registry-checklist.html",
          "/m/registry/*/registry-list.html",
          "/m/registry/*/registry-list.html*",
          "/m/registry/*/update.html",
          "/m/registry/*/update.html*",
          "/m/registry/account-linking-search.html",
          "/m/registry/account-linking-search.html*",
          "/m/registry/create-registry-sign-in.html",
          "/m/registry/create-registry-sign-in.html*",
          "/m/registry/create.html",
          "/m/registry/create.html*",
          "/m/registry/find-registry.html",
          "/m/registry/find-registry.html*",
          "/m/registry/find.html",
          "/m/registry/find.html*",
          "/m/registry/index.html",
          "/m/registry/index.html*",
          "/m/registry/registry-login.html",
          "/m/registry/registry-login.html*",
          "/m/registry/search-registry.html",
          "/m/registry/search-registry.html*",
          "/m/services/shoppingcart/*",
          "/m/shopping-cart/*",
          "/m/shopping/*",
          "/m/shoppingcart/*",
          "/m/stores*",
          "/m/tips-and-ideas/*",
          "/order-servicing/.info/summary.html",
          "/phygital/.info/summary.html",
          "/registry/",
          "/registry/*/gift-tracker.html*",
          "/registry/*/registry-checklist.html",
          "/registry/*/registry-list.html",
          "/registry/*/registry-list.html*",
          "/registry/*/update.html",
          "/registry/*/update.html*",
          "/registry/.info/summary.html",
          "/registry/.info/summary.html*",
          "/registry/account-linking-search.html",
          "/registry/account-linking-search.html*",
          "/registry/create-registry-sign-in.html",
          "/registry/create-registry-sign-in.html*",
          "/registry/create.html",
          "/registry/create.html*",
          "/registry/find-registry.html",
          "/registry/find-registry.html*",
          "/registry/find.html",
          "/registry/find.html*",
          "/registry/index.html",
          "/registry/index.html*",
          "/registry/registry-login.html",
          "/registry/registry-login.html*",
          "/registry/search-registry.html",
          "/registry/search-registry.html*",
          "/services/shoppingcart/*",
          "/shopping-cart/*",
          "/shopping/*",
          "/shoppingcart/*",
          "/stores/*",
          "/tips-and-ideas/*"
        ],
        "exclude_common_values": [
          "/api/designer/v1/*",
          "/m/trade-signin/login.html",
          "/trade-signin/login.html"
        ]
      }
    },
    {
      "name": "path",
      "options": {
        "matchCaseSensitive": false,
        "matchOperator": "DOES_NOT_MATCH_ONE_OF",
        "values": [
          "/account/not-me.html",
          "/customer-service/confirm-mobile-email-signup.html*",
          "/customer-service/join-email-confirm.jsonp*",
          "/m/authenticate.html",
          "/m/products/getDeliveryInformation.json",
          "/m/products/getPostalCodeCookie.json",
          "/products/getScene7Url.json"
        ],
        "exclude_common_values": [
          "/customer-service/shipping-info/",
          "/m/customer-service/shipping-info/",
          "/trade-signin/shopnow.html"
        ]
      }
    }
  ],
  "behaviors": [
    {
      "name": "origin",
      "options": {
        "hostname": "perf.origin-svc.potterybarnkids.com"
      }
    },
    {
      "name": "rewriteUrl",
      "options": {
        "behavior": "PREPEND",
        "keepQueryString": true,
        "targetPathPrepend": "/caperf.potterybarnkids.ca/"
      }
    }
  ]
}