<?xml version="1.0" encoding="UTF-8"?>
<project>
  <node name="xcadm-prd-rk1v" description="xcadm prd server node" tags="xcadm,prd,rck,rk,rk1v" hostname="xcadm-prd-rk1v" osArch="amd64" osFamily="unix" osName="Linux" osVersion="2.6.18-274.7.1.el5" username="imageuser" sudo-command-enabled="true" sudo-fail-on-prompt-timeout="false"/>
  <node name="xcadm-prd-rk2v" description="xcadm prd server node" tags="xcadm,prd,rck,rk,rk2v" hostname="xcadm-prd-rk2v" osArch="amd64" osFamily="unix" osName="Linux" osVersion="2.6.18-274.7.1.el5" username="imageuser" sudo-command-enabled="true" sudo-fail-on-prompt-timeout="false"/>
  <node name="xcarck-vccn001" description="xcadm prd server node" tags="xcadm,prd,rck,rk1,xc1" hostname="xcarck-vccn001" osArch="amd64" osFamily="unix" osName="Linux" osVersion="3.10.0-957.27.2.el7.x86_64" username="imageuser" sudo-command-enabled="true" sudo-fail-on-prompt-timeout="false"/>
  <node name="wcarck-vccn001" description="xcadm prd server node" tags="xcadm,prd,rck,rk2,wc1" hostname="wcarck-vccn001" osArch="amd64" osFamily="unix" osName="Linux" osVersion="3.10.0-957.27.2.el7.x86_64" username="imageuser" sudo-command-enabled="true" sudo-fail-on-prompt-timeout="false"/>
  <node name="wcarck-vccn002" description="xcadm prd server node" tags="xcadm,prd,rck,rk2,wc2" hostname="wcarck-vccn002" osArch="amd64" osFamily="unix" osName="Linux" osVersion="3.10.0-957.27.2.el7.x86_64" username="imageuser" sudo-command-enabled="true" sudo-fail-on-prompt-timeout="false"/>
  <node name="xcadm-prd-sac1" description="xcadm prd sac1 node" tags="xcadm,prd,sac1" hostname="xcadm-prd-sac1" osArch="amd64" osFamily="unix" osName="Linux" osVersion="2.6.18-274.7.1.el5" username="imageuser" sudo-command-enabled="true" sudo-fail-on-prompt-timeout="false"/>
  <node name="xcadm-prd-sac2" description="xcadm prd sac2 node" tags="xcadm,prd,sac2" hostname="xcadm-prd-sac2" osArch="amd64" osFamily="unix" osName="Linux" osVersion="2.6.18-274.7.1.el5" username="imageuser" sudo-command-enabled="true" sudo-fail-on-prompt-timeout="false"/>
  <node name="xcadm-prd-ab1v" description="xcadm prd ab1v node" tags="xcadm,prd,ab1v" hostname="xcadm-prd-ab1v" osArch="amd64" osFamily="unix" osName="Linux" osVersion="2.6.18-274.7.1.el5" username="imageuser" sudo-command-enabled="true" sudo-fail-on-prompt-timeout="false"/>

  <node name="xcaash-vccn001" description="xcadm prd ab1 node" tags="xcadm,prd,ab1,ab" hostname="xcaash-vccn001" osArch="amd64" osFamily="unix" osName="Linux" osVersion="3.10.0-957.27.2.el7.x86_64" username="imageuser" sudo-command-enabled="true" sudo-fail-on-prompt-timeout="false"/>
  <node name="xcaash-vpcn001" description="xcadm prd ab2 node" tags="xcadm,prd,ab2,ab" hostname="xcaash-vpcn001" osArch="amd64" osFamily="unix" osName="Linux" osVersion="3.10.0-957.27.2.el7.x86_64" username="imageuser" sudo-command-enabled="true" sudo-fail-on-prompt-timeout="false"/>

  <node name="xcadm-caprd-ab1v" description="xcadm caprd ab node" tags="xcadm,caprd,ab1,ab" hostname="xcaash-vpcn002" osArch="amd64" osFamily="unix" osName="Linux" osVersion="3.10.0-957.27.2.el7.x86_64" username="imageuser" sudo-command-enabled="true" sudo-fail-on-prompt-timeout="false"/>
  <node name="xcadm-caprd-ab2v" description="xcadm caprd ab node" tags="xcadm,caprd,ab2,ab" hostname="xcaash-vpcn003" osArch="amd64" osFamily="unix" osName="Linux" osVersion="3.10.0-957.27.2.el7.x86_64" username="imageuser" sudo-command-enabled="true" sudo-fail-on-prompt-timeout="false"/>

  <node name="xcadm-caprd-sac1v" description="xcadm caprd sac node" tags="xcadm,caprd,sac1,sac" hostname="xcasac-vpcn001" osArch="amd64" osFamily="unix" osName="Linux" osVersion="3.10.0-957.27.2.el7.x86_64" username="imageuser" sudo-command-enabled="true" sudo-fail-on-prompt-timeout="false"/>
  <node name="xcadm-caprd-sac2v" description="xcadm caprd sac node" tags="xcadm,caprd,sac2,sac" hostname="xcasac-vpcn002" osArch="amd64" osFamily="unix" osName="Linux" osVersion="3.10.0-957.27.2.el7.x86_64" username="imageuser" sudo-command-enabled="true" sudo-fail-on-prompt-timeout="false"/>
  <node name="xcadm-caprd-sac3v" description="xcadm caprd sac node" tags="xcadm,caprd,sac3,sac" hostname="xcasac-vpcn003" osArch="amd64" osFamily="unix" osName="Linux" osVersion="3.10.0-957.27.2.el7.x86_64" username="imageuser" sudo-command-enabled="true" sudo-fail-on-prompt-timeout="false"/>
  <node name="xcadm-caprd-sac4v" description="xcadm caprd sac node" tags="xcadm,caprd,sac4,sac" hostname="xcasac-vpcn004" osArch="amd64" osFamily="unix" osName="Linux" osVersion="3.10.0-957.27.2.el7.x86_64" username="imageuser" sudo-command-enabled="true" sudo-fail-on-prompt-timeout="false"/>

</project>
