[ "build_system/project", null, {
  "id" : "ch_test_id",
  "label" : "Test Project",
  "build_plans" : {
    "Just Report Environment" : [ "build_system/build_plan", null, {
      "id" : "report_environment_id",
      "label" : "report on process environment and create a type 2 import info",
      "build_command" : [ "report.sh" ],
      "post_build_command" : [ "emitType2ImportInfo.sh" ],
            "extract_definitions" : {
        "misc" : [ "extract/definition/svn", null, {
          "url" : "https://repos.wsgc.com/svn/core/ecommerce/sites/pb/misc/trunk/",
          "name" : "misc",
          "uuid" : "4d9f3204-700e-0410-9f00-95bf6548d55c"
        } ]
      }
    } ],
    "test_build_one_type_name" : [ "build_system/build_plan", null, {
      "id" : "test_build_one_id",
      "label" : "Build one test artifact and create a type 1 import info",
      "build_command" : [ "buildOneTestArtifact.sh" ],
      "post_build_command" : [ "emitType1ImportInfo.sh" ],
      "extract_definitions" : {
        "misc" : [ "extract/definition/svn", null, {
          "url" : "https://repos.wsgc.com/svn/core/ecommerce/sites/pb/misc/trunk/",
          "name" : "misc",
          "uuid" : "4d9f3204-700e-0410-9f00-95bf6548d55c"
        } ]
      }
    } ],
    "test_bad_extract_type_name" : [ "build_system/build_plan", null, {
      "id" : "test_bad_extract_id",
      "label" : "Build with nonexistent extract",
      "build_command" : [ "buildOneTestArtifact.sh" ],
      "post_build_command" : [ "not_used" ],
      "extract_definitions" : {
        "foo" : [ "extract/definition/svn", null, {
          "url" : "https://repos.wsgc.com/svn/core/thisuridoesnotexist/",
          "name" : "foo",
          "uuid" : "4d9f3204-700e-0410-9f00-95bf6548d55c"
        } ]
      }
    } ],
    "test_exitcode_name" : [ "build_system/build_plan", null, {
      "id" : "test_exitcode_id",
      "label" : "Set exit code to 666",
      "build_command" : [ "exitCode666.sh" ],
      "post_build_command" : [ "not_used" ],
      "extract_definitions" : {
        "misc" : [ "extract/definition/svn", null, {
          "url" : "https://repos.wsgc.com/svn/core/ecommerce/sites/pb/misc/trunk/",
          "name" : "misc",
          "uuid" : "4d9f3204-700e-0410-9f00-95bf6548d55c"
        } ]
      }
    } ],
    "prod_build_plan" : [ "build_system/build_plan", null, {
      "id" : "prod_build_plan",
      "label" : "Production content (FTL)",
      "build_command" : [ "report.sh" ],
      "post_build_command" : [ "not_used" ],
      "extract_definitions" : {
        "static_content" : [ "extract/definition/svn", null, {
          "url" : "https://repos.wsgc.com/svn/core/ecommerce/sites/pb/content/trunk/static/",
          "name" : "static_content",
          "uuid" : "4d9f3204-700e-0410-9f00-95bf6548d55c"
        } ],
        "template" : [ "extract/definition/svn", null, {
          "url" : "https://repos.wsgc.com/svn/core/ecommerce/sites/pb/content/trunk/templates/",
          "name" : "template",
          "uuid" : "4d9f3204-700e-0410-9f00-95bf6548d55c"
        } ]
      }
    } ]
  }
} ]