{
  "terraform": [
    {
      "required_providers": [
        {
          "akamai": {
            "source": "akamai/akamai",
            "version": ">= 2.0.0"
          }
        }
      ],
      "required_version": ">= 0.13"
    }
  ],
  "provider": [
    {
      "akamai": {
        "edgerc": "${var.edgerc_path}",
        "config_section": "${var.config_section}"
      }
    }
  ],
  "data": [
    {
      "akamai_group": {
        "group": {
          "group_name": "PROD and QA Group",
          "contract_id": "ctr_1-2ZMIM5"
        }
      }
    },
    {
      "akamai_contract": {
        "contract": {
          "group_name": "${data.akamai_group.group.name}"
        }
      }
    },
    {
      "akamai_property_rules_template": {
        "rules": {
          "template_file": "${abspath(\"${path.module}/property-snippets/main.json\")}"
        }
      }
    }
  ],
  "resource": [
    {
      "akamai_edge_hostname": {
        "secure-dev-williams-sonoma-com-edgekey-net": {
          "product_id": "prd_SPM",
          "contract_id": "${data.akamai_contract.contract.id}",
          "group_id": "${data.akamai_group.group.id}",
          "ip_behavior": "IPV4",
          "edge_hostname": "secure.dev.williams-sonoma.com.edgekey.net",
          "certificate": 6
        }
      }
    },
    {
      "akamai_edge_hostname": {
        "secure-integration-williams-sonoma-com-edgekey-net": {
          "product_id": "prd_SPM",
          "contract_id": "${data.akamai_contract.contract.id}",
          "group_id": "${data.akamai_group.group.id}",
          "ip_behavior": "IPV4",
          "edge_hostname": "secure.integration.williams-sonoma.com.edgekey.net",
          "certificate": 5932
        }
      }
    },
    {
      "akamai_edge_hostname": {
        "secure-integration2-williams-sonoma-com-edgekey-net": {
          "product_id": "prd_SPM",
          "contract_id": "${data.akamai_contract.contract.id}",
          "group_id": "${data.akamai_group.group.id}",
          "ip_behavior": "IPV4",
          "edge_hostname": "secure.integration2.williams-sonoma.com.edgekey.net",
          "certificate": 5932
        }
      }
    },
    {
      "akamai_edge_hostname": {
        "secure-perf-williams-sonoma-com-edgekey-net": {
          "product_id": "prd_SPM",
          "contract_id": "${data.akamai_contract.contract.id}",
          "group_id": "${data.akamai_group.group.id}",
          "ip_behavior": "IPV4",
          "edge_hostname": "secure.perf.williams-sonoma.com.edgekey.net",
          "certificate": 6
        }
      }
    },
    {
      "akamai_edge_hostname": {
        "secure-qa-williams-sonoma-com-edgekey-net": {
          "product_id": "prd_SPM",
          "contract_id": "${data.akamai_contract.contract.id}",
          "group_id": "${data.akamai_group.group.id}",
          "ip_behavior": "IPV4",
          "edge_hostname": "secure.qa.williams-sonoma.com.edgekey.net",
          "certificate": 6
        }
      }
    },
    {
      "akamai_edge_hostname": {
        "secure-qa-wsgc-com-edgekey-net": {
          "product_id": "prd_SPM",
          "contract_id": "${data.akamai_contract.contract.id}",
          "group_id": "${data.akamai_group.group.id}",
          "ip_behavior": "IPV4",
          "edge_hostname": "secure-qa.wsgc.com.edgekey.net",
          "certificate": 5932
        }
      }
    },
    {
      "akamai_edge_hostname": {
        "secure-qa1-wsgc-com-edgekey-net": {
          "product_id": "prd_SPM",
          "contract_id": "${data.akamai_contract.contract.id}",
          "group_id": "${data.akamai_group.group.id}",
          "ip_behavior": "IPV4",
          "edge_hostname": "secure-qa1.wsgc.com.edgekey.net",
          "certificate": 19
        }
      }
    },
    {
      "akamai_edge_hostname": {
        "secure-qa10-williams-sonoma-com-edgekey-net": {
          "product_id": "prd_SPM",
          "contract_id": "${data.akamai_contract.contract.id}",
          "group_id": "${data.akamai_group.group.id}",
          "ip_behavior": "IPV4",
          "edge_hostname": "secure.qa10.williams-sonoma.com.edgekey.net",
          "certificate": 6
        }
      }
    },
    {
      "akamai_edge_hostname": {
        "secure-qa11-williams-sonoma-com-edgekey-net": {
          "product_id": "prd_SPM",
          "contract_id": "${data.akamai_contract.contract.id}",
          "group_id": "${data.akamai_group.group.id}",
          "ip_behavior": "IPV4",
          "edge_hostname": "secure.qa11.williams-sonoma.com.edgekey.net",
          "certificate": 6
        }
      }
    },
    {
      "akamai_edge_hostname": {
        "secure-qa2-williams-sonoma-com-edgekey-net": {
          "product_id": "prd_SPM",
          "contract_id": "${data.akamai_contract.contract.id}",
          "group_id": "${data.akamai_group.group.id}",
          "ip_behavior": "IPV4",
          "edge_hostname": "secure.qa2.williams-sonoma.com.edgekey.net",
          "certificate": 5932
        }
      }
    },
    {
      "akamai_edge_hostname": {
        "secure-qa2-wsgc-com-edgekey-net": {
          "product_id": "prd_SPM",
          "contract_id": "${data.akamai_contract.contract.id}",
          "group_id": "${data.akamai_group.group.id}",
          "ip_behavior": "IPV4",
          "edge_hostname": "secure-qa2.wsgc.com.edgekey.net",
          "certificate": 4606
        }
      }
    },
    {
      "akamai_edge_hostname": {
        "secure-qa4-williams-sonoma-com-edgekey-net": {
          "product_id": "prd_SPM",
          "contract_id": "${data.akamai_contract.contract.id}",
          "group_id": "${data.akamai_group.group.id}",
          "ip_behavior": "IPV4",
          "edge_hostname": "secure.qa4.williams-sonoma.com.edgekey.net",
          "certificate": 6
        }
      }
    },
    {
      "akamai_edge_hostname": {
        "secure-qa5-williams-sonoma-com-edgekey-net": {
          "product_id": "prd_SPM",
          "contract_id": "${data.akamai_contract.contract.id}",
          "group_id": "${data.akamai_group.group.id}",
          "ip_behavior": "IPV4",
          "edge_hostname": "secure.qa5.williams-sonoma.com.edgekey.net",
          "certificate": 19
        }
      }
    },
    {
      "akamai_edge_hostname": {
        "secure-qa6-williams-sonoma-com-edgekey-net": {
          "product_id": "prd_SPM",
          "contract_id": "${data.akamai_contract.contract.id}",
          "group_id": "${data.akamai_group.group.id}",
          "ip_behavior": "IPV4",
          "edge_hostname": "secure.qa6.williams-sonoma.com.edgekey.net",
          "certificate": 19
        }
      }
    },
    {
      "akamai_edge_hostname": {
        "secure-qa7-williams-sonoma-com-edgekey-net": {
          "product_id": "prd_SPM",
          "contract_id": "${data.akamai_contract.contract.id}",
          "group_id": "${data.akamai_group.group.id}",
          "ip_behavior": "IPV4",
          "edge_hostname": "secure.qa7.williams-sonoma.com.edgekey.net",
          "certificate": 19
        }
      }
    },
    {
      "akamai_edge_hostname": {
        "secure-qa8-williams-sonoma-com-edgekey-net": {
          "product_id": "prd_SPM",
          "contract_id": "${data.akamai_contract.contract.id}",
          "group_id": "${data.akamai_group.group.id}",
          "ip_behavior": "IPV4",
          "edge_hostname": "secure.qa8.williams-sonoma.com.edgekey.net",
          "certificate": 19
        }
      }
    },
    {
      "akamai_edge_hostname": {
        "secure-regression-williams-sonoma-com-edgekey-net": {
          "product_id": "prd_SPM",
          "contract_id": "${data.akamai_contract.contract.id}",
          "group_id": "${data.akamai_group.group.id}",
          "ip_behavior": "IPV4",
          "edge_hostname": "secure.regression.williams-sonoma.com.edgekey.net",
          "certificate": 5932
        }
      }
    },
    {
      "akamai_edge_hostname": {
        "secure-staging-williams-sonoma-com-edgekey-net": {
          "product_id": "prd_SPM",
          "contract_id": "${data.akamai_contract.contract.id}",
          "group_id": "${data.akamai_group.group.id}",
          "ip_behavior": "IPV4",
          "edge_hostname": "secure.staging.williams-sonoma.com.edgekey.net",
          "certificate": 5932
        }
      }
    },
    {
      "akamai_edge_hostname": {
        "secure-uat-williams-sonoma-com-edgekey-net": {
          "product_id": "prd_SPM",
          "contract_id": "${data.akamai_contract.contract.id}",
          "group_id": "${data.akamai_group.group.id}",
          "ip_behavior": "IPV4",
          "edge_hostname": "secure.uat.williams-sonoma.com.edgekey.net",
          "certificate": 19
        }
      }
    },
    {
      "akamai_edge_hostname": {
        "secure-uat2-williams-sonoma-com-edgekey-net": {
          "product_id": "prd_SPM",
          "contract_id": "${data.akamai_contract.contract.id}",
          "group_id": "${data.akamai_group.group.id}",
          "ip_behavior": "IPV4",
          "edge_hostname": "secure.uat2.williams-sonoma.com.edgekey.net",
          "certificate": 6
        }
      }
    },
    {
      "akamai_edge_hostname": {
        "secure-uat3-williams-sonoma-com-edgekey-net": {
          "product_id": "prd_SPM",
          "contract_id": "${data.akamai_contract.contract.id}",
          "group_id": "${data.akamai_group.group.id}",
          "ip_behavior": "IPV4",
          "edge_hostname": "secure.uat3.williams-sonoma.com.edgekey.net",
          "certificate": 5932
        }
      }
    },
    {
      "akamai_edge_hostname": {
        "slot13293-wsgc-com-edgekey-net": {
          "product_id": "prd_SPM",
          "contract_id": "${data.akamai_contract.contract.id}",
          "group_id": "${data.akamai_group.group.id}",
          "ip_behavior": "IPV4",
          "edge_hostname": "slot13293.wsgc.com.edgekey.net",
          "certificate": 13293
        }
      }
    },
    {
      "akamai_edge_hostname": {
        "slot5302-wsgc-com-edgekey-net": {
          "product_id": "prd_SPM",
          "contract_id": "${data.akamai_contract.contract.id}",
          "group_id": "${data.akamai_group.group.id}",
          "ip_behavior": "IPV4",
          "edge_hostname": "slot5302.wsgc.com.edgekey.net",
          "certificate": 5302
        }
      }
    },
    {
      "akamai_property": {
        "qa-williams-sonoma-com_pm": {
          "name": "qa.williams-sonoma.com_pm",
          "contract_id": "${data.akamai_contract.contract.id}",
          "group_id": "${data.akamai_group.group.id}",
          "product_id": "prd_SPM",
          "rule_format": "v2023-05-30",
          "hostnames": [
            {
              "cname_from": "dummy.hostname.ws",
              "cname_to": "${akamai_edge_hostname.secure-qa-williams-sonoma-com-edgekey-net.edge_hostname}",
              "cert_provisioning_type": "CPS_MANAGED"
            },
            {
              "cname_from": "integration.williams-sonoma.com",
              "cname_to": "${akamai_edge_hostname.secure-qa-wsgc-com-edgekey-net.edge_hostname}",
              "cert_provisioning_type": "CPS_MANAGED"
            },
            {
              "cname_from": "integration2.williams-sonoma.com",
              "cname_to": "${akamai_edge_hostname.secure-qa1-wsgc-com-edgekey-net.edge_hostname}",
              "cert_provisioning_type": "CPS_MANAGED"
            },
            {
              "cname_from": "regression.williams-sonoma.ca",
              "cname_to": "${akamai_edge_hostname.secure-qa2-wsgc-com-edgekey-net.edge_hostname}",
              "cert_provisioning_type": "CPS_MANAGED"
            },
            {
              "cname_from": "regression.williams-sonoma.com",
              "cname_to": "${akamai_edge_hostname.secure-qa-wsgc-com-edgekey-net.edge_hostname}",
              "cert_provisioning_type": "CPS_MANAGED"
            },
            {
              "cname_from": "regression2.williams-sonoma.com",
              "cname_to": "${akamai_edge_hostname.secure-qa1-wsgc-com-edgekey-net.edge_hostname}",
              "cert_provisioning_type": "CPS_MANAGED"
            },
            {
              "cname_from": "secure.dev.williams-sonoma.com",
              "cname_to": "${akamai_edge_hostname.secure-dev-williams-sonoma-com-edgekey-net.edge_hostname}",
              "cert_provisioning_type": "CPS_MANAGED"
            },
            {
              "cname_from": "secure.integration.williams-sonoma.com",
              "cname_to": "${akamai_edge_hostname.secure-integration-williams-sonoma-com-edgekey-net.edge_hostname}",
              "cert_provisioning_type": "CPS_MANAGED"
            },
            {
              "cname_from": "secure.integration2.williams-sonoma.com",
              "cname_to": "${akamai_edge_hostname.secure-integration2-williams-sonoma-com-edgekey-net.edge_hostname}",
              "cert_provisioning_type": "CPS_MANAGED"
            },
            {
              "cname_from": "secure.perf.williams-sonoma.com",
              "cname_to": "${akamai_edge_hostname.secure-perf-williams-sonoma-com-edgekey-net.edge_hostname}",
              "cert_provisioning_type": "CPS_MANAGED"
            },
            {
              "cname_from": "secure.qa.williams-sonoma.com",
              "cname_to": "${akamai_edge_hostname.secure-qa-williams-sonoma-com-edgekey-net.edge_hostname}",
              "cert_provisioning_type": "CPS_MANAGED"
            },
            {
              "cname_from": "secure.qa10.williams-sonoma.com",
              "cname_to": "${akamai_edge_hostname.secure-qa10-williams-sonoma-com-edgekey-net.edge_hostname}",
              "cert_provisioning_type": "CPS_MANAGED"
            },
            {
              "cname_from": "secure.qa11.williams-sonoma.com",
              "cname_to": "${akamai_edge_hostname.secure-qa11-williams-sonoma-com-edgekey-net.edge_hostname}",
              "cert_provisioning_type": "CPS_MANAGED"
            },
            {
              "cname_from": "secure.qa2.williams-sonoma.com",
              "cname_to": "${akamai_edge_hostname.secure-qa2-williams-sonoma-com-edgekey-net.edge_hostname}",
              "cert_provisioning_type": "CPS_MANAGED"
            },
            {
              "cname_from": "secure.qa3.williams-sonoma.com",
              "cname_to": "${akamai_edge_hostname.secure-qa1-wsgc-com-edgekey-net.edge_hostname}",
              "cert_provisioning_type": "CPS_MANAGED"
            },
            {
              "cname_from": "secure.qa4.williams-sonoma.com",
              "cname_to": "${akamai_edge_hostname.secure-qa4-williams-sonoma-com-edgekey-net.edge_hostname}",
              "cert_provisioning_type": "CPS_MANAGED"
            },
            {
              "cname_from": "secure.qa5.williams-sonoma.com",
              "cname_to": "${akamai_edge_hostname.secure-qa5-williams-sonoma-com-edgekey-net.edge_hostname}",
              "cert_provisioning_type": "CPS_MANAGED"
            },
            {
              "cname_from": "secure.qa6.williams-sonoma.com",
              "cname_to": "${akamai_edge_hostname.secure-qa6-williams-sonoma-com-edgekey-net.edge_hostname}",
              "cert_provisioning_type": "CPS_MANAGED"
            },
            {
              "cname_from": "secure.qa7.williams-sonoma.com",
              "cname_to": "${akamai_edge_hostname.secure-qa7-williams-sonoma-com-edgekey-net.edge_hostname}",
              "cert_provisioning_type": "CPS_MANAGED"
            },
            {
              "cname_from": "secure.qa8.williams-sonoma.com",
              "cname_to": "${akamai_edge_hostname.secure-qa8-williams-sonoma-com-edgekey-net.edge_hostname}",
              "cert_provisioning_type": "CPS_MANAGED"
            },
            {
              "cname_from": "secure.qa9.williams-sonoma.com",
              "cname_to": "${akamai_edge_hostname.secure-qa-williams-sonoma-com-edgekey-net.edge_hostname}",
              "cert_provisioning_type": "CPS_MANAGED"
            },
            {
              "cname_from": "secure.regression.williams-sonoma.com",
              "cname_to": "${akamai_edge_hostname.secure-regression-williams-sonoma-com-edgekey-net.edge_hostname}",
              "cert_provisioning_type": "CPS_MANAGED"
            },
            {
              "cname_from": "secure.staging.williams-sonoma.com",
              "cname_to": "${akamai_edge_hostname.secure-staging-williams-sonoma-com-edgekey-net.edge_hostname}",
              "cert_provisioning_type": "CPS_MANAGED"
            },
            {
              "cname_from": "secure.uat.williams-sonoma.com",
              "cname_to": "${akamai_edge_hostname.secure-uat-williams-sonoma-com-edgekey-net.edge_hostname}",
              "cert_provisioning_type": "CPS_MANAGED"
            },
            {
              "cname_from": "secure.uat2.williams-sonoma.com",
              "cname_to": "${akamai_edge_hostname.secure-uat2-williams-sonoma-com-edgekey-net.edge_hostname}",
              "cert_provisioning_type": "CPS_MANAGED"
            },
            {
              "cname_from": "secure.uat3.williams-sonoma.com",
              "cname_to": "${akamai_edge_hostname.secure-uat3-williams-sonoma-com-edgekey-net.edge_hostname}",
              "cert_provisioning_type": "CPS_MANAGED"
            },
            {
              "cname_from": "www.bpv.williams-sonoma.ca",
              "cname_to": "${akamai_edge_hostname.secure-qa2-wsgc-com-edgekey-net.edge_hostname}",
              "cert_provisioning_type": "CPS_MANAGED"
            },
            {
              "cname_from": "www.bpv.williams-sonoma.com",
              "cname_to": "${akamai_edge_hostname.slot5302-wsgc-com-edgekey-net.edge_hostname}",
              "cert_provisioning_type": "CPS_MANAGED"
            },
            {
              "cname_from": "www.ca1.williams-sonoma.com",
              "cname_to": "${akamai_edge_hostname.secure-qa1-wsgc-com-edgekey-net.edge_hostname}",
              "cert_provisioning_type": "CPS_MANAGED"
            },
            {
              "cname_from": "www.dev.williams-sonoma.com",
              "cname_to": "${akamai_edge_hostname.secure-qa1-wsgc-com-edgekey-net.edge_hostname}",
              "cert_provisioning_type": "CPS_MANAGED"
            },
            {
              "cname_from": "www.ecmqa1.williams-sonoma.com",
              "cname_to": "${akamai_edge_hostname.secure-qa1-wsgc-com-edgekey-net.edge_hostname}",
              "cert_provisioning_type": "CPS_MANAGED"
            },
            {
              "cname_from": "www.ecmuat1.williams-sonoma.com",
              "cname_to": "${akamai_edge_hostname.secure-qa1-wsgc-com-edgekey-net.edge_hostname}",
              "cert_provisioning_type": "CPS_MANAGED"
            },
            {
              "cname_from": "www.int3.williams-sonoma.ca",
              "cname_to": "${akamai_edge_hostname.secure-qa1-wsgc-com-edgekey-net.edge_hostname}",
              "cert_provisioning_type": "CPS_MANAGED"
            },
            {
              "cname_from": "www.int3.williams-sonoma.com",
              "cname_to": "${akamai_edge_hostname.secure-qa1-wsgc-com-edgekey-net.edge_hostname}",
              "cert_provisioning_type": "CPS_MANAGED"
            },
            {
              "cname_from": "www.int4.williams-sonoma.ca",
              "cname_to": "${akamai_edge_hostname.secure-qa1-wsgc-com-edgekey-net.edge_hostname}",
              "cert_provisioning_type": "CPS_MANAGED"
            },
            {
              "cname_from": "www.int4.williams-sonoma.com",
              "cname_to": "${akamai_edge_hostname.secure-qa1-wsgc-com-edgekey-net.edge_hostname}",
              "cert_provisioning_type": "CPS_MANAGED"
            },
            {
              "cname_from": "www.int5.williams-sonoma.ca",
              "cname_to": "${akamai_edge_hostname.secure-qa1-wsgc-com-edgekey-net.edge_hostname}",
              "cert_provisioning_type": "CPS_MANAGED"
            },
            {
              "cname_from": "www.int5.williams-sonoma.com",
              "cname_to": "${akamai_edge_hostname.secure-qa1-wsgc-com-edgekey-net.edge_hostname}",
              "cert_provisioning_type": "CPS_MANAGED"
            },
            {
              "cname_from": "www.int6.williams-sonoma.com",
              "cname_to": "${akamai_edge_hostname.secure-qa1-wsgc-com-edgekey-net.edge_hostname}",
              "cert_provisioning_type": "CPS_MANAGED"
            },
            {
              "cname_from": "www.perf.williams-sonoma.ca",
              "cname_to": "${akamai_edge_hostname.slot13293-wsgc-com-edgekey-net.edge_hostname}",
              "cert_provisioning_type": "CPS_MANAGED"
            },
            {
              "cname_from": "www.perf.williams-sonoma.com",
              "cname_to": "${akamai_edge_hostname.secure-qa1-wsgc-com-edgekey-net.edge_hostname}",
              "cert_provisioning_type": "CPS_MANAGED"
            },
            {
              "cname_from": "www.qa.williams-sonoma.com",
              "cname_to": "${akamai_edge_hostname.secure-qa1-wsgc-com-edgekey-net.edge_hostname}",
              "cert_provisioning_type": "CPS_MANAGED"
            },
            {
              "cname_from": "www.qa10.williams-sonoma.ca",
              "cname_to": "${akamai_edge_hostname.secure-qa2-wsgc-com-edgekey-net.edge_hostname}",
              "cert_provisioning_type": "CPS_MANAGED"
            },
            {
              "cname_from": "www.qa10.williams-sonoma.com",
              "cname_to": "${akamai_edge_hostname.secure-qa2-wsgc-com-edgekey-net.edge_hostname}",
              "cert_provisioning_type": "CPS_MANAGED"
            },
            {
              "cname_from": "www.qa11.williams-sonoma.ca",
              "cname_to": "${akamai_edge_hostname.secure-qa2-wsgc-com-edgekey-net.edge_hostname}",
              "cert_provisioning_type": "CPS_MANAGED"
            },
            {
              "cname_from": "www.qa11.williams-sonoma.com",
              "cname_to": "${akamai_edge_hostname.secure-qa2-wsgc-com-edgekey-net.edge_hostname}",
              "cert_provisioning_type": "CPS_MANAGED"
            },
            {
              "cname_from": "www.qa12.williams-sonoma.com",
              "cname_to": "${akamai_edge_hostname.secure-qa1-wsgc-com-edgekey-net.edge_hostname}",
              "cert_provisioning_type": "CPS_MANAGED"
            },
            {
              "cname_from": "www.qa13.williams-sonoma.com",
              "cname_to": "${akamai_edge_hostname.secure-qa1-wsgc-com-edgekey-net.edge_hostname}",
              "cert_provisioning_type": "CPS_MANAGED"
            },
            {
              "cname_from": "www.qa14.williams-sonoma.com",
              "cname_to": "${akamai_edge_hostname.secure-qa1-wsgc-com-edgekey-net.edge_hostname}",
              "cert_provisioning_type": "CPS_MANAGED"
            },
            {
              "cname_from": "www.qa15.williams-sonoma.com",
              "cname_to": "${akamai_edge_hostname.secure-qa1-wsgc-com-edgekey-net.edge_hostname}",
              "cert_provisioning_type": "CPS_MANAGED"
            },
            {
              "cname_from": "www.qa16.williams-sonoma.com",
              "cname_to": "${akamai_edge_hostname.secure-qa1-wsgc-com-edgekey-net.edge_hostname}",
              "cert_provisioning_type": "CPS_MANAGED"
            },
            {
              "cname_from": "www.qa17.williams-sonoma.com",
              "cname_to": "${akamai_edge_hostname.secure-qa1-wsgc-com-edgekey-net.edge_hostname}",
              "cert_provisioning_type": "CPS_MANAGED"
            },
            {
              "cname_from": "www.qa18.williams-sonoma.com",
              "cname_to": "${akamai_edge_hostname.secure-qa1-wsgc-com-edgekey-net.edge_hostname}",
              "cert_provisioning_type": "CPS_MANAGED"
            },
            {
              "cname_from": "www.qa19.williams-sonoma.com",
              "cname_to": "${akamai_edge_hostname.secure-qa1-wsgc-com-edgekey-net.edge_hostname}",
              "cert_provisioning_type": "CPS_MANAGED"
            },
            {
              "cname_from": "www.qa2.williams-sonoma.com",
              "cname_to": "${akamai_edge_hostname.secure-integration-williams-sonoma-com-edgekey-net.edge_hostname}",
              "cert_provisioning_type": "CPS_MANAGED"
            },
            {
              "cname_from": "www.qa20.williams-sonoma.com",
              "cname_to": "${akamai_edge_hostname.secure-qa1-wsgc-com-edgekey-net.edge_hostname}",
              "cert_provisioning_type": "CPS_MANAGED"
            },
            {
              "cname_from": "www.qa21.williams-sonoma.com",
              "cname_to": "${akamai_edge_hostname.secure-qa1-wsgc-com-edgekey-net.edge_hostname}",
              "cert_provisioning_type": "CPS_MANAGED"
            },
            {
              "cname_from": "www.qa22.williams-sonoma.com",
              "cname_to": "${akamai_edge_hostname.secure-qa1-wsgc-com-edgekey-net.edge_hostname}",
              "cert_provisioning_type": "CPS_MANAGED"
            },
            {
              "cname_from": "www.qa23.williams-sonoma.com",
              "cname_to": "${akamai_edge_hostname.secure-qa1-wsgc-com-edgekey-net.edge_hostname}",
              "cert_provisioning_type": "CPS_MANAGED"
            },
            {
              "cname_from": "www.qa24.williams-sonoma.com",
              "cname_to": "${akamai_edge_hostname.secure-qa1-wsgc-com-edgekey-net.edge_hostname}",
              "cert_provisioning_type": "CPS_MANAGED"
            },
            {
              "cname_from": "www.qa25.williams-sonoma.com",
              "cname_to": "${akamai_edge_hostname.secure-qa1-wsgc-com-edgekey-net.edge_hostname}",
              "cert_provisioning_type": "CPS_MANAGED"
            },
            {
              "cname_from": "www.qa26.williams-sonoma.com",
              "cname_to": "${akamai_edge_hostname.secure-qa1-wsgc-com-edgekey-net.edge_hostname}",
              "cert_provisioning_type": "CPS_MANAGED"
            },
            {
              "cname_from": "www.qa27.williams-sonoma.com",
              "cname_to": "${akamai_edge_hostname.secure-qa1-wsgc-com-edgekey-net.edge_hostname}",
              "cert_provisioning_type": "CPS_MANAGED"
            },
            {
              "cname_from": "www.qa28.williams-sonoma.com",
              "cname_to": "${akamai_edge_hostname.secure-qa1-wsgc-com-edgekey-net.edge_hostname}",
              "cert_provisioning_type": "CPS_MANAGED"
            },
            {
              "cname_from": "www.qa29.williams-sonoma.com",
              "cname_to": "${akamai_edge_hostname.secure-qa1-wsgc-com-edgekey-net.edge_hostname}",
              "cert_provisioning_type": "CPS_MANAGED"
            },
            {
              "cname_from": "www.qa3.williams-sonoma.com",
              "cname_to": "${akamai_edge_hostname.secure-qa1-wsgc-com-edgekey-net.edge_hostname}",
              "cert_provisioning_type": "CPS_MANAGED"
            },
            {
              "cname_from": "www.qa30.williams-sonoma.com",
              "cname_to": "${akamai_edge_hostname.secure-qa1-wsgc-com-edgekey-net.edge_hostname}",
              "cert_provisioning_type": "CPS_MANAGED"
            },
            {
              "cname_from": "www.qa31.williams-sonoma.ca",
              "cname_to": "${akamai_edge_hostname.secure-qa2-wsgc-com-edgekey-net.edge_hostname}",
              "cert_provisioning_type": "CPS_MANAGED"
            },
            {
              "cname_from": "www.qa31.williams-sonoma.com",
              "cname_to": "${akamai_edge_hostname.secure-qa-wsgc-com-edgekey-net.edge_hostname}",
              "cert_provisioning_type": "CPS_MANAGED"
            },
            {
              "cname_from": "www.qa32.williams-sonoma.com",
              "cname_to": "${akamai_edge_hostname.secure-qa1-wsgc-com-edgekey-net.edge_hostname}",
              "cert_provisioning_type": "CPS_MANAGED"
            },
            {
              "cname_from": "www.qa33.williams-sonoma.com",
              "cname_to": "${akamai_edge_hostname.secure-qa1-wsgc-com-edgekey-net.edge_hostname}",
              "cert_provisioning_type": "CPS_MANAGED"
            },
            {
              "cname_from": "www.qa34.williams-sonoma.com",
              "cname_to": "${akamai_edge_hostname.secure-qa1-wsgc-com-edgekey-net.edge_hostname}",
              "cert_provisioning_type": "CPS_MANAGED"
            },
            {
              "cname_from": "www.qa35.williams-sonoma.com",
              "cname_to": "${akamai_edge_hostname.secure-qa1-wsgc-com-edgekey-net.edge_hostname}",
              "cert_provisioning_type": "CPS_MANAGED"
            },
            {
              "cname_from": "www.qa36.williams-sonoma.com",
              "cname_to": "${akamai_edge_hostname.secure-qa1-wsgc-com-edgekey-net.edge_hostname}",
              "cert_provisioning_type": "CPS_MANAGED"
            },
            {
              "cname_from": "www.qa37.williams-sonoma.com",
              "cname_to": "${akamai_edge_hostname.slot13293-wsgc-com-edgekey-net.edge_hostname}",
              "cert_provisioning_type": "CPS_MANAGED"
            },
            {
              "cname_from": "www.qa38.williams-sonoma.com",
              "cname_to": "${akamai_edge_hostname.slot13293-wsgc-com-edgekey-net.edge_hostname}",
              "cert_provisioning_type": "CPS_MANAGED"
            },
            {
              "cname_from": "www.qa39.williams-sonoma.com",
              "cname_to": "${akamai_edge_hostname.secure-qa1-wsgc-com-edgekey-net.edge_hostname}",
              "cert_provisioning_type": "CPS_MANAGED"
            },
            {
              "cname_from": "www.qa4.williams-sonoma.com",
              "cname_to": "${akamai_edge_hostname.secure-qa1-wsgc-com-edgekey-net.edge_hostname}",
              "cert_provisioning_type": "CPS_MANAGED"
            },
            {
              "cname_from": "www.qa40.williams-sonoma.com",
              "cname_to": "${akamai_edge_hostname.secure-qa1-wsgc-com-edgekey-net.edge_hostname}",
              "cert_provisioning_type": "CPS_MANAGED"
            },
            {
              "cname_from": "www.qa41.williams-sonoma.com",
              "cname_to": "${akamai_edge_hostname.secure-qa-wsgc-com-edgekey-net.edge_hostname}",
              "cert_provisioning_type": "CPS_MANAGED"
            },
            {
              "cname_from": "www.qa42.williams-sonoma.com",
              "cname_to": "${akamai_edge_hostname.secure-qa1-wsgc-com-edgekey-net.edge_hostname}",
              "cert_provisioning_type": "CPS_MANAGED"
            },
            {
              "cname_from": "www.qa43.williams-sonoma.com",
              "cname_to": "${akamai_edge_hostname.secure-qa1-wsgc-com-edgekey-net.edge_hostname}",
              "cert_provisioning_type": "CPS_MANAGED"
            },
            {
              "cname_from": "www.qa44.williams-sonoma.com",
              "cname_to": "${akamai_edge_hostname.secure-qa1-wsgc-com-edgekey-net.edge_hostname}",
              "cert_provisioning_type": "CPS_MANAGED"
            },
            {
              "cname_from": "www.qa45.williams-sonoma.com",
              "cname_to": "${akamai_edge_hostname.secure-qa1-wsgc-com-edgekey-net.edge_hostname}",
              "cert_provisioning_type": "CPS_MANAGED"
            },
            {
              "cname_from": "www.qa46.williams-sonoma.com",
              "cname_to": "${akamai_edge_hostname.secure-qa1-wsgc-com-edgekey-net.edge_hostname}",
              "cert_provisioning_type": "CPS_MANAGED"
            },
            {
              "cname_from": "www.qa47.williams-sonoma.com",
              "cname_to": "${akamai_edge_hostname.secure-qa1-wsgc-com-edgekey-net.edge_hostname}",
              "cert_provisioning_type": "CPS_MANAGED"
            },
            {
              "cname_from": "www.qa48.williams-sonoma.com",
              "cname_to": "${akamai_edge_hostname.secure-qa1-wsgc-com-edgekey-net.edge_hostname}",
              "cert_provisioning_type": "CPS_MANAGED"
            },
            {
              "cname_from": "www.qa49.williams-sonoma.com",
              "cname_to": "${akamai_edge_hostname.secure-qa1-wsgc-com-edgekey-net.edge_hostname}",
              "cert_provisioning_type": "CPS_MANAGED"
            },
            {
              "cname_from": "www.qa5.williams-sonoma.com",
              "cname_to": "${akamai_edge_hostname.secure-qa1-wsgc-com-edgekey-net.edge_hostname}",
              "cert_provisioning_type": "CPS_MANAGED"
            },
            {
              "cname_from": "www.qa50.williams-sonoma.com",
              "cname_to": "${akamai_edge_hostname.secure-qa1-wsgc-com-edgekey-net.edge_hostname}",
              "cert_provisioning_type": "CPS_MANAGED"
            },
            {
              "cname_from": "www.qa51.williams-sonoma.com",
              "cname_to": "${akamai_edge_hostname.secure-qa1-wsgc-com-edgekey-net.edge_hostname}",
              "cert_provisioning_type": "CPS_MANAGED"
            },
            {
              "cname_from": "www.qa52.williams-sonoma.com",
              "cname_to": "${akamai_edge_hostname.slot13293-wsgc-com-edgekey-net.edge_hostname}",
              "cert_provisioning_type": "CPS_MANAGED"
            },
            {
              "cname_from": "www.qa53.williams-sonoma.com",
              "cname_to": "${akamai_edge_hostname.secure-qa1-wsgc-com-edgekey-net.edge_hostname}",
              "cert_provisioning_type": "CPS_MANAGED"
            },
            {
              "cname_from": "www.qa54.williams-sonoma.ca",
              "cname_to": "${akamai_edge_hostname.secure-qa2-wsgc-com-edgekey-net.edge_hostname}",
              "cert_provisioning_type": "CPS_MANAGED"
            },
            {
              "cname_from": "www.qa55.williams-sonoma.com",
              "cname_to": "${akamai_edge_hostname.secure-qa1-wsgc-com-edgekey-net.edge_hostname}",
              "cert_provisioning_type": "CPS_MANAGED"
            },
            {
              "cname_from": "www.qa56.williams-sonoma.com",
              "cname_to": "${akamai_edge_hostname.secure-qa1-wsgc-com-edgekey-net.edge_hostname}",
              "cert_provisioning_type": "CPS_MANAGED"
            },
            {
              "cname_from": "www.qa57.williams-sonoma.com",
              "cname_to": "${akamai_edge_hostname.secure-qa1-wsgc-com-edgekey-net.edge_hostname}",
              "cert_provisioning_type": "CPS_MANAGED"
            },
            {
              "cname_from": "www.qa58.williams-sonoma.com",
              "cname_to": "${akamai_edge_hostname.secure-qa1-wsgc-com-edgekey-net.edge_hostname}",
              "cert_provisioning_type": "CPS_MANAGED"
            },
            {
              "cname_from": "www.qa59.williams-sonoma.com",
              "cname_to": "${akamai_edge_hostname.slot13293-wsgc-com-edgekey-net.edge_hostname}",
              "cert_provisioning_type": "CPS_MANAGED"
            },
            {
              "cname_from": "www.qa6.williams-sonoma.com",
              "cname_to": "${akamai_edge_hostname.secure-qa1-wsgc-com-edgekey-net.edge_hostname}",
              "cert_provisioning_type": "CPS_MANAGED"
            },
            {
              "cname_from": "www.qa60.williams-sonoma.com",
              "cname_to": "${akamai_edge_hostname.secure-qa1-wsgc-com-edgekey-net.edge_hostname}",
              "cert_provisioning_type": "CPS_MANAGED"
            },
            {
              "cname_from": "www.qa61.williams-sonoma.com",
              "cname_to": "${akamai_edge_hostname.secure-qa1-wsgc-com-edgekey-net.edge_hostname}",
              "cert_provisioning_type": "CPS_MANAGED"
            },
            {
              "cname_from": "www.qa62.williams-sonoma.com",
              "cname_to": "${akamai_edge_hostname.secure-qa1-wsgc-com-edgekey-net.edge_hostname}",
              "cert_provisioning_type": "CPS_MANAGED"
            },
            {
              "cname_from": "www.qa7.williams-sonoma.com",
              "cname_to": "${akamai_edge_hostname.secure-qa1-wsgc-com-edgekey-net.edge_hostname}",
              "cert_provisioning_type": "CPS_MANAGED"
            },
            {
              "cname_from": "www.qa8.williams-sonoma.com",
              "cname_to": "${akamai_edge_hostname.secure-qa1-wsgc-com-edgekey-net.edge_hostname}",
              "cert_provisioning_type": "CPS_MANAGED"
            },
            {
              "cname_from": "www.qa9.williams-sonoma.com",
              "cname_to": "${akamai_edge_hostname.secure-qa1-wsgc-com-edgekey-net.edge_hostname}",
              "cert_provisioning_type": "CPS_MANAGED"
            },
            {
              "cname_from": "www.stg1.williams-sonoma.com",
              "cname_to": "${akamai_edge_hostname.secure-qa1-wsgc-com-edgekey-net.edge_hostname}",
              "cert_provisioning_type": "CPS_MANAGED"
            },
            {
              "cname_from": "www.uat.williams-sonoma.ca",
              "cname_to": "${akamai_edge_hostname.secure-qa2-wsgc-com-edgekey-net.edge_hostname}",
              "cert_provisioning_type": "CPS_MANAGED"
            },
            {
              "cname_from": "www.uat.williams-sonoma.com",
              "cname_to": "${akamai_edge_hostname.secure-qa-wsgc-com-edgekey-net.edge_hostname}",
              "cert_provisioning_type": "CPS_MANAGED"
            },
            {
              "cname_from": "www.uat2.williams-sonoma.ca",
              "cname_to": "${akamai_edge_hostname.secure-qa2-wsgc-com-edgekey-net.edge_hostname}",
              "cert_provisioning_type": "CPS_MANAGED"
            },
            {
              "cname_from": "www.uat2.williams-sonoma.com",
              "cname_to": "${akamai_edge_hostname.secure-qa-wsgc-com-edgekey-net.edge_hostname}",
              "cert_provisioning_type": "CPS_MANAGED"
            },
            {
              "cname_from": "www.uat3.williams-sonoma.ca",
              "cname_to": "${akamai_edge_hostname.secure-qa2-wsgc-com-edgekey-net.edge_hostname}",
              "cert_provisioning_type": "CPS_MANAGED"
            },
            {
              "cname_from": "www.uat3.williams-sonoma.com",
              "cname_to": "${akamai_edge_hostname.secure-qa-wsgc-com-edgekey-net.edge_hostname}",
              "cert_provisioning_type": "CPS_MANAGED"
            },
            {
              "cname_from": "www.uat4.williams-sonoma.ca",
              "cname_to": "${akamai_edge_hostname.secure-qa2-wsgc-com-edgekey-net.edge_hostname}",
              "cert_provisioning_type": "CPS_MANAGED"
            },
            {
              "cname_from": "www.uat4.williams-sonoma.com",
              "cname_to": "${akamai_edge_hostname.secure-qa1-wsgc-com-edgekey-net.edge_hostname}",
              "cert_provisioning_type": "CPS_MANAGED"
            },
            {
              "cname_from": "www.uat5.williams-sonoma.com",
              "cname_to": "${akamai_edge_hostname.secure-qa1-wsgc-com-edgekey-net.edge_hostname}",
              "cert_provisioning_type": "CPS_MANAGED"
            },
            {
              "cname_from": "www.uat6.williams-sonoma.ca",
              "cname_to": "${akamai_edge_hostname.secure-qa2-wsgc-com-edgekey-net.edge_hostname}",
              "cert_provisioning_type": "CPS_MANAGED"
            },
            {
              "cname_from": "www.uat6.williams-sonoma.com",
              "cname_to": "${akamai_edge_hostname.secure-qa1-wsgc-com-edgekey-net.edge_hostname}",
              "cert_provisioning_type": "CPS_MANAGED"
            },
            {
              "cname_from": "www.uat7.williams-sonoma.ca",
              "cname_to": "${akamai_edge_hostname.secure-qa1-wsgc-com-edgekey-net.edge_hostname}",
              "cert_provisioning_type": "CPS_MANAGED"
            },
            {
              "cname_from": "www.uat7.williams-sonoma.com",
              "cname_to": "${akamai_edge_hostname.secure-qa1-wsgc-com-edgekey-net.edge_hostname}",
              "cert_provisioning_type": "CPS_MANAGED"
            },
            {
              "cname_from": "www.int7.williams-sonoma.com",
              "cname_to": "${akamai_edge_hostname.secure-qa1-wsgc-com-edgekey-net.edge_hostname}",
              "cert_provisioning_type": "CPS_MANAGED"
            }
          ],
          "rules": "${data.akamai_property_rules_template.rules.json}"
        }
      }
    },
    {
      "akamai_property_activation": {
        "qa-williams-sonoma-com_pm": {
          "property_id": "${akamai_property.qa-williams-sonoma-com_pm.id}",
          "contact": [
            "rjuluru@wsgc.com",
            "sbasrur@wsgc.com",
            "cdow@wsgc.com"
          ],
          "version": "${akamai_property.qa-williams-sonoma-com_pm.latest_version}",
          "network": "${upper(var.env)}"
        }
      }
    }
  ]
}