<?xml version="1.0" encoding="UTF-8"?>
<project>

  <!-- sccint prd rk -->
  <node name="sccint-prd-rk1v" description="Rundeck server node" tags="sccint,prdrk" hostname="sccint-prd-rk1v" osArch="amd64" osFamily="unix" osName="Linux" osVersion="2.6.18-274.7.1.el5" username="imageuser" sudo-command-enabled="true" sudo-fail-on-prompt-timeout="false"/>
  <node name="sccint-prd-rk2v" description="Rundeck server node" tags="sccint,prdrk" hostname="sccint-prd-rk2v" osArch="amd64" osFamily="unix" osName="Linux" osVersion="2.6.18-274.7.1.el5" username="imageuser" sudo-command-enabled="true" sudo-fail-on-prompt-timeout="false"/>
  <node name="sccint-prd-rk3v" description="Rundeck server node" tags="sccint-new,prdrk,prdrk3v" hostname="sccrck-vpcn001" osArch="amd64" osFamily="unix" osName="Linux" osVersion="3.10.0-1160.59.1.el7" username="imageuser" sudo-command-enabled="true" sudo-fail-on-prompt-timeout="false"/>
  <node name="sccint-prd-rk4v" description="Rundeck server node" tags="sccint-new,prdrk,prdrk4v" hostname="sccrck-vpcn002" osArch="amd64" osFamily="unix" osName="Linux" osVersion="3.10.0-1160.59.1.el7" username="imageuser" sudo-command-enabled="true" sudo-fail-on-prompt-timeout="false"/>

  <!-- sccint prd sac -->
  <node name="sccint-prd-sac1v" description="Rundeck server node" tags="sccint,prdsac" hostname="sccint-prd-sac1v" osArch="amd64" osFamily="unix" osName="Linux" osVersion="2.6.18-274.7.1.el5" username="imageuser" sudo-command-enabled="true" sudo-fail-on-prompt-timeout="false"/>
  <node name="sccint-prd-sac2v" description="Rundeck server node" tags="sccint,prdsac" hostname="sccint-prd-sac2v" osArch="amd64" osFamily="unix" osName="Linux" osVersion="2.6.18-274.7.1.el5" username="imageuser" sudo-command-enabled="true" sudo-fail-on-prompt-timeout="false"/>

  <!-- sccint prd ab -->
  <node name="sccint-prd-ab1v" description="Rundeck server node" tags="sccint,prdab" hostname="sccash-vpcn001" osArch="amd64" osFamily="unix" osName="Linux" osVersion="3.10.0-1160.71.1.el7" username="imageuser" sudo-command-enabled="true" sudo-fail-on-prompt-timeout="false"/>
  <node name="sccint-prd-ab2v" description="Rundeck server node" tags="sccint,prdab" hostname="sccash-vpcn002" osArch="amd64" osFamily="unix" osName="Linux" osVersion="3.10.0-1160.71.1.el7" username="imageuser" sudo-command-enabled="true" sudo-fail-on-prompt-timeout="false"/>

  
  <!-- sccext prd rk -->
  <node name="sccext-prd-rk1v" description="Rundeck server node" tags="sccext,prdrk" hostname="sccext-prd-rk1v" osArch="amd64" osFamily="unix" osName="Linux" osVersion="2.6.18-274.7.1.el5" username="imageuser" sudo-command-enabled="true" sudo-fail-on-prompt-timeout="false"/>
  <node name="sccext-prd-rk2v" description="Rundeck server node" tags="sccext,prdrk" hostname="sccext-prd-rk2v" osArch="amd64" osFamily="unix" osName="Linux" osVersion="2.6.18-274.7.1.el5" username="imageuser" sudo-command-enabled="true" sudo-fail-on-prompt-timeout="false"/>

  <node name="sccext-prd-rk3v" description="Rundeck server node" tags="sccext-new,prdrk,prdrk3v" hostname="sccrck-vpcn003" osArch="amd64" osFamily="unix" osName="Linux" osVersion="3.10.0-1160.62.1.el7" username="imageuser" sudo-command-enabled="true" sudo-fail-on-prompt-timeout="false"/>
  <node name="sccext-prd-rk4v" description="Rundeck server node" tags="sccext-new,prdrk,prdrk4v" hostname="sccrck-vpcn004" osArch="amd64" osFamily="unix" osName="Linux" osVersion="3.10.0-1160.62.1.el7" username="imageuser" sudo-command-enabled="true" sudo-fail-on-prompt-timeout="false"/>
  <node name="sccext-prd-rk5v" description="Rundeck server node" tags="sccext-new,prdrk,prdrk5v" hostname="sccrck-vpcn005" osArch="amd64" osFamily="unix" osName="Linux" osVersion="3.10.0-1160.62.1.el7" username="imageuser" sudo-command-enabled="true" sudo-fail-on-prompt-timeout="false"/>

  <!-- sccext prd sac -->
  <node name="sccext-prd-sac1v" description="Rundeck server node" tags="sccext,prdsac" hostname="sccext-prd-sac1v" osArch="amd64" osFamily="unix" osName="Linux" osVersion="2.6.18-274.7.1.el5" username="imageuser" sudo-command-enabled="true" sudo-fail-on-prompt-timeout="false"/>
  <node name="sccext-prd-sac2v" description="Rundeck server node" tags="sccext,prdsac" hostname="sccext-prd-sac2v" osArch="amd64" osFamily="unix" osName="Linux" osVersion="2.6.18-274.7.1.el5" username="imageuser" sudo-command-enabled="true" sudo-fail-on-prompt-timeout="false"/>

   <!-- sccext prd ab -->
  <node name="sccext-prd-ab1v" description="Rundeck server node" tags="sccext,prdab" hostname="sccash-vpcn003" osArch="amd64" osFamily="unix" osName="Linux" osVersion="3.10.0-1160.71.1.el7" username="imageuser" sudo-command-enabled="true" sudo-fail-on-prompt-timeout="false"/>
  <node name="sccext-prd-ab2v" description="Rundeck server node" tags="sccext,prdab" hostname="sccash-vpcn004" osArch="amd64" osFamily="unix" osName="Linux" osVersion="3.10.0-1160.71.1.el7" username="imageuser" sudo-command-enabled="true" sudo-fail-on-prompt-timeout="false"/>
  <node name="sccext-prd-ab3v" description="Rundeck server node" tags="sccext,prdab" hostname="sccash-vpcn005" osArch="amd64" osFamily="unix" osName="Linux" osVersion="3.10.0-1160.71.1.el7" username="imageuser" sudo-command-enabled="true" sudo-fail-on-prompt-timeout="false"/>

  
</project>
