{
  "include": [
    "../../common/microservice.json"
  ],
  "name": "/shop/* /.delivery/* /.aecv1/* /.static/* /m/shop/* /products/* /m/products/*",
  "criteria": [
    {
      "name": "hostname",
      "options": {
        "matchOperator": "IS_ONE_OF",
        "values": [
          "www.qa26.westelm.com"
        ]
      }
    },
    {
      "name": "path",
      "options": {
        "matchCaseSensitive": false,
        "matchOperator": "MATCHES_ONE_OF",
        "values": [
          "/.static/ecmcontent/*",
          "/account/check-verification-link.html*",
          "/account/credit-account-lookup.html",
          "/account/svc/*",
          "/account/verification.html*",
          "/api/registry/v1/*",
          "/customer-service/.info/summary.html",
          "/customer-service/charge-details/*",
          "/customer-service/list-order/*",
          "/customer-service/order-shipment-tracking/*",
          "/customer-service/order-status/*",
          "/customer-service/return/*",
          "/m/account/.info/summary.html",
          "/m/account/credit-account-lookup.html",
          "/m/account/svc/*",
          "/m/customer-service/charge-details/*",
          "/m/customer-service/list-order/*",
          "/m/customer-service/order-shipment-tracking/*",
          "/m/customer-service/return/*",
          "/m/products/*",
          "/m/registry/*",
          "/order-servicing/.info/summary.html",
          "/phygital/.info/summary.html",
          "/products/*",
          "/registry/*",
          "/registry/.info/summary.html"
        ],
        "exclude_common_values": [
          "/",
          "/.global/.info/summary.html",
          "/account/login-attempts.html",
          "/account/migrationStatus.html",
          "/account/passwordRequirementsChange.html",
          "/appointments/*",
          "/customer-service/*",
          "/events/*",
          "/m/",
          "/m/account/login-attempts.html",
          "/m/account/migrationStatus.html",
          "/m/account/passwordRequirementsChange.html",
          "/m/appointments/*",
          "/m/customer-service/*",
          "/m/events/*",
          "/m/pages/*",
          "/m/stores/*",
          "/m/trade-signin/login.html",
          "/order-servicing/*",
          "/pages/*",
          "/pages/homepage-test/",
          "/pages/kids/",
          "/stores*",
          "/trade-signin/login.html"
        ]
      }
    },
    {
      "name": "path",
      "options": {
        "matchCaseSensitive": false,
        "matchOperator": "DOES_NOT_MATCH_ONE_OF",
        "values": [
          "/customer-service/",
          "/m/customer-service/",
          "/m/trade-signin/shopnow.html",
          "/trade-signin/login.html"
        ],
        "exclude_common_values": [
          "/customer-service/confirm-marketing-email-signup.jsonp*",
          "/customer-service/confirm-marketing-sms-signup.jsonp*",
          "/customer-service/email-list/*",
          "/customer-service/email-us/*",
          "/customer-service/join-email-confirm.jsonp*",
          "/customer-service/join-email.jsonp*",
          "/customer-service/popup/communication-preferences.html*",
          "/customer-service/shipping-info/",
          "/customer-service/show-join-email.jsonp*",
          "/favorites/items/index.json",
          "/m/customer-service/confirm-mobile-email-signup.html*",
          "/m/customer-service/email-list/*",
          "/m/customer-service/email-us/*",
          "/m/customer-service/shipping-info/",
          "/products/*/email-a-friend-preview.html",
          "/products/*/email-a-friend.html",
          "/products/*/quicklook.json",
          "/products/*/request-swatches.html",
          "/products/getDeliveryInformation.json"
        ]
      }
    }
  ],
  "behaviors": [
    {
      "name": "origin",
      "options": {
        "hostname": "qa.origin-svc.westelm.com"
      }
    },
    {
      "name": "rewriteUrl",
      "options": {
        "behavior": "PREPEND",
        "keepQueryString": true,
        "targetPathPrepend": "/{{builtin.AK_DOMAIN}}/"
      }
    }
  ]
}