<?xml version="1.0" encoding="UTF-8"?>
<project>

  <!--
  <node name="sccint-qa2-rk1v" description="Rundeck server node" tags="sccint,qa2,mg,pb,pk,pt,we,ws,rj,gr" hostname="sccint-qa2-rk1v" osArch="amd64" osFamily="unix" osName="Linux" osVersion="2.6.18-274.7.1.el5" username="imageuser" sudo-command-enabled="true" sudo-fail-on-prompt-timeout="false"/>
  <node name="sccint-qa3-rk1v" description="Rundeck server node" tags="sccint,qa3,mg,pb,pk,pt,we,ws,rj,gr" hostname="sccint-qa3-rk1v" osArch="amd64" osFamily="unix" osName="Linux" osVersion="2.6.18-274.7.1.el5" username="imageuser" sudo-command-enabled="true" sudo-fail-on-prompt-timeout="false"/>
    <node name="sccint-qa5-rk1v" description="Rundeck server node" tags="sccint,qa5,mg,pb,pk,pt,we,ws,rj,gr" hostname="sccint-qa5-rk1v" osArch="amd64" osFamily="unix" osName="Linux" osVersion="2.6.18-274.7.1.el5" username="imageuser" sudo-command-enabled="true" sudo-fail-on-prompt-timeout="false"/>
      -->

  <node name="sccint-qa1-rk1v" description="Rundeck server node" tags="sccint,qa1,mg,pb,pk,pt,we,ws,rj,gr" hostname="sccrck-vicn009" osArch="amd64" osFamily="unix" osName="Linux" osVersion="3.10.0-327.28.2.el7" username="imageuser" sudo-command-enabled="true" sudo-fail-on-prompt-timeout="false"/>
  <node name="sccint-qa2-rk1v" description="Rundeck server node" tags="sccint,qa2,mg,pb,pk,pt,we,ws,rj,gr" hostname="sccrck-vicn010" osArch="amd64" osFamily="unix" osName="Linux" osVersion="3.10.0-327.28.2.el7" username="imageuser" sudo-command-enabled="true" sudo-fail-on-prompt-timeout="false"/>
  <node name="sccint-qa3-rk1v" description="Rundeck server node" tags="sccint,qa3,mg,pb,pk,pt,we,ws,rj,gr" hostname="sccrck-vicn011" osArch="amd64" osFamily="unix" osName="Linux" osVersion="3.10.0-327.28.2.el7" username="imageuser" sudo-command-enabled="true" sudo-fail-on-prompt-timeout="false"/>
  <node name="sccint-qa5-rk1v" description="Rundeck server node" tags="sccint,qa5,mg,pb,pk,pt,we,ws,rj,gr" hostname="sccrck-vicn012" osArch="amd64" osFamily="unix" osName="Linux" osVersion="3.10.0-327.28.2.el7" username="imageuser" sudo-command-enabled="true" sudo-fail-on-prompt-timeout="false"/>


  <node name="sccext-qa1-rk1v" description="Rundeck server node" tags="sccext,qa1,mg,pb,pk,pt,we,ws,rj,gr" hostname="sccrck-vicn001" osArch="amd64" osFamily="unix" osName="Linux" osVersion="2.6.18-274.7.1.el5" username="imageuser" sudo-command-enabled="true" sudo-fail-on-prompt-timeout="false"/>
  <node name="sccext-qa2-rk1v" description="Rundeck server node" tags="sccext,qa2,mg,pb,pk,pt,we,ws,rj,gr" hostname="sccrck-vicn003" osArch="amd64" osFamily="unix" osName="Linux" osVersion="2.6.18-274.7.1.el5" username="imageuser" sudo-command-enabled="true" sudo-fail-on-prompt-timeout="false"/>
  <node name="sccext-qa3-rk1v" description="Rundeck server node" tags="sccext,qa3,mg,pb,pk,pt,we,ws,rj,gr" hostname="sccrck-vicn004" osArch="amd64" osFamily="unix" osName="Linux" osVersion="2.6.18-274.7.1.el5" username="imageuser" sudo-command-enabled="true" sudo-fail-on-prompt-timeout="false"/>
  <node name="sccext-qa5-rk1v" description="Rundeck server node" tags="sccext,qa5,mg,pb,pk,pt,we,ws,rj,gr" hostname="sccrck-vicn005" osArch="amd64" osFamily="unix" osName="Linux" osVersion="2.6.18-274.7.1.el5" username="imageuser" sudo-command-enabled="true" sudo-fail-on-prompt-timeout="false"/>

<!--
  <node name="sccext-qa1-rk1v-new" description="Rundeck server node" tags="sccext,qa1-new" hostname="sccrck-vicn001" osArch="amd64" osFamily="unix" osName="Linux" osVersion="3.10.0-327.28.2.el7" username="imageuser" sudo-command-enabled="true" sudo-fail-on-prompt-timeout="false"/>
  <node name="sccext-qa2-rk1v-new" description="Rundeck server node" tags="sccext,qa2-new" hostname="sccrck-vicn002" osArch="amd64" osFamily="unix" osName="Linux" osVersion="3.10.0-327.28.2.el7" username="imageuser" sudo-command-enabled="true" sudo-fail-on-prompt-timeout="false"/>
  <node name="sccext-qa3-rk1v-new" description="Rundeck server node" tags="sccext,qa3-new" hostname="sccrck-vicn003" osArch="amd64" osFamily="unix" osName="Linux" osVersion="3.10.0-327.28.2.el7" username="imageuser" sudo-command-enabled="true" sudo-fail-on-prompt-timeout="false"/>
  <node name="sccext-qa5-rk1v-new" description="Rundeck server node" tags="sccext,qa5-new" hostname="sccrck-vicn004" osArch="amd64" osFamily="unix" osName="Linux" osVersion="3.10.0-327.28.2.el7" username="imageuser" sudo-command-enabled="true" sudo-fail-on-prompt-timeout="false"/>
-->
</project>
