{
  "terraform": [
    {
      "required_providers": [
        {
          "akamai": {
            "source": "akamai/akamai",
            "version": ">= 2.0.0"
          }
        }
      ],
      "required_version": ">= 0.13"
    }
  ],
  "provider": [
    {
      "akamai": {
        "edgerc": "${var.edgerc_path}",
        "config_section": "${var.config_section}"
      }
    }
  ],
  "data": [
    {
      "akamai_group": {
        "group": {
          "group_name": "PROD and QA Group",
          "contract_id": "ctr_1-2ZMIM5"
        }
      }
    },
    {
      "akamai_contract": {
        "contract": {
          "group_name": "${data.akamai_group.group.name}"
        }
      }
    },
    {
      "akamai_property_rules_template": {
        "rules": {
          "template_file": "${abspath(\"${path.module}/property-snippets/main.json\")}"
        }
      }
    }
  ],
  "resource": [
    {
      "akamai_edge_hostname": {
        "secure-dev-westelm-com-edgekey-net": {
          "product_id": "prd_SPM",
          "contract_id": "${data.akamai_contract.contract.id}",
          "group_id": "${data.akamai_group.group.id}",
          "ip_behavior": "IPV4",
          "edge_hostname": "secure.dev.westelm.com.edgekey.net",
          "certificate": 6
        }
      }
    },
    {
      "akamai_edge_hostname": {
        "secure-integration-westelm-com-edgekey-net": {
          "product_id": "prd_SPM",
          "contract_id": "${data.akamai_contract.contract.id}",
          "group_id": "${data.akamai_group.group.id}",
          "ip_behavior": "IPV4",
          "edge_hostname": "secure.integration.westelm.com.edgekey.net",
          "certificate": 5932
        }
      }
    },
    {
      "akamai_edge_hostname": {
        "secure-integration-williams-sonoma-com-edgekey-net": {
          "product_id": "prd_SPM",
          "contract_id": "${data.akamai_contract.contract.id}",
          "group_id": "${data.akamai_group.group.id}",
          "ip_behavior": "IPV4",
          "edge_hostname": "secure.integration.williams-sonoma.com.edgekey.net",
          "certificate": 5932
        }
      }
    },
    {
      "akamai_edge_hostname": {
        "secure-integration2-westelm-com-edgekey-net": {
          "product_id": "prd_SPM",
          "contract_id": "${data.akamai_contract.contract.id}",
          "group_id": "${data.akamai_group.group.id}",
          "ip_behavior": "IPV4",
          "edge_hostname": "secure.integration2.westelm.com.edgekey.net",
          "certificate": 5932
        }
      }
    },
    {
      "akamai_edge_hostname": {
        "secure-qa-westelm-com-edgekey-net": {
          "product_id": "prd_SPM",
          "contract_id": "${data.akamai_contract.contract.id}",
          "group_id": "${data.akamai_group.group.id}",
          "ip_behavior": "IPV4",
          "edge_hostname": "secure.qa.westelm.com.edgekey.net",
          "certificate": 6
        }
      }
    },
    {
      "akamai_edge_hostname": {
        "secure-qa-wsgc-com-edgekey-net": {
          "product_id": "prd_SPM",
          "contract_id": "${data.akamai_contract.contract.id}",
          "group_id": "${data.akamai_group.group.id}",
          "ip_behavior": "IPV4",
          "edge_hostname": "secure-qa.wsgc.com.edgekey.net",
          "certificate": 5932
        }
      }
    },
    {
      "akamai_edge_hostname": {
        "secure-qa1-westelm-com-edgekey-net": {
          "product_id": "prd_SPM",
          "contract_id": "${data.akamai_contract.contract.id}",
          "group_id": "${data.akamai_group.group.id}",
          "ip_behavior": "IPV4",
          "edge_hostname": "secure.qa1.westelm.com.edgekey.net",
          "certificate": 6
        }
      }
    },
    {
      "akamai_edge_hostname": {
        "secure-qa1-wsgc-com-edgekey-net": {
          "product_id": "prd_SPM",
          "contract_id": "${data.akamai_contract.contract.id}",
          "group_id": "${data.akamai_group.group.id}",
          "ip_behavior": "IPV4",
          "edge_hostname": "secure-qa1.wsgc.com.edgekey.net",
          "certificate": 19
        }
      }
    },
    {
      "akamai_edge_hostname": {
        "secure-qa10-westelm-com-edgekey-net": {
          "product_id": "prd_SPM",
          "contract_id": "${data.akamai_contract.contract.id}",
          "group_id": "${data.akamai_group.group.id}",
          "ip_behavior": "IPV4",
          "edge_hostname": "secure.qa10.westelm.com.edgekey.net",
          "certificate": 6
        }
      }
    },
    {
      "akamai_edge_hostname": {
        "secure-qa11-westelm-com-edgekey-net": {
          "product_id": "prd_SPM",
          "contract_id": "${data.akamai_contract.contract.id}",
          "group_id": "${data.akamai_group.group.id}",
          "ip_behavior": "IPV4",
          "edge_hostname": "secure.qa11.westelm.com.edgekey.net",
          "certificate": 6
        }
      }
    },
    {
      "akamai_edge_hostname": {
        "secure-qa2-westelm-com-edgekey-net": {
          "product_id": "prd_SPM",
          "contract_id": "${data.akamai_contract.contract.id}",
          "group_id": "${data.akamai_group.group.id}",
          "ip_behavior": "IPV4",
          "edge_hostname": "secure.qa2.westelm.com.edgekey.net",
          "certificate": 5932
        }
      }
    },
    {
      "akamai_edge_hostname": {
        "secure-qa2-wsgc-com-edgekey-net": {
          "product_id": "prd_SPM",
          "contract_id": "${data.akamai_contract.contract.id}",
          "group_id": "${data.akamai_group.group.id}",
          "ip_behavior": "IPV4",
          "edge_hostname": "secure-qa2.wsgc.com.edgekey.net",
          "certificate": 4606
        }
      }
    },
    {
      "akamai_edge_hostname": {
        "secure-qa4-westelm-com-edgekey-net": {
          "product_id": "prd_SPM",
          "contract_id": "${data.akamai_contract.contract.id}",
          "group_id": "${data.akamai_group.group.id}",
          "ip_behavior": "IPV4",
          "edge_hostname": "secure.qa4.westelm.com.edgekey.net",
          "certificate": 6
        }
      }
    },
    {
      "akamai_edge_hostname": {
        "secure-qa5-westelm-com-edgekey-net": {
          "product_id": "prd_SPM",
          "contract_id": "${data.akamai_contract.contract.id}",
          "group_id": "${data.akamai_group.group.id}",
          "ip_behavior": "IPV4",
          "edge_hostname": "secure.qa5.westelm.com.edgekey.net",
          "certificate": 19
        }
      }
    },
    {
      "akamai_edge_hostname": {
        "secure-qa6-westelm-com-edgekey-net": {
          "product_id": "prd_SPM",
          "contract_id": "${data.akamai_contract.contract.id}",
          "group_id": "${data.akamai_group.group.id}",
          "ip_behavior": "IPV4",
          "edge_hostname": "secure.qa6.westelm.com.edgekey.net",
          "certificate": 19
        }
      }
    },
    {
      "akamai_edge_hostname": {
        "secure-qa7-westelm-com-edgekey-net": {
          "product_id": "prd_SPM",
          "contract_id": "${data.akamai_contract.contract.id}",
          "group_id": "${data.akamai_group.group.id}",
          "ip_behavior": "IPV4",
          "edge_hostname": "secure.qa7.westelm.com.edgekey.net",
          "certificate": 19
        }
      }
    },
    {
      "akamai_edge_hostname": {
        "secure-qa8-westelm-com-edgekey-net": {
          "product_id": "prd_SPM",
          "contract_id": "${data.akamai_contract.contract.id}",
          "group_id": "${data.akamai_group.group.id}",
          "ip_behavior": "IPV4",
          "edge_hostname": "secure.qa8.westelm.com.edgekey.net",
          "certificate": 19
        }
      }
    },
    {
      "akamai_edge_hostname": {
        "secure-regression-westelm-com-edgekey-net": {
          "product_id": "prd_SPM",
          "contract_id": "${data.akamai_contract.contract.id}",
          "group_id": "${data.akamai_group.group.id}",
          "ip_behavior": "IPV4",
          "edge_hostname": "secure.regression.westelm.com.edgekey.net",
          "certificate": 5932
        }
      }
    },
    {
      "akamai_edge_hostname": {
        "secure-staging-westelm-com-edgekey-net": {
          "product_id": "prd_SPM",
          "contract_id": "${data.akamai_contract.contract.id}",
          "group_id": "${data.akamai_group.group.id}",
          "ip_behavior": "IPV4",
          "edge_hostname": "secure.staging.westelm.com.edgekey.net",
          "certificate": 5932
        }
      }
    },
    {
      "akamai_edge_hostname": {
        "secure-uat-westelm-com-edgekey-net": {
          "product_id": "prd_SPM",
          "contract_id": "${data.akamai_contract.contract.id}",
          "group_id": "${data.akamai_group.group.id}",
          "ip_behavior": "IPV4",
          "edge_hostname": "secure.uat.westelm.com.edgekey.net",
          "certificate": 6
        }
      }
    },
    {
      "akamai_edge_hostname": {
        "secure-uat2-westelm-com-edgekey-net": {
          "product_id": "prd_SPM",
          "contract_id": "${data.akamai_contract.contract.id}",
          "group_id": "${data.akamai_group.group.id}",
          "ip_behavior": "IPV4",
          "edge_hostname": "secure.uat2.westelm.com.edgekey.net",
          "certificate": 6
        }
      }
    },
    {
      "akamai_edge_hostname": {
        "secure-uat3-westelm-com-edgekey-net": {
          "product_id": "prd_SPM",
          "contract_id": "${data.akamai_contract.contract.id}",
          "group_id": "${data.akamai_group.group.id}",
          "ip_behavior": "IPV4",
          "edge_hostname": "secure.uat3.westelm.com.edgekey.net",
          "certificate": 5932
        }
      }
    },
    {
      "akamai_edge_hostname": {
        "slot13293-wsgc-com-edgekey-net": {
          "product_id": "prd_SPM",
          "contract_id": "${data.akamai_contract.contract.id}",
          "group_id": "${data.akamai_group.group.id}",
          "ip_behavior": "IPV4",
          "edge_hostname": "slot13293.wsgc.com.edgekey.net",
          "certificate": 13293
        }
      }
    },
    {
      "akamai_edge_hostname": {
        "slot5302-wsgc-com-edgekey-net": {
          "product_id": "prd_SPM",
          "contract_id": "${data.akamai_contract.contract.id}",
          "group_id": "${data.akamai_group.group.id}",
          "ip_behavior": "IPV4",
          "edge_hostname": "slot5302.wsgc.com.edgekey.net",
          "certificate": 5302
        }
      }
    },
    {
      "akamai_edge_hostname": {
        "www-qa15-westelm-com-edgekey-net": {
          "product_id": "prd_SPM",
          "contract_id": "${data.akamai_contract.contract.id}",
          "group_id": "${data.akamai_group.group.id}",
          "ip_behavior": "IPV4",
          "edge_hostname": "www.qa15.westelm.com.edgekey.net",
          "certificate": 19
        }
      }
    },
    {
      "akamai_edge_hostname": {
        "www-qa16-westelm-com-edgekey-net": {
          "product_id": "prd_SPM",
          "contract_id": "${data.akamai_contract.contract.id}",
          "group_id": "${data.akamai_group.group.id}",
          "ip_behavior": "IPV4",
          "edge_hostname": "www.qa16.westelm.com.edgekey.net",
          "certificate": 19
        }
      }
    },
    {
      "akamai_property": {
        "qa-westelm-com_pm": {
          "name": "qa.westelm.com_pm",
          "contract_id": "${data.akamai_contract.contract.id}",
          "group_id": "${data.akamai_group.group.id}",
          "product_id": "prd_SPM",
          "rule_format": "v2023-05-30",
          "hostnames": [
            {
              "cname_from": "dummy.hostname.we",
              "cname_to": "${akamai_edge_hostname.secure-qa-westelm-com-edgekey-net.edge_hostname}",
              "cert_provisioning_type": "CPS_MANAGED"
            },
            {
              "cname_from": "integration.westelm.com",
              "cname_to": "${akamai_edge_hostname.secure-qa-wsgc-com-edgekey-net.edge_hostname}",
              "cert_provisioning_type": "CPS_MANAGED"
            },
            {
              "cname_from": "integration2.westelm.com",
              "cname_to": "${akamai_edge_hostname.secure-qa1-wsgc-com-edgekey-net.edge_hostname}",
              "cert_provisioning_type": "CPS_MANAGED"
            },
            {
              "cname_from": "qa15.westelm.com",
              "cname_to": "${akamai_edge_hostname.www-qa15-westelm-com-edgekey-net.edge_hostname}",
              "cert_provisioning_type": "CPS_MANAGED"
            },
            {
              "cname_from": "qa16.westelm.com",
              "cname_to": "${akamai_edge_hostname.www-qa16-westelm-com-edgekey-net.edge_hostname}",
              "cert_provisioning_type": "CPS_MANAGED"
            },
            {
              "cname_from": "qa17.westelm.com",
              "cname_to": "${akamai_edge_hostname.secure-qa1-westelm-com-edgekey-net.edge_hostname}",
              "cert_provisioning_type": "CPS_MANAGED"
            },
            {
              "cname_from": "qa18.westelm.com",
              "cname_to": "${akamai_edge_hostname.secure-qa1-westelm-com-edgekey-net.edge_hostname}",
              "cert_provisioning_type": "CPS_MANAGED"
            },
            {
              "cname_from": "regression.westelm.ca",
              "cname_to": "${akamai_edge_hostname.secure-qa2-wsgc-com-edgekey-net.edge_hostname}",
              "cert_provisioning_type": "CPS_MANAGED"
            },
            {
              "cname_from": "regression.westelm.com",
              "cname_to": "${akamai_edge_hostname.secure-qa-wsgc-com-edgekey-net.edge_hostname}",
              "cert_provisioning_type": "CPS_MANAGED"
            },
            {
              "cname_from": "regression2.westelm.com",
              "cname_to": "${akamai_edge_hostname.secure-qa1-wsgc-com-edgekey-net.edge_hostname}",
              "cert_provisioning_type": "CPS_MANAGED"
            },
            {
              "cname_from": "secure.dev.westelm.com",
              "cname_to": "${akamai_edge_hostname.secure-dev-westelm-com-edgekey-net.edge_hostname}",
              "cert_provisioning_type": "CPS_MANAGED"
            },
            {
              "cname_from": "secure.integration.westelm.com",
              "cname_to": "${akamai_edge_hostname.secure-integration-westelm-com-edgekey-net.edge_hostname}",
              "cert_provisioning_type": "CPS_MANAGED"
            },
            {
              "cname_from": "secure.integration2.westelm.com",
              "cname_to": "${akamai_edge_hostname.secure-integration2-westelm-com-edgekey-net.edge_hostname}",
              "cert_provisioning_type": "CPS_MANAGED"
            },
            {
              "cname_from": "secure.perf.westelm.com",
              "cname_to": "${akamai_edge_hostname.secure-qa-westelm-com-edgekey-net.edge_hostname}",
              "cert_provisioning_type": "CPS_MANAGED"
            },
            {
              "cname_from": "secure.qa.westelm.com",
              "cname_to": "${akamai_edge_hostname.secure-qa-westelm-com-edgekey-net.edge_hostname}",
              "cert_provisioning_type": "CPS_MANAGED"
            },
            {
              "cname_from": "secure.qa10.westelm.com",
              "cname_to": "${akamai_edge_hostname.secure-qa10-westelm-com-edgekey-net.edge_hostname}",
              "cert_provisioning_type": "CPS_MANAGED"
            },
            {
              "cname_from": "secure.qa11.westelm.com",
              "cname_to": "${akamai_edge_hostname.secure-qa11-westelm-com-edgekey-net.edge_hostname}",
              "cert_provisioning_type": "CPS_MANAGED"
            },
            {
              "cname_from": "secure.qa2.westelm.com",
              "cname_to": "${akamai_edge_hostname.secure-qa2-westelm-com-edgekey-net.edge_hostname}",
              "cert_provisioning_type": "CPS_MANAGED"
            },
            {
              "cname_from": "secure.qa3.westelm.com",
              "cname_to": "${akamai_edge_hostname.secure-qa1-wsgc-com-edgekey-net.edge_hostname}",
              "cert_provisioning_type": "CPS_MANAGED"
            },
            {
              "cname_from": "secure.qa4.westelm.com",
              "cname_to": "${akamai_edge_hostname.secure-qa4-westelm-com-edgekey-net.edge_hostname}",
              "cert_provisioning_type": "CPS_MANAGED"
            },
            {
              "cname_from": "secure.qa5.westelm.com",
              "cname_to": "${akamai_edge_hostname.secure-qa5-westelm-com-edgekey-net.edge_hostname}",
              "cert_provisioning_type": "CPS_MANAGED"
            },
            {
              "cname_from": "secure.qa6.westelm.com",
              "cname_to": "${akamai_edge_hostname.secure-qa6-westelm-com-edgekey-net.edge_hostname}",
              "cert_provisioning_type": "CPS_MANAGED"
            },
            {
              "cname_from": "secure.qa7.westelm.com",
              "cname_to": "${akamai_edge_hostname.secure-qa7-westelm-com-edgekey-net.edge_hostname}",
              "cert_provisioning_type": "CPS_MANAGED"
            },
            {
              "cname_from": "secure.qa8.westelm.com",
              "cname_to": "${akamai_edge_hostname.secure-qa8-westelm-com-edgekey-net.edge_hostname}",
              "cert_provisioning_type": "CPS_MANAGED"
            },
            {
              "cname_from": "secure.qa9.westelm.com",
              "cname_to": "${akamai_edge_hostname.secure-qa-westelm-com-edgekey-net.edge_hostname}",
              "cert_provisioning_type": "CPS_MANAGED"
            },
            {
              "cname_from": "secure.regression.westelm.com",
              "cname_to": "${akamai_edge_hostname.secure-regression-westelm-com-edgekey-net.edge_hostname}",
              "cert_provisioning_type": "CPS_MANAGED"
            },
            {
              "cname_from": "secure.staging.westelm.com",
              "cname_to": "${akamai_edge_hostname.secure-staging-westelm-com-edgekey-net.edge_hostname}",
              "cert_provisioning_type": "CPS_MANAGED"
            },
            {
              "cname_from": "secure.uat.westelm.com",
              "cname_to": "${akamai_edge_hostname.secure-uat-westelm-com-edgekey-net.edge_hostname}",
              "cert_provisioning_type": "CPS_MANAGED"
            },
            {
              "cname_from": "secure.uat2.westelm.com",
              "cname_to": "${akamai_edge_hostname.secure-uat2-westelm-com-edgekey-net.edge_hostname}",
              "cert_provisioning_type": "CPS_MANAGED"
            },
            {
              "cname_from": "secure.uat3.westelm.com",
              "cname_to": "${akamai_edge_hostname.secure-uat3-westelm-com-edgekey-net.edge_hostname}",
              "cert_provisioning_type": "CPS_MANAGED"
            },
            {
              "cname_from": "static-qa.westelm.com",
              "cname_to": "${akamai_edge_hostname.secure-qa1-wsgc-com-edgekey-net.edge_hostname}",
              "cert_provisioning_type": "CPS_MANAGED"
            },
            {
              "cname_from": "www.bpv.westelm.ca",
              "cname_to": "${akamai_edge_hostname.secure-qa2-wsgc-com-edgekey-net.edge_hostname}",
              "cert_provisioning_type": "CPS_MANAGED"
            },
            {
              "cname_from": "www.bpv.westelm.com",
              "cname_to": "${akamai_edge_hostname.slot5302-wsgc-com-edgekey-net.edge_hostname}",
              "cert_provisioning_type": "CPS_MANAGED"
            },
            {
              "cname_from": "www.ca1.westelm.com",
              "cname_to": "${akamai_edge_hostname.secure-qa1-wsgc-com-edgekey-net.edge_hostname}",
              "cert_provisioning_type": "CPS_MANAGED"
            },
            {
              "cname_from": "www.dev.westelm.com",
              "cname_to": "${akamai_edge_hostname.secure-qa1-wsgc-com-edgekey-net.edge_hostname}",
              "cert_provisioning_type": "CPS_MANAGED"
            },
            {
              "cname_from": "www.ecmqa1.westelm.com",
              "cname_to": "${akamai_edge_hostname.secure-qa1-wsgc-com-edgekey-net.edge_hostname}",
              "cert_provisioning_type": "CPS_MANAGED"
            },
            {
              "cname_from": "www.ecmuat1.westelm.com",
              "cname_to": "${akamai_edge_hostname.secure-qa1-wsgc-com-edgekey-net.edge_hostname}",
              "cert_provisioning_type": "CPS_MANAGED"
            },
            {
              "cname_from": "www.int3.westelm.ca",
              "cname_to": "${akamai_edge_hostname.secure-qa1-wsgc-com-edgekey-net.edge_hostname}",
              "cert_provisioning_type": "CPS_MANAGED"
            },
            {
              "cname_from": "www.int3.westelm.com",
              "cname_to": "${akamai_edge_hostname.secure-qa1-wsgc-com-edgekey-net.edge_hostname}",
              "cert_provisioning_type": "CPS_MANAGED"
            },
            {
              "cname_from": "www.int4.westelm.ca",
              "cname_to": "${akamai_edge_hostname.secure-qa1-wsgc-com-edgekey-net.edge_hostname}",
              "cert_provisioning_type": "CPS_MANAGED"
            },
            {
              "cname_from": "www.int4.westelm.com",
              "cname_to": "${akamai_edge_hostname.secure-qa1-wsgc-com-edgekey-net.edge_hostname}",
              "cert_provisioning_type": "CPS_MANAGED"
            },
            {
              "cname_from": "www.int5.westelm.ca",
              "cname_to": "${akamai_edge_hostname.secure-qa1-wsgc-com-edgekey-net.edge_hostname}",
              "cert_provisioning_type": "CPS_MANAGED"
            },
            {
              "cname_from": "www.int5.westelm.com",
              "cname_to": "${akamai_edge_hostname.secure-qa1-wsgc-com-edgekey-net.edge_hostname}",
              "cert_provisioning_type": "CPS_MANAGED"
            },
            {
              "cname_from": "www.perf.westelm.ca",
              "cname_to": "${akamai_edge_hostname.slot13293-wsgc-com-edgekey-net.edge_hostname}",
              "cert_provisioning_type": "CPS_MANAGED"
            },
            {
              "cname_from": "www.perf.westelm.com",
              "cname_to": "${akamai_edge_hostname.secure-qa1-wsgc-com-edgekey-net.edge_hostname}",
              "cert_provisioning_type": "CPS_MANAGED"
            },
            {
              "cname_from": "www.qa.westelm.com",
              "cname_to": "${akamai_edge_hostname.secure-qa1-wsgc-com-edgekey-net.edge_hostname}",
              "cert_provisioning_type": "CPS_MANAGED"
            },
            {
              "cname_from": "www.qa10.westelm.ca",
              "cname_to": "${akamai_edge_hostname.secure-qa2-wsgc-com-edgekey-net.edge_hostname}",
              "cert_provisioning_type": "CPS_MANAGED"
            },
            {
              "cname_from": "www.qa10.westelm.com",
              "cname_to": "${akamai_edge_hostname.secure-qa2-wsgc-com-edgekey-net.edge_hostname}",
              "cert_provisioning_type": "CPS_MANAGED"
            },
            {
              "cname_from": "www.qa11.westelm.ca",
              "cname_to": "${akamai_edge_hostname.secure-qa2-wsgc-com-edgekey-net.edge_hostname}",
              "cert_provisioning_type": "CPS_MANAGED"
            },
            {
              "cname_from": "www.qa11.westelm.com",
              "cname_to": "${akamai_edge_hostname.secure-qa2-wsgc-com-edgekey-net.edge_hostname}",
              "cert_provisioning_type": "CPS_MANAGED"
            },
            {
              "cname_from": "www.qa12.westelm.com",
              "cname_to": "${akamai_edge_hostname.secure-qa1-wsgc-com-edgekey-net.edge_hostname}",
              "cert_provisioning_type": "CPS_MANAGED"
            },
            {
              "cname_from": "www.qa13.westelm.com",
              "cname_to": "${akamai_edge_hostname.secure-qa1-wsgc-com-edgekey-net.edge_hostname}",
              "cert_provisioning_type": "CPS_MANAGED"
            },
            {
              "cname_from": "www.qa14.westelm.com",
              "cname_to": "${akamai_edge_hostname.secure-qa1-wsgc-com-edgekey-net.edge_hostname}",
              "cert_provisioning_type": "CPS_MANAGED"
            },
            {
              "cname_from": "www.qa15.westelm.com",
              "cname_to": "${akamai_edge_hostname.www-qa15-westelm-com-edgekey-net.edge_hostname}",
              "cert_provisioning_type": "CPS_MANAGED"
            },
            {
              "cname_from": "www.qa16.westelm.com",
              "cname_to": "${akamai_edge_hostname.www-qa16-westelm-com-edgekey-net.edge_hostname}",
              "cert_provisioning_type": "CPS_MANAGED"
            },
            {
              "cname_from": "www.qa17.westelm.com",
              "cname_to": "${akamai_edge_hostname.secure-qa1-wsgc-com-edgekey-net.edge_hostname}",
              "cert_provisioning_type": "CPS_MANAGED"
            },
            {
              "cname_from": "www.qa18.westelm.com",
              "cname_to": "${akamai_edge_hostname.secure-qa1-wsgc-com-edgekey-net.edge_hostname}",
              "cert_provisioning_type": "CPS_MANAGED"
            },
            {
              "cname_from": "www.qa19.westelm.com",
              "cname_to": "${akamai_edge_hostname.secure-qa1-wsgc-com-edgekey-net.edge_hostname}",
              "cert_provisioning_type": "CPS_MANAGED"
            },
            {
              "cname_from": "www.qa2.westelm.com",
              "cname_to": "${akamai_edge_hostname.secure-integration-williams-sonoma-com-edgekey-net.edge_hostname}",
              "cert_provisioning_type": "CPS_MANAGED"
            },
            {
              "cname_from": "www.qa20.westelm.com",
              "cname_to": "${akamai_edge_hostname.secure-qa1-wsgc-com-edgekey-net.edge_hostname}",
              "cert_provisioning_type": "CPS_MANAGED"
            },
            {
              "cname_from": "www.qa21.westelm.com",
              "cname_to": "${akamai_edge_hostname.secure-qa1-wsgc-com-edgekey-net.edge_hostname}",
              "cert_provisioning_type": "CPS_MANAGED"
            },
            {
              "cname_from": "www.qa22.westelm.com",
              "cname_to": "${akamai_edge_hostname.secure-qa1-wsgc-com-edgekey-net.edge_hostname}",
              "cert_provisioning_type": "CPS_MANAGED"
            },
            {
              "cname_from": "www.qa23.westelm.com",
              "cname_to": "${akamai_edge_hostname.secure-qa1-wsgc-com-edgekey-net.edge_hostname}",
              "cert_provisioning_type": "CPS_MANAGED"
            },
            {
              "cname_from": "www.qa24.westelm.com",
              "cname_to": "${akamai_edge_hostname.secure-qa1-wsgc-com-edgekey-net.edge_hostname}",
              "cert_provisioning_type": "CPS_MANAGED"
            },
            {
              "cname_from": "www.qa25.westelm.com",
              "cname_to": "${akamai_edge_hostname.secure-qa1-wsgc-com-edgekey-net.edge_hostname}",
              "cert_provisioning_type": "CPS_MANAGED"
            },
            {
              "cname_from": "www.qa26.westelm.com",
              "cname_to": "${akamai_edge_hostname.secure-qa1-wsgc-com-edgekey-net.edge_hostname}",
              "cert_provisioning_type": "CPS_MANAGED"
            },
            {
              "cname_from": "www.qa27.westelm.com",
              "cname_to": "${akamai_edge_hostname.secure-qa1-wsgc-com-edgekey-net.edge_hostname}",
              "cert_provisioning_type": "CPS_MANAGED"
            },
            {
              "cname_from": "www.qa28.westelm.com",
              "cname_to": "${akamai_edge_hostname.secure-qa1-wsgc-com-edgekey-net.edge_hostname}",
              "cert_provisioning_type": "CPS_MANAGED"
            },
            {
              "cname_from": "www.qa29.westelm.com",
              "cname_to": "${akamai_edge_hostname.secure-qa1-wsgc-com-edgekey-net.edge_hostname}",
              "cert_provisioning_type": "CPS_MANAGED"
            },
            {
              "cname_from": "www.qa3.westelm.com",
              "cname_to": "${akamai_edge_hostname.secure-qa1-wsgc-com-edgekey-net.edge_hostname}",
              "cert_provisioning_type": "CPS_MANAGED"
            },
            {
              "cname_from": "www.qa30.westelm.com",
              "cname_to": "${akamai_edge_hostname.secure-qa1-wsgc-com-edgekey-net.edge_hostname}",
              "cert_provisioning_type": "CPS_MANAGED"
            },
            {
              "cname_from": "www.qa31.westelm.ca",
              "cname_to": "${akamai_edge_hostname.secure-qa2-wsgc-com-edgekey-net.edge_hostname}",
              "cert_provisioning_type": "CPS_MANAGED"
            },
            {
              "cname_from": "www.qa31.westelm.com",
              "cname_to": "${akamai_edge_hostname.secure-qa-wsgc-com-edgekey-net.edge_hostname}",
              "cert_provisioning_type": "CPS_MANAGED"
            },
            {
              "cname_from": "www.qa32.westelm.com",
              "cname_to": "${akamai_edge_hostname.secure-qa1-wsgc-com-edgekey-net.edge_hostname}",
              "cert_provisioning_type": "CPS_MANAGED"
            },
            {
              "cname_from": "www.qa33.westelm.com",
              "cname_to": "${akamai_edge_hostname.secure-qa1-wsgc-com-edgekey-net.edge_hostname}",
              "cert_provisioning_type": "CPS_MANAGED"
            },
            {
              "cname_from": "www.qa34.westelm.com",
              "cname_to": "${akamai_edge_hostname.secure-qa1-wsgc-com-edgekey-net.edge_hostname}",
              "cert_provisioning_type": "CPS_MANAGED"
            },
            {
              "cname_from": "www.qa35.westelm.com",
              "cname_to": "${akamai_edge_hostname.secure-qa1-wsgc-com-edgekey-net.edge_hostname}",
              "cert_provisioning_type": "CPS_MANAGED"
            },
            {
              "cname_from": "www.qa36.westelm.com",
              "cname_to": "${akamai_edge_hostname.secure-qa1-wsgc-com-edgekey-net.edge_hostname}",
              "cert_provisioning_type": "CPS_MANAGED"
            },
            {
              "cname_from": "www.qa37.westelm.com",
              "cname_to": "${akamai_edge_hostname.slot13293-wsgc-com-edgekey-net.edge_hostname}",
              "cert_provisioning_type": "CPS_MANAGED"
            },
            {
              "cname_from": "www.qa38.westelm.com",
              "cname_to": "${akamai_edge_hostname.slot13293-wsgc-com-edgekey-net.edge_hostname}",
              "cert_provisioning_type": "CPS_MANAGED"
            },
            {
              "cname_from": "www.qa39.westelm.com",
              "cname_to": "${akamai_edge_hostname.secure-qa1-wsgc-com-edgekey-net.edge_hostname}",
              "cert_provisioning_type": "CPS_MANAGED"
            },
            {
              "cname_from": "www.qa4.westelm.com",
              "cname_to": "${akamai_edge_hostname.secure-qa1-wsgc-com-edgekey-net.edge_hostname}",
              "cert_provisioning_type": "CPS_MANAGED"
            },
            {
              "cname_from": "www.qa40.westelm.com",
              "cname_to": "${akamai_edge_hostname.secure-qa1-wsgc-com-edgekey-net.edge_hostname}",
              "cert_provisioning_type": "CPS_MANAGED"
            },
            {
              "cname_from": "www.qa41.westelm.com",
              "cname_to": "${akamai_edge_hostname.secure-qa-wsgc-com-edgekey-net.edge_hostname}",
              "cert_provisioning_type": "CPS_MANAGED"
            },
            {
              "cname_from": "www.qa42.westelm.com",
              "cname_to": "${akamai_edge_hostname.secure-qa1-wsgc-com-edgekey-net.edge_hostname}",
              "cert_provisioning_type": "CPS_MANAGED"
            },
            {
              "cname_from": "www.qa43.westelm.com",
              "cname_to": "${akamai_edge_hostname.secure-qa1-wsgc-com-edgekey-net.edge_hostname}",
              "cert_provisioning_type": "CPS_MANAGED"
            },
            {
              "cname_from": "www.qa44.westelm.com",
              "cname_to": "${akamai_edge_hostname.secure-qa1-wsgc-com-edgekey-net.edge_hostname}",
              "cert_provisioning_type": "CPS_MANAGED"
            },
            {
              "cname_from": "www.qa45.westelm.com",
              "cname_to": "${akamai_edge_hostname.secure-qa1-wsgc-com-edgekey-net.edge_hostname}",
              "cert_provisioning_type": "CPS_MANAGED"
            },
            {
              "cname_from": "www.qa46.westelm.com",
              "cname_to": "${akamai_edge_hostname.secure-qa1-wsgc-com-edgekey-net.edge_hostname}",
              "cert_provisioning_type": "CPS_MANAGED"
            },
            {
              "cname_from": "www.qa47.westelm.com",
              "cname_to": "${akamai_edge_hostname.secure-qa1-wsgc-com-edgekey-net.edge_hostname}",
              "cert_provisioning_type": "CPS_MANAGED"
            },
            {
              "cname_from": "www.qa48.westelm.com",
              "cname_to": "${akamai_edge_hostname.secure-qa1-wsgc-com-edgekey-net.edge_hostname}",
              "cert_provisioning_type": "CPS_MANAGED"
            },
            {
              "cname_from": "www.qa49.westelm.com",
              "cname_to": "${akamai_edge_hostname.secure-qa1-wsgc-com-edgekey-net.edge_hostname}",
              "cert_provisioning_type": "CPS_MANAGED"
            },
            {
              "cname_from": "www.qa5.westelm.com",
              "cname_to": "${akamai_edge_hostname.secure-qa1-wsgc-com-edgekey-net.edge_hostname}",
              "cert_provisioning_type": "CPS_MANAGED"
            },
            {
              "cname_from": "www.qa50.westelm.com",
              "cname_to": "${akamai_edge_hostname.secure-qa1-wsgc-com-edgekey-net.edge_hostname}",
              "cert_provisioning_type": "CPS_MANAGED"
            },
            {
              "cname_from": "www.qa51.westelm.com",
              "cname_to": "${akamai_edge_hostname.secure-qa1-wsgc-com-edgekey-net.edge_hostname}",
              "cert_provisioning_type": "CPS_MANAGED"
            },
            {
              "cname_from": "www.qa52.westelm.com",
              "cname_to": "${akamai_edge_hostname.slot13293-wsgc-com-edgekey-net.edge_hostname}",
              "cert_provisioning_type": "CPS_MANAGED"
            },
            {
              "cname_from": "www.qa53.westelm.com",
              "cname_to": "${akamai_edge_hostname.secure-qa1-wsgc-com-edgekey-net.edge_hostname}",
              "cert_provisioning_type": "CPS_MANAGED"
            },
            {
              "cname_from": "www.qa54.westelm.ca",
              "cname_to": "${akamai_edge_hostname.secure-qa2-wsgc-com-edgekey-net.edge_hostname}",
              "cert_provisioning_type": "CPS_MANAGED"
            },
            {
              "cname_from": "www.qa55.westelm.com",
              "cname_to": "${akamai_edge_hostname.secure-qa1-wsgc-com-edgekey-net.edge_hostname}",
              "cert_provisioning_type": "CPS_MANAGED"
            },
            {
              "cname_from": "www.qa56.westelm.com",
              "cname_to": "${akamai_edge_hostname.secure-qa1-wsgc-com-edgekey-net.edge_hostname}",
              "cert_provisioning_type": "CPS_MANAGED"
            },
            {
              "cname_from": "www.qa57.westelm.com",
              "cname_to": "${akamai_edge_hostname.secure-qa1-wsgc-com-edgekey-net.edge_hostname}",
              "cert_provisioning_type": "CPS_MANAGED"
            },
            {
              "cname_from": "www.qa58.westelm.com",
              "cname_to": "${akamai_edge_hostname.secure-qa1-wsgc-com-edgekey-net.edge_hostname}",
              "cert_provisioning_type": "CPS_MANAGED"
            },
            {
              "cname_from": "www.qa59.westelm.com",
              "cname_to": "${akamai_edge_hostname.slot13293-wsgc-com-edgekey-net.edge_hostname}",
              "cert_provisioning_type": "CPS_MANAGED"
            },
            {
              "cname_from": "www.qa6.westelm.com",
              "cname_to": "${akamai_edge_hostname.secure-qa1-wsgc-com-edgekey-net.edge_hostname}",
              "cert_provisioning_type": "CPS_MANAGED"
            },
            {
              "cname_from": "www.qa60.westelm.com",
              "cname_to": "${akamai_edge_hostname.secure-qa1-wsgc-com-edgekey-net.edge_hostname}",
              "cert_provisioning_type": "CPS_MANAGED"
            },
            {
              "cname_from": "www.qa61.westelm.com",
              "cname_to": "${akamai_edge_hostname.secure-qa1-wsgc-com-edgekey-net.edge_hostname}",
              "cert_provisioning_type": "CPS_MANAGED"
            },
            {
              "cname_from": "www.qa62.westelm.com",
              "cname_to": "${akamai_edge_hostname.secure-qa1-wsgc-com-edgekey-net.edge_hostname}",
              "cert_provisioning_type": "CPS_MANAGED"
            },
            {
              "cname_from": "www.qa7.westelm.com",
              "cname_to": "${akamai_edge_hostname.secure-qa1-wsgc-com-edgekey-net.edge_hostname}",
              "cert_provisioning_type": "CPS_MANAGED"
            },
            {
              "cname_from": "www.qa8.westelm.com",
              "cname_to": "${akamai_edge_hostname.secure-qa1-wsgc-com-edgekey-net.edge_hostname}",
              "cert_provisioning_type": "CPS_MANAGED"
            },
            {
              "cname_from": "www.qa9.westelm.com",
              "cname_to": "${akamai_edge_hostname.secure-qa1-wsgc-com-edgekey-net.edge_hostname}",
              "cert_provisioning_type": "CPS_MANAGED"
            },
            {
              "cname_from": "www.stg1.westelm.com",
              "cname_to": "${akamai_edge_hostname.secure-qa1-wsgc-com-edgekey-net.edge_hostname}",
              "cert_provisioning_type": "CPS_MANAGED"
            },
            {
              "cname_from": "www.uat.westelm.ca",
              "cname_to": "${akamai_edge_hostname.secure-qa2-wsgc-com-edgekey-net.edge_hostname}",
              "cert_provisioning_type": "CPS_MANAGED"
            },
            {
              "cname_from": "www.uat.westelm.com",
              "cname_to": "${akamai_edge_hostname.secure-qa-wsgc-com-edgekey-net.edge_hostname}",
              "cert_provisioning_type": "CPS_MANAGED"
            },
            {
              "cname_from": "www.uat2.westelm.ca",
              "cname_to": "${akamai_edge_hostname.secure-qa2-wsgc-com-edgekey-net.edge_hostname}",
              "cert_provisioning_type": "CPS_MANAGED"
            },
            {
              "cname_from": "www.uat2.westelm.com",
              "cname_to": "${akamai_edge_hostname.secure-qa-wsgc-com-edgekey-net.edge_hostname}",
              "cert_provisioning_type": "CPS_MANAGED"
            },
            {
              "cname_from": "www.uat3.westelm.ca",
              "cname_to": "${akamai_edge_hostname.secure-qa2-wsgc-com-edgekey-net.edge_hostname}",
              "cert_provisioning_type": "CPS_MANAGED"
            },
            {
              "cname_from": "www.uat3.westelm.com",
              "cname_to": "${akamai_edge_hostname.secure-qa-wsgc-com-edgekey-net.edge_hostname}",
              "cert_provisioning_type": "CPS_MANAGED"
            },
            {
              "cname_from": "www.uat4.westelm.ca",
              "cname_to": "${akamai_edge_hostname.secure-qa2-wsgc-com-edgekey-net.edge_hostname}",
              "cert_provisioning_type": "CPS_MANAGED"
            },
            {
              "cname_from": "www.uat4.westelm.com",
              "cname_to": "${akamai_edge_hostname.secure-qa1-wsgc-com-edgekey-net.edge_hostname}",
              "cert_provisioning_type": "CPS_MANAGED"
            },
            {
              "cname_from": "www.uat5.westelm.com",
              "cname_to": "${akamai_edge_hostname.secure-qa1-wsgc-com-edgekey-net.edge_hostname}",
              "cert_provisioning_type": "CPS_MANAGED"
            },
            {
              "cname_from": "www.uat6.westelm.ca",
              "cname_to": "${akamai_edge_hostname.secure-qa2-wsgc-com-edgekey-net.edge_hostname}",
              "cert_provisioning_type": "CPS_MANAGED"
            },
            {
              "cname_from": "www.uat6.westelm.com",
              "cname_to": "${akamai_edge_hostname.secure-qa1-wsgc-com-edgekey-net.edge_hostname}",
              "cert_provisioning_type": "CPS_MANAGED"
            },
            {
              "cname_from": "www.uat7.westelm.ca",
              "cname_to": "${akamai_edge_hostname.secure-qa1-wsgc-com-edgekey-net.edge_hostname}",
              "cert_provisioning_type": "CPS_MANAGED"
            },
            {
              "cname_from": "www.uat7.westelm.com",
              "cname_to": "${akamai_edge_hostname.secure-qa1-wsgc-com-edgekey-net.edge_hostname}",
              "cert_provisioning_type": "CPS_MANAGED"
            },
            {
              "cname_from": "www.uat8.westelm.com",
              "cname_to": "${akamai_edge_hostname.secure-qa-wsgc-com-edgekey-net.edge_hostname}",
              "cert_provisioning_type": "CPS_MANAGED"
            },
            {
              "cname_from": "www.int7.westelm.com",
              "cname_to": "${akamai_edge_hostname.secure-qa1-wsgc-com-edgekey-net.edge_hostname}",
              "cert_provisioning_type": "CPS_MANAGED"
            }
          ],
          "rules": "${data.akamai_property_rules_template.rules.json}"
        }
      }
    },
    {
      "akamai_property_activation": {
        "qa-westelm-com_pm": {
          "property_id": "${akamai_property.qa-westelm-com_pm.id}",
          "contact": [
            "rjuluru@wsgc.com",
            "sbasrur@wsgc.com"
          ],
          "version": "${akamai_property.qa-westelm-com_pm.latest_version}",
          "network": "${upper(var.env)}"
        }
      }
    }
  ]
}