<?xml version="1.0" encoding="UTF-8"?>
<project>

<node name="pb-caprd-ab1v" description="pottery barn frontend production ashburn node" tags="frontend,pb,caprdab" hostname="dpaash-vpcn001" osArch="amd64" osFamily="unix" osName="Linux" osVersion="3.10.0-1160.31.1.el7"  username="imageuser" sudo-command-enabled="true" sudo-fail-on-prompt-timeout="false"/>
<node name="pb-caprd-ab2v" description="pottery barn frontend production ashburn node" tags="frontend,pb,caprdab" hostname="dpaash-vpcn002" osArch="amd64" osFamily="unix" osName="Linux" osVersion="3.10.0-1160.31.1.el7"  username="imageuser" sudo-command-enabled="true" sudo-fail-on-prompt-timeout="false"/>
<node name="pb-caprd-ab3v" description="pottery barn frontend production ashburn node" tags="frontend,pb,caprdab" hostname="dpaash-vpcn003" osArch="amd64" osFamily="unix" osName="Linux" osVersion="3.10.0-1160.31.1.el7"  username="imageuser" sudo-command-enabled="true" sudo-fail-on-prompt-timeout="false"/>

<node name="pb-caprd-sac1v" description="pottery barn frontend production sac node" tags="frontend,pb,caprdsac" hostname="dpasac-vpcn001" osArch="amd64" osFamily="unix" osName="Linux" osVersion="3.10.0-1160.31.1.el7"  username="imageuser" sudo-command-enabled="true" sudo-fail-on-prompt-timeout="false"/>
<node name="pb-caprd-sac2v" description="pottery barn frontend production sac node" tags="frontend,pb,caprdsac" hostname="dpasac-vpcn002" osArch="amd64" osFamily="unix" osName="Linux" osVersion="3.10.0-1160.31.1.el7"  username="imageuser" sudo-command-enabled="true" sudo-fail-on-prompt-timeout="false"/>
<node name="pb-caprd-sac3v" description="pottery barn frontend production sac node" tags="frontend,pb,caprdsac" hostname="dpasac-vpcn003" osArch="amd64" osFamily="unix" osName="Linux" osVersion="3.10.0-1160.31.1.el7"  username="imageuser" sudo-command-enabled="true" sudo-fail-on-prompt-timeout="false"/>

<node name="pk-caprd-ab1v" description="potterybarn kids frontend production ashburn node" tags="frontend,pk,caprdab" hostname="dpaash-vpcn004" osArch="amd64" osFamily="unix" osName="Linux" osVersion="3.10.0-1160.31.1.el7"  username="imageuser" sudo-command-enabled="true" sudo-fail-on-prompt-timeout="false"/>
<node name="pk-caprd-ab2v" description="potterybarn kids frontend production ashburn node" tags="frontend,pk,caprdab" hostname="dpaash-vpcn005" osArch="amd64" osFamily="unix" osName="Linux" osVersion="3.10.0-1160.31.1.el7"  username="imageuser" sudo-command-enabled="true" sudo-fail-on-prompt-timeout="false"/>
<node name="pk-caprd-ab3v" description="potterybarn kids frontend production ashburn node" tags="frontend,pk,caprdab" hostname="dpaash-vpcn006" osArch="amd64" osFamily="unix" osName="Linux" osVersion="3.10.0-1160.31.1.el7"  username="imageuser" sudo-command-enabled="true" sudo-fail-on-prompt-timeout="false"/>

<node name="pk-caprd-sac1v" description="potterybarn kids frontend production sac node" tags="frontend,pk,caprdsac" hostname="dpasac-vpcn004" osArch="amd64" osFamily="unix" osName="Linux" osVersion="3.10.0-1160.31.1.el7"  username="imageuser" sudo-command-enabled="true" sudo-fail-on-prompt-timeout="false"/>
<node name="pk-caprd-sac2v" description="potterybarn kids frontend production sac node" tags="frontend,pk,caprdsac" hostname="dpasac-vpcn005" osArch="amd64" osFamily="unix" osName="Linux" osVersion="3.10.0-1160.31.1.el7"  username="imageuser" sudo-command-enabled="true" sudo-fail-on-prompt-timeout="false"/>
<node name="pk-caprd-sac3v" description="potterybarn kids frontend production sac node" tags="frontend,pk,caprdsac" hostname="dpasac-vpcn006" osArch="amd64" osFamily="unix" osName="Linux" osVersion="3.10.0-1160.31.1.el7"  username="imageuser" sudo-command-enabled="true" sudo-fail-on-prompt-timeout="false"/>

<node name="pt-caprd-ab1v" description="potterybarn kids frontend production ashburn node" tags="frontend,pt,caprdab" hostname="dpaash-vpcn018" osArch="amd64" osFamily="unix" osName="Linux" osVersion="3.10.0-1160.31.1.el7"  username="imageuser" sudo-command-enabled="true" sudo-fail-on-prompt-timeout="false"/>
<node name="pt-caprd-ab2v" description="potterybarn kids frontend production ashburn node" tags="frontend,pt,caprdab" hostname="dpaash-vpcn019" osArch="amd64" osFamily="unix" osName="Linux" osVersion="3.10.0-1160.31.1.el7"  username="imageuser" sudo-command-enabled="true" sudo-fail-on-prompt-timeout="false"/>
<node name="pt-caprd-ab3v" description="potterybarn kids frontend production ashburn node" tags="frontend,pt,caprdab" hostname="dpaash-vpcn020" osArch="amd64" osFamily="unix" osName="Linux" osVersion="3.10.0-1160.31.1.el7"  username="imageuser" sudo-command-enabled="true" sudo-fail-on-prompt-timeout="false"/>

<node name="pt-caprd-sac1v" description="potterybarn kids frontend production sac node" tags="frontend,pt,caprdsac" hostname="dpasac-vpcn018" osArch="amd64" osFamily="unix" osName="Linux" osVersion="3.10.0-1160.31.1.el7"  username="imageuser" sudo-command-enabled="true" sudo-fail-on-prompt-timeout="false"/>
<node name="pt-caprd-sac2v" description="potterybarn kids frontend production sac node" tags="frontend,pt,caprdsac" hostname="dpasac-vpcn019" osArch="amd64" osFamily="unix" osName="Linux" osVersion="3.10.0-1160.31.1.el7"  username="imageuser" sudo-command-enabled="true" sudo-fail-on-prompt-timeout="false"/>
<node name="pt-caprd-sac3v" description="potterybarn kids frontend production sac node" tags="frontend,pt,caprdsac" hostname="dpasac-vpcn020" osArch="amd64" osFamily="unix" osName="Linux" osVersion="3.10.0-1160.31.1.el7"  username="imageuser" sudo-command-enabled="true" sudo-fail-on-prompt-timeout="false"/>

<node name="we-caprd-ab1v" description="westelm frontend production ashburn node" tags="frontend,we,caprdab" hostname="dpaash-vpcn007" osArch="amd64" osFamily="unix" osName="Linux" osVersion="3.10.0-1160.31.1.el7"  username="imageuser" sudo-command-enabled="true" sudo-fail-on-prompt-timeout="false"/>
<node name="we-caprd-ab2v" description="westelm frontend production ashburn node" tags="frontend,we,caprdab" hostname="dpaash-vpcn008" osArch="amd64" osFamily="unix" osName="Linux" osVersion="3.10.0-1160.31.1.el7"  username="imageuser" sudo-command-enabled="true" sudo-fail-on-prompt-timeout="false"/>
<node name="we-caprd-ab3v" description="westelm frontend production ashburn node" tags="frontend,we,caprdab" hostname="dpaash-vpcn009" osArch="amd64" osFamily="unix" osName="Linux" osVersion="3.10.0-1160.31.1.el7"  username="imageuser" sudo-command-enabled="true" sudo-fail-on-prompt-timeout="false"/>

<node name="we-caprd-sac1v" description="westelm frontend production sac node" tags="frontend,we,caprdsac" hostname="dpasac-vpcn007" osArch="amd64" osFamily="unix" osName="Linux" osVersion="3.10.0-1160.31.1.el7"  username="imageuser" sudo-command-enabled="true" sudo-fail-on-prompt-timeout="false"/>
<node name="we-caprd-sac2v" description="westelm frontend production sac node" tags="frontend,we,caprdsac" hostname="dpasac-vpcn008" osArch="amd64" osFamily="unix" osName="Linux" osVersion="3.10.0-1160.31.1.el7"  username="imageuser" sudo-command-enabled="true" sudo-fail-on-prompt-timeout="false"/>
<node name="we-caprd-sac3v" description="westelm frontend production sac node" tags="frontend,we,caprdsac" hostname="dpasac-vpcn009" osArch="amd64" osFamily="unix" osName="Linux" osVersion="3.10.0-1160.31.1.el7"  username="imageuser" sudo-command-enabled="true" sudo-fail-on-prompt-timeout="false"/>

<node name="ws-caprd-ab1v" description="williams sonoma frontend production ashburn node" tags="frontend,ws,caprdab" hostname="dpaash-vpcn010" osArch="amd64" osFamily="unix" osName="Linux" osVersion="3.10.0-1160.31.1.el7"  username="imageuser" sudo-command-enabled="true" sudo-fail-on-prompt-timeout="false"/>
<node name="ws-caprd-ab2v" description="williams sonoma frontend production ashburn node" tags="frontend,ws,caprdab" hostname="dpaash-vpcn011" osArch="amd64" osFamily="unix" osName="Linux" osVersion="3.10.0-1160.31.1.el7"  username="imageuser" sudo-command-enabled="true" sudo-fail-on-prompt-timeout="false"/>
<node name="ws-caprd-ab3v" description="williams sonoma frontend production ashburn node" tags="frontend,ws,caprdab" hostname="dpaash-vpcn012" osArch="amd64" osFamily="unix" osName="Linux" osVersion="3.10.0-1160.31.1.el7"  username="imageuser" sudo-command-enabled="true" sudo-fail-on-prompt-timeout="false"/>

<node name="ws-caprd-sac1v" description="williams sonoma frontend production sac node" tags="frontend,ws,caprdsac" hostname="dpasac-vpcn010" osArch="amd64" osFamily="unix" osName="Linux" osVersion="3.10.0-1160.31.1.el7"  username="imageuser" sudo-command-enabled="true" sudo-fail-on-prompt-timeout="false"/>
<node name="ws-caprd-sac2v" description="williams sonoma frontend production sac node" tags="frontend,ws,caprdsac" hostname="dpasac-vpcn011" osArch="amd64" osFamily="unix" osName="Linux" osVersion="3.10.0-1160.31.1.el7"  username="imageuser" sudo-command-enabled="true" sudo-fail-on-prompt-timeout="false"/>
<node name="ws-caprd-sac3v" description="williams sonoma frontend production sac node" tags="frontend,ws,caprdsac" hostname="dpasac-vpcn012" osArch="amd64" osFamily="unix" osName="Linux" osVersion="3.10.0-1160.31.1.el7"  username="imageuser" sudo-command-enabled="true" sudo-fail-on-prompt-timeout="false"/>

<node name="mg-caprd-ab1v" description="mark and graham frontend production ashburn node" tags="frontend,mg,caprdab" hostname="dpaash-vpcn041" osArch="amd64" osFamily="unix" osName="Linux" osVersion="3.10.0-1160.31.1.el7"  username="imageuser" sudo-command-enabled="true" sudo-fail-on-prompt-timeout="false"/>
<node name="mg-caprd-ab2v" description="mark and graham frontend production ashburn node" tags="frontend,mg,caprdab" hostname="dpaash-vpcn042" osArch="amd64" osFamily="unix" osName="Linux" osVersion="3.10.0-1160.31.1.el7"  username="imageuser" sudo-command-enabled="true" sudo-fail-on-prompt-timeout="false"/>
<node name="mg-caprd-ab3v" description="mark and graham frontend production ashburn node" tags="frontend,mg,caprdab" hostname="dpaash-vpcn043" osArch="amd64" osFamily="unix" osName="Linux" osVersion="3.10.0-1160.31.1.el7"  username="imageuser" sudo-command-enabled="true" sudo-fail-on-prompt-timeout="false"/>
<node name="mg-caprd-ab4v" description="mark and graham frontend production ashburn node" tags="frontend,mg,caprdab" hostname="dpaash-vpcn044" osArch="amd64" osFamily="unix" osName="Linux" osVersion="3.10.0-1160.31.1.el7"  username="imageuser" sudo-command-enabled="true" sudo-fail-on-prompt-timeout="false"/>

<node name="mg-caprd-sac1v" description="mark and graham frontend production sac node" tags="frontend,mg,caprdsac" hostname="dpasac-vpcn033" osArch="amd64" osFamily="unix" osName="Linux" osVersion="3.10.0-1160.31.1.el7"  username="imageuser" sudo-command-enabled="true" sudo-fail-on-prompt-timeout="false"/>
<node name="mg-caprd-sac2v" description="mark and graham frontend production sac node" tags="frontend,mg,caprdsac" hostname="dpasac-vpcn034" osArch="amd64" osFamily="unix" osName="Linux" osVersion="3.10.0-1160.31.1.el7"  username="imageuser" sudo-command-enabled="true" sudo-fail-on-prompt-timeout="false"/>
<node name="mg-caprd-sac3v" description="mark and graham frontend production sac node" tags="frontend,mg,caprdsac" hostname="dpasac-vpcn035" osArch="amd64" osFamily="unix" osName="Linux" osVersion="3.10.0-1160.31.1.el7"  username="imageuser" sudo-command-enabled="true" sudo-fail-on-prompt-timeout="false"/>
<node name="mg-caprd-sac4v" description="mark and graham frontend production sac node" tags="frontend,mg,caprdsac" hostname="dpasac-vpcn036" osArch="amd64" osFamily="unix" osName="Linux" osVersion="3.10.0-1160.31.1.el7"  username="imageuser" sudo-command-enabled="true" sudo-fail-on-prompt-timeout="false"/>

<node name="rj-caprd-ab1v" description="rejuvenation frontend production ashburn node" tags="frontend,rj,caprdab" hostname="dpaash-vpcn036" osArch="amd64" osFamily="unix" osName="Linux" osVersion="3.10.0-1160.31.1.el7"  username="imageuser" sudo-command-enabled="true" sudo-fail-on-prompt-timeout="false"/>
<node name="rj-caprd-ab2v" description="rejuvenation frontend production ashburn node" tags="frontend,rj,caprdab" hostname="dpaash-vpcn037" osArch="amd64" osFamily="unix" osName="Linux" osVersion="3.10.0-1160.31.1.el7"  username="imageuser" sudo-command-enabled="true" sudo-fail-on-prompt-timeout="false"/>
<node name="rj-caprd-ab3v" description="rejuvenation frontend production ashburn node" tags="frontend,rj,caprdab" hostname="dpaash-vpcn038" osArch="amd64" osFamily="unix" osName="Linux" osVersion="3.10.0-1160.31.1.el7"  username="imageuser" sudo-command-enabled="true" sudo-fail-on-prompt-timeout="false"/>
<node name="rj-caprd-ab4v" description="rejuvenation frontend production ashburn node" tags="frontend,rj,caprdab" hostname="dpaash-vpcn039" osArch="amd64" osFamily="unix" osName="Linux" osVersion="3.10.0-1160.31.1.el7"  username="imageuser" sudo-command-enabled="true" sudo-fail-on-prompt-timeout="false"/>

<node name="rj-caprd-sac1v" description="rejuvenation frontend production sac node" tags="frontend,rj,caprdsac" hostname="dpasac-vpcn028" osArch="amd64" osFamily="unix" osName="Linux" osVersion="3.10.0-1160.31.1.el7"  username="imageuser" sudo-command-enabled="true" sudo-fail-on-prompt-timeout="false"/>
<node name="rj-caprd-sac2v" description="rejuvenation frontend production sac node" tags="frontend,rj,caprdsac" hostname="dpasac-vpcn029" osArch="amd64" osFamily="unix" osName="Linux" osVersion="3.10.0-1160.31.1.el7"  username="imageuser" sudo-command-enabled="true" sudo-fail-on-prompt-timeout="false"/>
<node name="rj-caprd-sac3v" description="rejuvenation frontend production sac node" tags="frontend,rj,caprdsac" hostname="dpasac-vpcn030" osArch="amd64" osFamily="unix" osName="Linux" osVersion="3.10.0-1160.31.1.el7"  username="imageuser" sudo-command-enabled="true" sudo-fail-on-prompt-timeout="false"/>
<node name="rj-caprd-sac4v" description="rejuvenation frontend production sac node" tags="frontend,rj,caprdsac" hostname="dpasac-vpcn031" osArch="amd64" osFamily="unix" osName="Linux" osVersion="3.10.0-1160.31.1.el7"  username="imageuser" sudo-command-enabled="true" sudo-fail-on-prompt-timeout="false"/>
</project>

