{
  "children": [
    {
      "behaviors": [
        {
          "name": "caching",
          "options": {
            "behavior": "CACHE_CONTROL_AND_EXPIRES",
            "cacheControlDirectives": "",
            "defaultTtl": "3m",
            "enhancedRfcSupport": false,
            "honorMustRevalidate": false,
            "honorPrivate": false,
            "mustRevalidate": false
          }
        }
      ],
      "children": [
        {
          "behaviors": [
            {
              "name": "caching",
              "options": {
                "behavior": "MAX_AGE",
                "mustRevalidate": false,
                "ttl": "3m"
              }
            },
            {
              "name": "prefetchable",
              "options": {
                "enabled": true
              }
            }
          ],
          "criteria": [
            {
              "name": "fileExtension",
              "options": {
                "matchCaseSensitive": false,
                "matchOperator": "IS_ONE_OF",
                "values": [
                  "aif",
                  "aiff",
                  "au",
                  "avi",
                  "bin",
                  "bmp",
                  "cab",
                  "carb",
                  "cct",
                  "cdf",
                  "class",
                  "css",
                  "dcr",
                  "doc",
                  "dtd",
                  "exe",
                  "flv",
                  "gcf",
                  "gff",
                  "gif",
                  "grv",
                  "hdml",
                  "hqx",
                  "ico",
                  "ini",
                  "jpeg",
                  "jpg",
                  "js",
                  "mov",
                  "mp3",
                  "nc",
                  "pct",
                  "pdf",
                  "png",
                  "ppc",
                  "ppt",
                  "pws",
                  "swa",
                  "swf",
                  "txt",
                  "vbs",
                  "w32",
                  "wav",
                  "wbmp",
                  "wml",
                  "wmlc",
                  "wmls",
                  "wmlsc",
                  "xls",
                  "xml",
                  "xsd",
                  "xsl",
                  "zip"
                ]
              }
            }
          ],
          "name": "File Extensions",
          "options": {},
          "templateLink": "/platformtoolkit/service/ruletemplate/152105354/1?accountId=1-J5YX\u0026gid=22415\u0026ck=19.7",
          "criteriaMustSatisfy": "all"
        },
        {
          "behaviors": [
            {
              "name": "caching",
              "options": {
                "behavior": "CACHE_CONTROL_AND_EXPIRES",
                "cacheControlDirectives": "",
                "defaultTtl": "0s",
                "enhancedRfcSupport": false,
                "honorMustRevalidate": false,
                "honorPrivate": false,
                "mustRevalidate": false
              }
            }
          ],
          "criteria": [
            {
              "name": "fileExtension",
              "options": {
                "matchCaseSensitive": false,
                "matchOperator": "IS_ONE_OF",
                "values": [
                  "json"
                ]
              }
            }
          ],
          "name": "json suffix",
          "options": {},
          "templateLink": "/platformtoolkit/service/ruletemplate/152105354/1?accountId=1-J5YX\u0026gid=22415\u0026ck=19.7",
          "criteriaMustSatisfy": "all"
        }
      ],
      "criteria": [
        {
          "name": "path",
          "options": {
            "matchCaseSensitive": false,
            "matchOperator": "MATCHES_ONE_OF",
            "normalize": false,
            "values": [
              "/AEC/*",
              "/.aecv1/*"
            ]
          }
        }
      ],
      "name": "/AEC/*",
      "options": {},
      "templateLink": "/platformtoolkit/service/ruletemplate/152105354/1?accountId=1-J5YX\u0026gid=22415\u0026ck=19.7",
      "criteriaMustSatisfy": "all"
    },
    {
      "behaviors": [
        {
          "name": "caching",
          "options": {
            "behavior": "MAX_AGE",
            "mustRevalidate": false,
            "ttl": "180d"
          }
        }
      ],
      "children": [
        {
          "behaviors": [
            {
              "name": "prefetchable",
              "options": {
                "enabled": true
              }
            }
          ],
          "criteria": [
            {
              "name": "fileExtension",
              "options": {
                "matchCaseSensitive": false,
                "matchOperator": "IS_ONE_OF",
                "values": [
                  "aif",
                  "aiff",
                  "au",
                  "avi",
                  "bin",
                  "bmp",
                  "cab",
                  "carb",
                  "cct",
                  "cdf",
                  "class",
                  "css",
                  "dcr",
                  "doc",
                  "dtd",
                  "exe",
                  "flv",
                  "gcf",
                  "gff",
                  "gif",
                  "grv",
                  "hdml",
                  "hqx",
                  "ico",
                  "ini",
                  "jpeg",
                  "jpg",
                  "js",
                  "mov",
                  "mp3",
                  "nc",
                  "pct",
                  "pdf",
                  "png",
                  "ppc",
                  "ppt",
                  "pws",
                  "swa",
                  "swf",
                  "txt",
                  "vbs",
                  "w32",
                  "wav",
                  "wbmp",
                  "wml",
                  "wmlc",
                  "wmls",
                  "wmlsc",
                  "xls",
                  "xml",
                  "xsd",
                  "xsl",
                  "zip"
                ]
              }
            }
          ],
          "name": "File Extensions",
          "options": {},
          "templateLink": "/platformtoolkit/service/ruletemplate/152105354/1?accountId=1-J5YX\u0026gid=22415\u0026ck=19.7",
          "criteriaMustSatisfy": "all"
        }
      ],
      "criteria": [
        {
          "name": "path",
          "options": {
            "matchCaseSensitive": false,
            "matchOperator": "MATCHES_ONE_OF",
            "normalize": false,
            "values": [
              "/pbimgs/ab/images/*",
              "/pbimgs/rk/images/*",
              "/pbimgs/qark/images/*"
            ]
          }
        }
      ],
      "name": "/pbimgs/ab/images/* /pbimgs/rk/images/*",
      "options": {},
      "templateLink": "/platformtoolkit/service/ruletemplate/152105354/1?accountId=1-J5YX\u0026gid=22415\u0026ck=19.7",
      "criteriaMustSatisfy": "all"
    },
    {
      "behaviors": [
        {
          "name": "caching",
          "options": {
            "behavior": "MAX_AGE",
            "mustRevalidate": false,
            "ttl": "365d"
          }
        }
      ],
      "children": [
        {
          "behaviors": [
            {
              "name": "caching",
              "options": {
                "behavior": "MAX_AGE",
                "mustRevalidate": false,
                "ttl": "365d"
              }
            },
            {
              "name": "prefetchable",
              "options": {
                "enabled": true
              }
            }
          ],
          "criteria": [
            {
              "name": "fileExtension",
              "options": {
                "matchCaseSensitive": false,
                "matchOperator": "IS_ONE_OF",
                "values": [
                  "aif",
                  "aiff",
                  "au",
                  "avi",
                  "bin",
                  "bmp",
                  "cab",
                  "carb",
                  "cct",
                  "cdf",
                  "class",
                  "css",
                  "dcr",
                  "doc",
                  "dtd",
                  "exe",
                  "flv",
                  "gcf",
                  "gff",
                  "gif",
                  "grv",
                  "hdml",
                  "hqx",
                  "ico",
                  "ini",
                  "jpeg",
                  "jpg",
                  "js",
                  "mov",
                  "mp3",
                  "nc",
                  "pct",
                  "pdf",
                  "png",
                  "ppc",
                  "ppt",
                  "pws",
                  "swa",
                  "swf",
                  "txt",
                  "vbs",
                  "w32",
                  "wav",
                  "wbmp",
                  "wml",
                  "wmlc",
                  "wmls",
                  "wmlsc",
                  "xls",
                  "xml",
                  "xsd",
                  "xsl",
                  "zip"
                ]
              }
            }
          ],
          "name": "File extensions",
          "options": {},
          "criteriaMustSatisfy": "all"
        }
      ],
      "criteria": [
        {
          "name": "path",
          "options": {
            "matchCaseSensitive": false,
            "matchOperator": "MATCHES_ONE_OF",
            "normalize": false,
            "values": [
              "/pkimgs/*",
              "/ptimgs/*",
              "/weimgs/*",
              "/whimgs/*",
              "/wsimgs/*"
            ]
          }
        },
        {
          "name": "hostname",
          "options": {
            "matchOperator": "IS_ONE_OF",
            "values": [
              "secure.dev.potterybarn.com",
              "www.dev.potterybarn.com"
            ]
          }
        }
      ],
      "name": "/pkimgs/* /ptimgs/* /weimgs/* /whimgs/* /wsimgs/*",
      "options": {},
      "criteriaMustSatisfy": "all"
    },
    {
      "behaviors": [
        {
          "name": "caching",
          "options": {
            "behavior": "MAX_AGE",
            "mustRevalidate": false,
            "ttl": "1d"
          }
        }
      ],
      "criteria": [
        {
          "name": "path",
          "options": {
            "matchCaseSensitive": false,
            "matchOperator": "MATCHES_ONE_OF",
            "normalize": false,
            "values": [
              "/netstorage/*"
            ]
          }
        }
      ],
      "name": "/netstorage/*",
      "options": {},
      "templateLink": "/platformtoolkit/service/ruletemplate/152105354/1?accountId=1-J5YX\u0026gid=22415\u0026ck=19.7",
      "criteriaMustSatisfy": "all"
    },
    {
      "behaviors": [
        {
          "name": "caching",
          "options": {
            "behavior": "CACHE_CONTROL_AND_EXPIRES",
            "defaultTtl": "3d",
            "enhancedRfcSupport": false,
            "honorMustRevalidate": false,
            "honorPrivate": false,
            "mustRevalidate": false
          }
        }
      ],
      "criteria": [
        {
          "name": "path",
          "options": {
            "matchCaseSensitive": false,
            "matchOperator": "MATCHES_ONE_OF",
            "normalize": false,
            "values": [
              "/sitemap.xml"
            ]
          }
        }
      ],
      "name": "/sitemap.xml",
      "options": {},
      "templateLink": "/platformtoolkit/service/ruletemplate/152105354/1?accountId=1-J5YX\u0026gid=22415\u0026ck=19.7",
      "criteriaMustSatisfy": "all"
    },
    {
      "behaviors": [
        {
          "name": "caching",
          "options": {
            "behavior": "CACHE_CONTROL_AND_EXPIRES",
            "cacheControlDirectives": "",
            "defaultTtl": "30d",
            "enhancedRfcSupport": false,
            "honorMustRevalidate": false,
            "honorPrivate": false,
            "mustRevalidate": false
          }
        }
      ],
      "criteria": [
        {
          "name": "path",
          "options": {
            "matchCaseSensitive": false,
            "matchOperator": "MATCHES_ONE_OF",
            "normalize": false,
            "values": [
              "/favicon.ico",
              "/.static/*"
            ]
          }
        }
      ],
      "name": "30d",
      "options": {},
      "templateLink": "/platformtoolkit/service/ruletemplate/152105354/1?accountId=1-J5YX\u0026gid=22415\u0026ck=19.7",
      "criteriaMustSatisfy": "all"
    },
    {
      "behaviors": [
        {
          "name": "cacheKeyQueryParams",
          "options": {
            "behavior": "INCLUDE_ALL_PRESERVE_ORDER"
          }
        },
        {
          "name": "caching",
          "options": {
            "behavior": "CACHE_CONTROL_AND_EXPIRES",
            "defaultTtl": "24h",
            "enhancedRfcSupport": false,
            "honorMustRevalidate": false,
            "honorPrivate": false,
            "mustRevalidate": false
          }
        }
      ],
      "criteria": [
        {
          "name": "path",
          "options": {
            "matchCaseSensitive": false,
            "matchOperator": "MATCHES_ONE_OF",
            "normalize": false,
            "values": [
              "/manifest.json"
            ]
          }
        }
      ],
      "name": "24h",
      "options": {},
      "templateLink": "/platformtoolkit/service/ruletemplate/152105354/1?accountId=1-J5YX\u0026gid=22415\u0026ck=19.7",
      "criteriaMustSatisfy": "all"
    },
    {
      "behaviors": [
        {
          "name": "cacheKeyQueryParams",
          "options": {
            "behavior": "INCLUDE_ALL_PRESERVE_ORDER"
          }
        },
        {
          "name": "caching",
          "options": {
            "behavior": "CACHE_CONTROL_AND_EXPIRES",
            "defaultTtl": "12h",
            "enhancedRfcSupport": false,
            "honorMustRevalidate": false,
            "honorPrivate": false,
            "mustRevalidate": false
          }
        }
      ],
      "criteria": [
        {
          "name": "path",
          "options": {
            "matchCaseSensitive": false,
            "matchOperator": "MATCHES_ONE_OF",
            "normalize": false,
            "values": [
              "*/promotion/*/eligiblePromotions.json"
            ]
          }
        }
      ],
      "name": "12h",
      "options": {},
      "templateLink": "/platformtoolkit/service/ruletemplate/152105354/1?accountId=1-J5YX\u0026gid=22415\u0026ck=19.7",
      "criteriaMustSatisfy": "all"
    },
    {
      "behaviors": [
        {
          "name": "cacheKeyQueryParams",
          "options": {
            "behavior": "INCLUDE_ALL_PRESERVE_ORDER"
          }
        },
        {
          "name": "caching",
          "options": {
            "behavior": "CACHE_CONTROL_AND_EXPIRES",
            "defaultTtl": "30m",
            "enhancedRfcSupport": false,
            "honorMustRevalidate": false,
            "honorPrivate": false,
            "mustRevalidate": false
          }
        }
      ],
      "criteria": [
        {
          "name": "path",
          "options": {
            "matchCaseSensitive": false,
            "matchOperator": "MATCHES_ONE_OF",
            "normalize": false,
            "values": [
              "*/products/*/product-display-locations.json",
              "*/search/stores.json"
            ]
          }
        }
      ],
      "name": "30m",
      "options": {},
      "templateLink": "/platformtoolkit/service/ruletemplate/152105354/1?accountId=1-J5YX\u0026gid=22415\u0026ck=19.7",
      "criteriaMustSatisfy": "all"
    },
    {
      "behaviors": [
        {
          "name": "cacheKeyQueryParams",
          "options": {
            "behavior": "INCLUDE_ALL_PRESERVE_ORDER"
          }
        },
        {
          "name": "caching",
          "options": {
            "behavior": "CACHE_CONTROL_AND_EXPIRES",
            "defaultTtl": "15m",
            "enhancedRfcSupport": false,
            "honorMustRevalidate": false,
            "honorPrivate": false,
            "mustRevalidate": false
          }
        }
      ],
      "criteria": [
        {
          "name": "path",
          "options": {
            "matchCaseSensitive": false,
            "matchOperator": "MATCHES_ONE_OF",
            "normalize": false,
            "values": [
              "*/cacheable/*/*"
            ]
          }
        }
      ],
      "name": "15m",
      "options": {},
      "templateLink": "/platformtoolkit/service/ruletemplate/175432104/1?accountId=1-J5YX\u0026gid=22415\u0026ck=20.2",
      "criteriaMustSatisfy": "all"
    },
    {
      "behaviors": [
        {
          "name": "cacheKeyQueryParams",
          "options": {
            "behavior": "INCLUDE_ALL_PRESERVE_ORDER"
          }
        },
        {
          "name": "caching",
          "options": {
            "behavior": "CACHE_CONTROL_AND_EXPIRES",
            "defaultTtl": "5m",
            "enhancedRfcSupport": false,
            "honorMustRevalidate": false,
            "honorPrivate": false,
            "mustRevalidate": false
          }
        }
      ],
      "criteria": [
        {
          "name": "path",
          "options": {
            "matchCaseSensitive": false,
            "matchOperator": "MATCHES_ONE_OF",
            "normalize": false,
            "values": [
              "/storepickup/checkavailability/list.json",
              "*/products/getDeliveryInformation.json",
              "*/products/getPostalCodeCookie.json"
            ]
          }
        }
      ],
      "name": "5m",
      "options": {},
      "templateLink": "/platformtoolkit/service/ruletemplate/152105354/1?accountId=1-J5YX\u0026gid=22415\u0026ck=19.7",
      "criteriaMustSatisfy": "all"
    },
    {
      "behaviors": [
        {
          "name": "cacheId",
          "options": {
            "elements": [
              "Origin"
            ],
            "includeValue": true,
            "optional": true,
            "rule": "INCLUDE_HEADERS"
          }
        }
      ],
      "criteria": [
        {
          "name": "hostname",
          "options": {
            "matchOperator": "IS_ONE_OF",
            "values": [
              "www.uat.potterybarn.com"
            ]
          }
        },
        {
          "name": "filename",
          "options": {
            "matchCaseSensitive": true,
            "matchOperator": "IS_ONE_OF",
            "values": [
              "info.json"
            ]
          }
        }
      ],
      "name": "Origin Header Cache ID",
      "options": {},
      "criteriaMustSatisfy": "all"
    }
  ],
  "name": "Caching",
  "options": {},
  "templateLink": "/platformtoolkit/service/ruletemplate/152105354/1?accountId=1-J5YX\u0026gid=22415\u0026ck=19.7",
  "criteriaMustSatisfy": "all"
}