{
  "children": [
    {
      "behaviors": [
        {
          "name": "setVariable",
          "options": {
            "extractLocation": "CLIENT_REQUEST_HEADER",
            "headerName": "Origin",
            "transform": "NONE",
            "valueSource": "EXTRACT",
            "variableName": "PMUSER_ACAO"
          }
        },
        {
          "name": "modifyOutgoingResponseHeader",
          "options": {
            "action": "MODIFY",
            "avoidDuplicateHeaders": true,
            "newHeaderValue": "{{user.PMUSER_ACAO}}",
            "standardModifyHeaderName": "ACCESS_CONTROL_ALLOW_ORIGIN"
          }
        }
      ],
      "criteria": [
        {
          "name": "requestHeader",
          "options": {
            "headerName": "Origin",
            "matchOperator": "EXISTS",
            "matchWildcardName": false
          }
        }
      ],
      "name": "Add: access-control-allow-origin",
      "options": {},
      "criteriaMustSatisfy": "all"
    },
    {
      "behaviors": [
        {
          "name": "modifyOutgoingResponseHeader",
          "options": {
            "action": "DELETE",
            "standardDeleteHeaderName": "ACCESS_CONTROL_ALLOW_ORIGIN"
          }
        }
      ],
      "criteria": [
        {
          "name": "requestHeader",
          "options": {
            "headerName": "Origin",
            "matchOperator": "DOES_NOT_EXIST",
            "matchWildcardName": false
          }
        }
      ],
      "name": "Remove: access-control-allow-origin",
      "options": {},
      "criteriaMustSatisfy": "all"
    }
  ],
  "name": "CORS: access-control-allow-origin",
  "options": {},
  "criteriaMustSatisfy": "all"
}