{
  "behaviors": [
    {
      "name": "failAction",
      "options": {
        "actionType": "RECREATED_NS",
        "cpCode": {
          "cpCodeLimits": null,
          "createdDate": 1153164441000,
          "description": "PB Test www",
          "id": 26866,
          "name": "PB Test www",
          "products": [
            "SPM"
          ]
        },
        "enabled": true,
        "netStorageHostname": {
          "cpCode": 13099,
          "downloadDomainName": "wsies.download.akamai.com",
          "g2oToken": null
        },
        "netStoragePath": "/qa/PB/friendly_404.html",
        "statusCode": 404
      }
    }
  ],
  "criteria": [
    {
      "name": "hostname",
      "options": {
        "matchOperator": "IS_NOT_ONE_OF",
        "values": [
          "dummy.hostname.pb"
        ]
      }
    },
    {
      "name": "matchResponseCode",
      "options": {
        "matchOperator": "IS_ONE_OF",
        "values": [
          "404"
        ]
      }
    }
  ],
  "name": "Failover - 404s",
  "options": {},
  "criteriaMustSatisfy": "all"
}