{
  "children": [
    {
      "behaviors": [
        {
          "name": "failAction",
          "options": {
            "actionType": "RECREATED_CO",
            "contentCustomPath": true,
            "contentHostname": "{{builtin.AK_HOST}}",
            "contentPath": "/netstorage/eu_restriction.html",
            "enabled": true,
            "preserveQueryString": false
          }
        }
      ],
      "criteria": [
        {
          "name": "userLocation",
          "options": {
            "checkIps": "BOTH",
            "countryValues": [
              "AT",
              "BE",
              "BG",
              "HR",
              "CY",
              "CZ",
              "DK",
              "EE",
              "FI",
              "FR",
              "DE",
              "GI",
              "GR",
              "HU",
              "IE",
              "IT",
              "LV",
              "LT",
              "LU",
              "MT",
              "NL",
              "PL",
              "PT",
              "RE",
              "RO",
              "SK",
              "SI",
              "ES",
              "SE",
              "GB",
              "NO",
              "MQ",
              "IS",
              "GP",
              "GF",
              "YT",
              "CH",
              "JE",
              "GG"
            ],
            "field": "COUNTRY",
            "matchOperator": "IS_ONE_OF",
            "useOnlyFirstXForwardedForIp": false
          }
        },
        {
          "name": "requestHeader",
          "options": {
            "headerName": "gdprtest",
            "matchCaseSensitiveValue": true,
            "matchOperator": "IS_ONE_OF",
            "matchWildcardName": false,
            "matchWildcardValue": false,
            "values": [
              "true"
            ]
          }
        }
      ],
      "name": "GDPR Splash Deny",
      "options": {},
      "templateLink": "/platformtoolkit/service/ruletemplate/121336123/1?accountId=1-J5YX\u0026gid=22415\u0026ck=18.9.0.2",
      "criteriaMustSatisfy": "any"
    }
  ],
  "criteria": [
    {
      "name": "clientIp",
      "options": {
        "matchOperator": "IS_NOT_ONE_OF",
        "useHeaders": false,
        "values": [
          "18.200.0.0/16",
          "18.201.0.0/16",
          "18.202.0.0/15",
          "34.240.0.0/13",
          "34.248.0.0/13",
          "46.51.128.0/18",
          "46.51.192.0/20",
          "46.137.0.0/17",
          "46.137.128.0/18",
          "52.16.0.0/15",
          "52.18.0.0/15",
          "52.30.0.0/15",
          "52.48.0.0/14",
          "52.94.248.16/28",
          "52.95.244.0/24",
          "52.95.255.64/28",
          "52.208.0.0/13",
          "54.72.0.0/15",
          "54.74.0.0/15",
          "54.76.0.0/15",
          "54.78.0.0/16",
          "54.154.0.0/16",
          "54.155.0.0/16",
          "54.170.0.0/15",
          "54.194.0.0/15",
          "54.216.0.0/15",
          "54.220.0.0/16",
          "54.228.0.0/16",
          "54.229.0.0/16",
          "54.246.0.0/16",
          "54.247.0.0/16",
          "63.32.0.0/14",
          "79.125.0.0/17",
          "99.80.0.0/15",
          "176.34.64.0/18",
          "176.34.128.0/17",
          "185.48.120.0/22",
          "2a01:578:3::/64",
          "2a05:d000:8000::/40",
          "2a05:d018::/36",
          "2a05:d07f:8000::/40"
        ]
      }
    },
    {
      "name": "path",
      "options": {
        "matchCaseSensitive": false,
        "matchOperator": "DOES_NOT_MATCH_ONE_OF",
        "normalize": false,
        "values": [
          "/netstorage/*"
        ]
      }
    },
    {
      "name": "hostname",
      "options": {
        "matchOperator": "IS_ONE_OF",
        "values": [
          "*.potterybarn.com"
        ]
      }
    }
  ],
  "name": "GDPR",
  "options": {},
  "templateLink": "/platformtoolkit/service/ruletemplate/121336123/1?accountId=1-J5YX\u0026gid=22415\u0026ck=18.9.0.2",
  "criteriaMustSatisfy": "all"
}