{
  "include": [
    "../../common/microservice.json"
  ],
  "name": "/shop/* /.delivery/* /.aecv1/*",
  "criteria": [
    {
      "name": "hostname",
      "options": {
        "matchOperator": "IS_ONE_OF",
        "values": [
          "www.bpv.pbteen.com"
        ]
      }
    },
    {
      "name": "path",
      "options": {
        "matchCaseSensitive": false,
        "matchOperator": "MATCHES_ONE_OF",
        "values": [
          "/",
          "/.static/ecmcontent/*",
          "/about-us/privacy-policy.html",
          "/about-us/privacy-policy/*",
          "/account/check-verification-link.html*",
          "/account/verification.html*",
          "/customer-service/charge-details/*",
          "/customer-service/driver-release/*",
          "/customer-service/email-us/",
          "/customer-service/faq.html*",
          "/customer-service/faq/",
          "/customer-service/list-order/*",
          "/customer-service/order-shipment-tracking/*",
          "/customer-service/order-status/",
          "/customer-service/order-status/*",
          "/customer-service/return/*",
          "/design-services/",
          "/m/",
          "/m/about-us/privacy-policy.html",
          "/m/about-us/privacy-policy/*",
          "/m/account/.info/summary.html",
          "/m/customer-service/charge-details/*",
          "/m/customer-service/email-us/",
          "/m/customer-service/faq.html*",
          "/m/customer-service/faq/",
          "/m/customer-service/list-order/*",
          "/m/customer-service/order-shipment-tracking/*",
          "/m/customer-service/return/*",
          "/m/my-design-projects/*",
          "/m/stores*",
          "/m/tips-and-ideas/*",
          "/m/trade-signin/login.html",
          "/my-design-projects/*",
          "/order-servicing/.info/summary.html",
          "/phygital/.info/summary.html",
          "/registry/.info/summary.html",
          "/stores/*",
          "/tips-and-ideas/*",
          "/trade-signin/login.html"
        ],
        "exclude_common_values": [
          "/about-us/*",
          "/account/addressbook.html",
          "/account/confirm-thanks.html",
          "/account/create.html",
          "/account/emailupdate/confirm-thanks.html",
          "/account/keyrewards.html",
          "/account/keyrewards/key-credit-rewards.json",
          "/account/logout.html",
          "/account/migrationStatus.html",
          "/account/passwordRequirementsChange.html",
          "/account/svc*",
          "/account/updateaccount.html",
          "/account/updateemail.html",
          "/account/updatename.html",
          "/account/updatepassword.html",
          "/account/updatephonenumber.html",
          "/aos/*",
          "/apple-pay/generate-session.json",
          "/cc/*",
          "/checkout/*",
          "/content/ecm/*",
          "/customer-service/*",
          "/design-services/*",
          "/internationalcheckout/*",
          "/m/about-us/*",
          "/m/account/confirm-thanks.html",
          "/m/account/create.html",
          "/m/account/keyrewards.html",
          "/m/account/landing.html",
          "/m/account/logout.html",
          "/m/account/migrationStatus.html",
          "/m/account/passwordRequirementsChange.html",
          "/m/account/svc*",
          "/m/account/updateaccount.html",
          "/m/account/updateemail.html",
          "/m/account/updatename.html",
          "/m/account/updatepassword.html",
          "/m/aos/*",
          "/m/cc/*",
          "/m/checkout/*",
          "/m/customer-service/*",
          "/m/products/getScene7Url.json",
          "/m/promotion/eligibility/group/*",
          "/m/recommendations/*",
          "/m/resources/*",
          "/m/room/*",
          "/m/search/stores.json",
          "/m/services/shoppingcart/*",
          "/m/shopping-cart/*",
          "/m/shoppingcart/*",
          "/m/thekey/*",
          "/m/trade-signin/*",
          "/my-design-projects/.api/*",
          "/nativeapp/.api/*",
          "/order-servicing/*",
          "/products/getScene7Url.json",
          "/promotion/eligibility/group/*",
          "/recommendations/*",
          "/resources/*",
          "/room/*",
          "/search/stores.json",
          "/services/shoppingcart/*",
          "/shopping-cart/*",
          "/shopping/*",
          "/shoppingcart/*",
          "/sitemap.html",
          "/thekey/*",
          "/trade-signin/*"
        ]
      }
    },
    {
      "name": "path",
      "options": {
        "matchCaseSensitive": false,
        "matchOperator": "DOES_NOT_MATCH_ONE_OF",
        "values": [
          "/m/products/getDeliveryInformation.json",
          "/m/products/getPostalCodeCookie.json",
          "/m/products/getScene7Url.json",
          "/products/getScene7Url.json"
        ],
        "exclude_common_values": [
          "/account/not-me.html",
          "/authenticate.html",
          "/customer-service/coreemail.html",
          "/customer-service/popup/communication-preferences.html*",
          "/customer-service/shipping-info.html",
          "/customer-service/shipping-info/",
          "/customer-service/show-join-email.jsonp",
          "/m/authenticate.html",
          "/m/customer-service/confirm-mobile-email-signup.html*",
          "/m/customer-service/shipping-info/",
          "/m/pages/xbrand-rows/",
          "/pages/pbdorm/*",
          "/pages/xbrand-landing/",
          "/pages/xbrand-landing/",
          "/pages/xbrand-rows/",
          "/products/*/pip-print.html",
          "/svc/recommendation/*",
          "/trade-signin/shopnow.html"
        ]
      }
    }
  ],
  "behaviors": [
    {
      "name": "origin",
      "options": {
        "hostname": "uat.origin-svc.pbteen.com"
      }
    },
    {
      "name": "rewriteUrl",
      "options": {
        "behavior": "PREPEND",
        "keepQueryString": true,
        "targetPathPrepend": "/{{builtin.AK_DOMAIN}}/"
      }
    }
  ]
}