{
  "behaviors": [
    {
      "name": "advanced",
      "options": {
        "description": "",
        "xml": "\u003c!-- Rewrite the domain in cookies set by the origin --\u003e\n\u003cedgeservices:cookie.rewrite-set-cookie name=\"rewriteSetCookie\"\u003e\n  \u003cpath\u003e/\u003c/path\u003e\n  \u003cstatus\u003eon\u003c/status\u003e\n\u003c/edgeservices:cookie.rewrite-set-cookie\u003e"
      },
      "uuid": "aed5ac4b-18aa-4b16-8909-94471bd9743c",
      "templateUuid": "e0dd6d63-e91d-4481-a04f-d3887312be33"
    }
  ],
  "criteria": [
    {
      "name": "hostname",
      "options": {
        "matchOperator": "IS_NOT_ONE_OF",
        "values": [
          "secure.qa5.pbteen.com",
          "www.uat2.pbteen.com"
        ]
      }
    }
  ],
  "name": "Cookie rewrite hostname",
  "options": {},
  "uuid": "3d562985-c9fd-4ef6-a6d2-e104c43a550f",
  "templateLink": "/platformtoolkit/service/ruletemplate/37980273/1?accountId=1-J5YX\u0026gid=22415\u0026ck=16.6.1",
  "criteriaMustSatisfy": "all"
}