{
  "children": [
    {
      "behaviors": [
        {
          "name": "edgeScape",
          "options": {
            "enabled": true
          }
        },
        {
          "name": "edgeSideIncludes",
          "options": {
            "detectInjection": false,
            "enableViaHttp": false,
            "enabled": true,
            "i18nStatus": false,
            "passClientIp": false,
            "passSetCookie": false
          }
        },
        {
          "name": "advanced",
          "options": {
            "description": "display-processing-time",
            "xml": "\u003cedgecomputing:display-processing-time\u003eon\u003c/edgecomputing:display-processing-time\u003e"
          },
          "uuid": "61ac9465-c996-4b03-9e3a-4939452c35ad"
        }
      ],
      "criteria": [
        {
          "name": "filename",
          "options": {
            "matchCaseSensitive": true,
            "matchOperator": "IS_ONE_OF",
            "values": [
              "EMPTY_STRING"
            ]
          }
        }
      ],
      "name": "Default File",
      "options": {},
      "uuid": "3daf2d8d-3c17-4a83-97c5-ff8312d263a3",
      "criteriaMustSatisfy": "all"
    },
    {
      "behaviors": [
        {
          "name": "edgeScape",
          "options": {
            "enabled": true
          }
        },
        {
          "name": "edgeSideIncludes",
          "options": {
            "detectInjection": false,
            "enableViaHttp": false,
            "enabled": true,
            "i18nStatus": false,
            "passClientIp": false,
            "passSetCookie": false
          }
        }
      ],
      "criteria": [
        {
          "name": "path",
          "options": {
            "matchCaseSensitive": false,
            "matchOperator": "MATCHES_ONE_OF",
            "normalize": false,
            "values": [
              "/checkbanner.html",
              "/checkcookie.html",
              "/cust.html",
              "/getgtminfo.html",
              "/index.html",
              "/setedgegenerations.html",
              "/sitemap.html",
              "/setedgeschedules.html"
            ]
          }
        }
      ],
      "name": "/checkbanner.html /checkcookie.html /getgtminfo.html /index.html /setedgegenerations.html",
      "options": {},
      "criteriaMustSatisfy": "all"
    },
    {
      "behaviors": [
        {
          "name": "edgeScape",
          "options": {
            "enabled": true
          }
        },
        {
          "name": "edgeSideIncludes",
          "options": {
            "detectInjection": false,
            "enableViaHttp": false,
            "enabled": true,
            "i18nStatus": false,
            "passClientIp": false,
            "passSetCookie": false
          }
        }
      ],
      "criteria": [
        {
          "name": "path",
          "options": {
            "matchCaseSensitive": false,
            "matchOperator": "MATCHES_ONE_OF",
            "normalize": false,
            "values": [
              "/*"
            ]
          }
        },
        {
          "name": "fileExtension",
          "options": {
            "matchCaseSensitive": false,
            "matchOperator": "IS_ONE_OF",
            "values": [
              "html",
              "json",
              "xml"
            ]
          }
        },
        {
          "name": "path",
          "options": {
            "matchCaseSensitive": false,
            "matchOperator": "DOES_NOT_MATCH_ONE_OF",
            "normalize": false,
            "values": [
              "/itpm*"
            ]
          }
        }
      ],
      "name": "/*",
      "options": {},
      "criteriaMustSatisfy": "all"
    }
  ],
  "criteria": [
    {
      "name": "path",
      "options": {
        "matchCaseSensitive": false,
        "matchOperator": "DOES_NOT_MATCH_ONE_OF",
        "normalize": false,
        "values": [
          "/authenticate.html",
          "/account/login.html",
          "/registry/index.html",
          "/registry/",
          "/checkout/app/",
          "/checkout/app/shipping.html",
          "/checkout/app/billing.html",
          "/checkout/app/delivery.html",
          "/checkout/app/payment.html",
          "/checkout/app/multiple-shipping.html",
          "/pages/404/",
          "/pages/404-*",
          "/shopping/cutting-board/",
          "/shoppingcart-not-exists/",
          "/pages/test10/"
        ]
      }
    }
  ],
  "name": "Edge Side Include (ESI) Processing Rules",
  "options": {},
  "uuid": "ea3add45-f098-41bf-9f0d-a24a0a51f57e",
  "criteriaMustSatisfy": "all"
}