{
  "children": [
    {
      "behaviors": [
        {
          "name": "edgeWorker",
          "options": {
            "createEdgeWorker": "",
            "edgeWorkerId": "7729",
            "enabled": true,
            "resourceTier": ""
          }
        },
        {
          "name": "advanced",
          "options": {
            "description": "Set pass-set-cookie-policy to \"always\", which allows Set-Cookie header in responseProvider to passthrough to client",
            "xml": "\u003cedgeservices:cookie.pass-set-cookie-policy\u003eALWAYS\u003c/edgeservices:cookie.pass-set-cookie-policy\u003e"
          },
          "uuid": "3d3c154f-07fd-4927-a30e-8554a6ff4579",
          "templateUuid": "388c38e2-3006-459f-94c0-ff24da26b93f"
        },
        {
          "name": "allowPost",
          "options": {
            "allowWithoutContentLength": true,
            "enabled": true
          }
        },
        {
          "name": "cpCode",
          "options": {
            "value": {
              "cpCodeLimits": {
                "currentCapacity": 28,
                "limit": 366,
                "limitType": "account"
              },
              "createdDate": 1643032782000,
              "description": "EdgeWorkers - Identity",
              "id": 1283237,
              "name": "EdgeWorkers - Identity",
              "products": [
                "SPM"
              ]
            }
          }
        }
      ],
      "children": [
        {
          "behaviors": [
            {
              "name": "setVariable",
              "options": {
                "transform": "NONE",
                "valueSource": "EXPRESSION",
                "variableName": "PMUSER_RP_STATUS",
                "variableValue": "{{builtin.AK_EDGEWORKERS_RP_STATUS}}"
              }
            }
          ],
          "children": [
            {
              "behaviors": [
                {
                  "name": "setVariable",
                  "options": {
                    "transform": "NONE",
                    "valueSource": "EXPRESSION",
                    "variableName": "PMUSER_RP_ERROR",
                    "variableValue": "true"
                  }
                }
              ],
              "criteria": [
                {
                  "name": "matchVariable",
                  "options": {
                    "matchOperator": "IS_NOT_EMPTY",
                    "variableName": "PMUSER_RP_STATUS"
                  }
                },
                {
                  "name": "matchVariable",
                  "options": {
                    "matchCaseSensitive": false,
                    "matchOperator": "IS_NOT_ONE_OF",
                    "matchWildcard": true,
                    "variableName": "PMUSER_RP_STATUS",
                    "variableValues": [
                      "*success*",
                      "*unimplementedHandler*"
                    ]
                  }
                }
              ],
              "name": "RP Status",
              "options": {},
              "templateLink": "/platformtoolkit/service/ruletemplate/296239519/1?accountId=1-J5YX\u0026gid=22415\u0026ck=22.2",
              "criteriaMustSatisfy": "all"
            },
            {
              "behaviors": [
                {
                  "name": "failAction",
                  "options": {
                    "actionType": "RECREATED_CO",
                    "contentCustomPath": false,
                    "contentHostname": "{{builtin.AK_HOST}}",
                    "enabled": true
                  }
                },
                {
                  "name": "setVariable",
                  "options": {
                    "transform": "NONE",
                    "valueSource": "EXPRESSION",
                    "variableName": "PMUSER_EW_FAILOVER_APPLIED",
                    "variableValue": "true"
                  }
                }
              ],
              "criteria": [
                {
                  "name": "edgeWorkersFailure",
                  "options": {
                    "execStatus": "FAILURE"
                  }
                },
                {
                  "name": "matchVariable",
                  "options": {
                    "matchCaseSensitive": true,
                    "matchOperator": "IS",
                    "matchWildcard": false,
                    "variableExpression": "true",
                    "variableName": "PMUSER_RP_ERROR"
                  }
                }
              ],
              "name": "On EW Error",
              "options": {},
              "templateLink": "/platformtoolkit/service/ruletemplate/296239519/1?accountId=1-J5YX\u0026gid=22415\u0026ck=22.2",
              "criteriaMustSatisfy": "any"
            }
          ],
          "criteria": [
            {
              "name": "metadataStage",
              "options": {
                "matchOperator": "IS",
                "value": "client-response"
              }
            }
          ],
          "name": "Retry on error",
          "options": {},
          "templateLink": "/platformtoolkit/service/ruletemplate/296239519/1?accountId=1-J5YX\u0026gid=22415\u0026ck=22.2",
          "criteriaMustSatisfy": "all"
        }
      ],
      "criteria": [
        {
          "name": "path",
          "options": {
            "matchCaseSensitive": false,
            "matchOperator": "MATCHES_ONE_OF",
            "normalize": false,
            "values": [
              "/api/visitor/v1/storage"
            ]
          }
        }
      ],
      "name": "Identity Storage",
      "options": {},
      "uuid": "7f019bec-57cb-4846-a530-52cc997ac9dd",
      "templateLink": "/platformtoolkit/service/ruletemplate/296239519/1?accountId=1-J5YX\u0026gid=22415\u0026ck=22.2",
      "criteriaMustSatisfy": "all"
    }
  ],
  "name": "EdgeWorkers Microservices",
  "options": {},
  "uuid": "470abf0f-d61f-429b-b239-118de841e425",
  "templateLink": "/platformtoolkit/service/ruletemplate/296239519/1?accountId=1-J5YX\u0026gid=22415\u0026ck=22.2",
  "criteriaMustSatisfy": "all"
}