{
  "behaviors": [
    {
      "name": "gzipResponse",
      "options": {
        "behavior": "ALWAYS"
      }
    }
  ],
  "criteria": [
    {
      "name": "contentType",
      "options": {
        "matchCaseSensitive": false,
        "matchOperator": "IS_ONE_OF",
        "matchWildcard": true,
        "values": [
          "text/*",
          "application/javascript",
          "application/x-javascript*",
          "application/json",
          "application/x-json",
          "application/*+json",
          "application/*+xml",
          "application/text",
          "application/vnd.microsoft.icon",
          "application/vnd-ms-fontobject",
          "application/x-font-ttf",
          "application/x-font-opentype",
          "application/x-font-truetype",
          "application/xmlfont/eot",
          "application/xml",
          "font/opentype",
          "font/otf",
          "font/eot",
          "image/svg+xml",
          "image/vnd.microsoft.icon",
          "text/css*",
          "text/plain*",
          "text/html*",
          "application/json*"
        ]
      }
    }
  ],
  "name": "Last Mile Acceleration",
  "options": {},
  "criteriaMustSatisfy": "all"
}