{
  "behaviors": [
    {
      "name": "mPulse",
      "options": {
        "apiKey": "5X59H-6HBXE-N7UAZ-MQSWN-P7W78",
        "bufferSize": "",
        "configOverride": "",
        "enabled": true,
        "loaderVersion": "V12",
        "requirePci": false,
        "titleOptional": ""
      }
    }
  ],
  "criteria": [
    {
      "name": "hostname",
      "options": {
        "matchOperator": "IS_ONE_OF",
        "values": [
          "www.uat.*",
          "www.perf.*"
        ]
      }
    }
  ],
  "name": "mPulse",
  "options": {},
  "criteriaMustSatisfy": "all"
}