{
  "behaviors": [
    {
      "name": "modifyOutgoingRequestHeader",
      "options": {
        "action": "DELETE",
        "customHeaderName": "X-Akamai-Edgescape",
        "standardDeleteHeaderName": "OTHER"
      }
    }
  ],
  "criteria": [
    {
      "name": "queryStringParameter",
      "options": {
        "matchCaseSensitiveName": true,
        "matchOperator": "EXISTS",
        "matchWildcardName": false,
        "parameterName": "cm_ven"
      }
    },
    {
      "name": "hostname",
      "options": {
        "matchOperator": "IS_NOT_ONE_OF",
        "values": [
          "bango.pbteen.com",
          "secure.qa2.pbteen.com",
          "www.qa2.pbteen.com",
          "secure.dev.pbteen.com",
          "www.dev.pbteen.com"
        ]
      }
    }
  ],
  "name": "Query String: cm_ven",
  "options": {},
  "criteriaMustSatisfy": "all"
}