{
  "behaviors": [
    {
      "name": "setVariable",
      "options": {
        "caseSensitive": true,
        "globalSubstitution": false,
        "regex": "^(\\w+)(\\.\\w+)(.*)",
        "replacement": "$1$2.potterybarnteen.com",
        "transform": "SUBSTITUTE",
        "valueSource": "EXPRESSION",
        "variableName": "PMUSER_SUBD",
        "variableValue": "{{builtin.AK_HOST}}"
      }
    },
    {
      "name": "redirect",
      "options": {
        "destinationHostname": "OTHER",
        "destinationHostnameOther": "{{user.PMUSER_SUBD}}",
        "destinationPath": "SAME_AS_REQUEST",
        "destinationProtocol": "HTTPS",
        "mobileDefaultChoice": "DEFAULT",
        "queryString": "APPEND",
        "responseCode": 301
      }
    }
  ],
  "comments": "Redirect the domain pbteen.com to potterybarnteen.com",
  "criteria": [
    {
      "name": "hostname",
      "options": {
        "matchOperator": "IS_ONE_OF",
        "values": [
          "abandoning_domain_redirect.pbteen.com"
        ]
      }
    }
  ],
  "name": "Redirect pbteen.com domain",
  "options": {},
  "criteriaMustSatisfy": "all"
}