{
  "behaviors": [
    {
      "name": "redirect",
      "options": {
        "destinationHostname": "OTHER",
        "destinationHostnameOther": "regression.potterybarnteen.com",
        "destinationPath": "SAME_AS_REQUEST",
        "destinationProtocol": "HTTPS",
        "mobileDefaultChoice": "DEFAULT",
        "queryString": "APPEND",
        "responseCode": 301
      }
    }
  ],
  "comments": "Redirect to the same URL on HTTPS protocol, issuing a 301 response code (Moved Permanently). You may change the response code to 302 if needed.",
  "criteria": [
    {
      "name": "hostname",
      "options": {
        "matchOperator": "IS_ONE_OF",
        "values": [
          "abandoning_domain_redirect.pbteen.com"
        ]
      }
    }
  ],
  "name": "Redirect regression",
  "options": {},
  "criteriaMustSatisfy": "all"
}