{
  "behaviors": [
    {
      "name": "advanced",
      "options": {
        "description": "Bypass Cache",
        "xml": "\u003ccache:bypass\u003eon\u003c/cache:bypass\u003e\n\u003ccache:no-store\u003eoff\u003c/cache:no-store\u003e\n\u003ccache:honor-expires\u003eoff\u003c/cache:honor-expires\u003e"
      },
      "uuid": "f4e5fa23-83b4-49aa-b892-d40b665e826e",
      "templateUuid": "faa0457a-cbea-4840-8aba-b36c39643f33"
    }
  ],
  "comments": "https://track.akamai.com/jira/browse/WSGC-176",
  "criteria": [
    {
      "name": "path",
      "options": {
        "matchCaseSensitive": false,
        "matchOperator": "MATCHES_ONE_OF",
        "normalize": false,
        "values": [
          "/.static/*"
        ]
      }
    },
    {
      "name": "fileExtension",
      "options": {
        "matchCaseSensitive": false,
        "matchOperator": "IS_ONE_OF",
        "values": [
          "css",
          "js",
          "ico"
        ]
      }
    },
    {
      "name": "responseHeader",
      "options": {
        "headerName": "Content-Length",
        "lowerBound": 0,
        "matchOperator": "IS_BETWEEN",
        "matchWildcardName": false,
        "upperBound": 30
      }
    }
  ],
  "name": "Zero byte response caching (bypass cache)",
  "options": {},
  "uuid": "c7219f48-18da-410f-bf23-baf0b81c83c1",
  "templateLink": "/platformtoolkit/service/ruletemplate/277173259/1?accountId=1-J5YX\u0026gid=22415\u0026ck=21.7.1",
  "criteriaMustSatisfy": "all"
}