<?xml version="1.0" encoding="UTF-8"?>
<project>
  <node name="ldrrck-vicn001" description="" tags="load-test?" hostname="ldrrck-vicn001" osArch="amd64" osFamily="unix" osName="Linux" osVersion="2.6.18-274.7.1.el5"  username="imageuser" sudo-command-enabled="true" sudo-fail-on-prompt-timeout="false"/>
  <node name="ldrrck-vicn002" description="" tags="load-test?" hostname="ldrrck-vicn002" osArch="amd64" osFamily="unix" osName="Linux" osVersion="2.6.18-274.7.1.el5"  username="imageuser" sudo-command-enabled="true" sudo-fail-on-prompt-timeout="false"/>
  <node name="ldrrck-vicn003" description="" tags="load-test?" hostname="ldrrck-vicn003" osArch="amd64" osFamily="unix" osName="Linux" osVersion="2.6.18-274.7.1.el5"  username="imageuser" sudo-command-enabled="true" sudo-fail-on-prompt-timeout="false"/>

  <node name="invadj-qa1-rk1v" description="inventory adjustment server in qa1" tags="invent-adjustment,qa1,app" hostname="invadj-qa1-rk1v" osArch="amd64" osFamily="unix" osName="Linux" osVersion="2.6.18-274.7.1.el5"  username="imageuser" sudo-command-enabled="true" sudo-fail-on-prompt-timeout="false"/>

  <node name="ecinvent-qa-rk1v" description="inventory server in qa" tags="invent,qa,app,D1,gizmotron-qa1,none" hostname="venrck-virk002" osArch="amd64" osFamily="unix" osName="Linux" osVersion="4.18.0-425.19.2.el8"  username="imageuser" sudo-command-enabled="true" sudo-fail-on-prompt-timeout="false"/>
  <node name="ecinvent-qa-rk2v" description="inventory server in qa" tags="invent,qa,app,Q1,gizmotron-dev1,none" hostname="venrck-virk001" osArch="amd64" osFamily="unix" osName="Linux" osVersion="4.18.0-425.19.2.el8"  username="imageuser" sudo-command-enabled="true" sudo-fail-on-prompt-timeout="false"/>

  <!-- c3 qa servers -->
  <node name="c3svc-qa-rk1v" description="C3 server node" tags="c3,qa,app" hostname="c3srck-vicn001" osArch="amd64" osFamily="unix" osName="Linux" osVersion="3.10.0-862.9.1.el7" username="imageuser" sudo-command-enabled="true" sudo-fail-on-prompt-timeout="false"/>
  <node name="c3svc-qa-rk2v" description="C3 server node" tags="c3,qa,app" hostname="c3srck-vicn002" osArch="amd64" osFamily="unix" osName="Linux" osVersion="3.10.0-862.9.1.el7" username="imageuser" sudo-command-enabled="true" sudo-fail-on-prompt-timeout="false"/>

  <node name="dfeed-qa-rk1v" description="Rundeck server node" tags="qa,datafeed,processor" hostname="dfdrck-vicn001" osArch="amd64" osFamily="unix" osName="Linux" osVersion="2.6.18-274.7.1.el5" username="imageuser" sudo-command-enabled="true" sudo-fail-on-prompt-timeout="false"/>
  <node name="dfeed-caqa1-rk1v" description="Rundeck server node" tags="caqa1,ca-qa1,datafeed,processor,webapp" hostname="dfdrck-vicn004" osArch="amd64" osFamily="unix" osName="Linux" osVersion="3.10.0-1160.62.1.el7" username="imageuser" sudo-command-enabled="true" sudo-fail-on-prompt-timeout="false"/>

  <node name="edarck-vicn003" description="Rundeck server node" tags="qa,datafeed,processor-cluster" hostname="edarck-vicn003" osArch="amd64" osFamily="unix" osName="Linux" osVersion="3.10.0-1127.18.2.el7" username="imageuser" sudo-command-enabled="true" sudo-fail-on-prompt-timeout="false"/>
  <node name="aossvc-qa-rk1v" description="Rundeck server node" tags="qa,aos,qa1" hostname="aossvc-qa-rk1v" osArch="amd64" osFamily="unix" osName="Linux" osVersion="3.10.0-957.1.3.el7.x86_64" username="imageuser" sudo-command-enabled="true" sudo-fail-on-prompt-timeout="false"/>
  <node name="poloader-qa1-rk1v" description="Rundeck server node for poloader-qa1" tags="qa,poloader,qa1" hostname="intrck-virk001" osArch="amd64" osFamily="unix" osName="Linux" osVersion="4.18.0-477.15.1.el8_8.x86_64" username="imageuser" sudo-command-enabled="true" sudo-fail-on-prompt-timeout="false"/>

  <node name="jukebox.cassandra" description="Jukebox cassandra node" tags="jukebox,dse" hostname="sndrck-vdcn004" osArch="amd64" osFamily="unix" osName="Linux" osVersion="3.10.0-862.9.1.el7" username="imageuser" sudo-command-enabled="true" sudo-fail-on-prompt-timeout="false"/>
  <node name="prsfc-qa1-rk1v" description="Rundeck server node for prsfc qa" tags="qa,prsfc,qa1" hostname="dasrck-vicn001" osArch="amd64" osFamily="unix" osName="Linux" osVersion="2.6.18-274.7.1.el5" username="imageuser" sudo-command-enabled="true" sudo-fail-on-prompt-timeout="false"/>

  <node name="xcarck-vdcn001" description="Rundeck server node for ESRE Portal QA" tags="qa1,esre,portal,rk" hostname="xcarck-vdcn001" osArch="amd64" osFamily="unix" osName="Linux" osVersion="2.6.18-274.7.1.el5" username="imageuser" sudo-command-enabled="true" sudo-fail-on-prompt-timeout="false"/>
  <node name="xcarck-vdcn002" description="Rundeck server node for ESRE Portal QA" tags="qa1,esre,portal,rk" hostname="xcarck-vdcn002" osArch="amd64" osFamily="unix" osName="Linux" osVersion="2.6.18-274.7.1.el5" username="imageuser" sudo-command-enabled="true" sudo-fail-on-prompt-timeout="false"/>
  <node name="xcarck-vdcn003" description="Rundeck server node for ESRE Portal QA" tags="qa1,esre,portal,rk" hostname="xcarck-vdcn003" osArch="amd64" osFamily="unix" osName="Linux" osVersion="2.6.18-274.7.1.el5" username="imageuser" sudo-command-enabled="true" sudo-fail-on-prompt-timeout="false"/>

  <node name="img-qa-rk2v" description="Rundeck server node for Image server QA" tags="qa1,image,rk2" hostname="imgrck-virk001" osArch="amd64" osFamily="unix" osName="Linux" osVersion="4.18.0-425.19.2.el8" username="imageuser" sudo-command-enabled="true" sudo-fail-on-prompt-timeout="false"/>
  <node name="img-qa-rk1v" description="Rundeck server node for Image server QA" tags="qa1,image,rk1" hostname="img-qa-rk1v" osArch="amd64" osFamily="unix" osName="Linux" osVersion="2.6.18-274.7.1.el5" username="imageuser" sudo-command-enabled="true" sudo-fail-on-prompt-timeout="false"/>

  <node name="ambassador-qa1-rk1v" description="Rundeck server node for International ambassador QA" tags="qa,int,amb,rk" hostname="ambrck-vicn001" osArch="amd64" osFamily="unix" osName="Linux" osVersion="2.6.18-274.7.1.el5" username="imageuser" sudo-command-enabled="true" sudo-fail-on-prompt-timeout="false"/>
  <node name="intlfetch-qa1-rk1v" description="Rundeck server node for International fetch QA" tags="qa,int,fetch,rk" hostname="fetrck-vicn001" osArch="amd64" osFamily="unix" osName="Linux" osVersion="2.6.18-274.7.1.el5" username="imageuser" sudo-command-enabled="true" sudo-fail-on-prompt-timeout="false"/>
  <node name="intl-qa1-rk1v" description="Rundeck server node for International QA" tags="qa,int,catalog" hostname="itcrck-virk001" osArch="amd64" osFamily="unix" osName="Linux" osVersion="4.18.0-425.19.2.el8" username="imageuser" sudo-command-enabled="true" sudo-fail-on-prompt-timeout="false"/>

  <node name="securityadmin-qa" description="Rundeck server node for Security admin QA" tags="qa,security,admin" hostname="locker-dev-rk2v-3" osArch="amd64" osFamily="unix" osName="Linux" osVersion="2.6.18-274.7.1.el5" username="imageuser" sudo-command-enabled="true" sudo-fail-on-prompt-timeout="false"/>
 <node name="testrail.wsgc.com" description="Rundeck server node for TestRail QA" tags="qa,testrail" hostname="tsrrck-vicn001" osArch="amd64" osFamily="unix" osName="Linux" osVersion="2.6.18-274.7.1.el5" username="imageuser" sudo-command-enabled="true" sudo-fail-on-prompt-timeout="false"/>  
  
    <!-- CATALOG nodes -->
  <node name="pb-catalog-service-qa1-rk1v.wsgc.com" description="Rundeck server node" tags="catalog,qa1,pb" hostname="catrck-vicn008" osArch="amd64" osFamily="unix" osName="Linux" osVersion="3.10.0-957.21.2.el7" username="imageuser" sudo-command-enabled="true" sudo-fail-on-prompt-timeout="false"/>
  <node name="pb-catalog-service-qa2-rk1v.wsgc.com" description="Rundeck server node" tags="catalog,qa2,pb" hostname="catrck-vicn009" osArch="amd64" osFamily="unix" osName="Linux" osVersion="3.10.0-957.21.2.el7" username="imageuser" sudo-command-enabled="true" sudo-fail-on-prompt-timeout="false"/>
  <node name="pb-catalog-service-qa3-rk1v.wsgc.com" description="Rundeck server node" tags="catalog,qa3,pb" hostname="catrck-vicn002" osArch="amd64" osFamily="unix" osName="Linux" osVersion="3.10.0-957.21.2.el7" username="imageuser" sudo-command-enabled="true" sudo-fail-on-prompt-timeout="false"/>
  <node name="pb-catalog-service-qa4-rk1v.wsgc.com" description="Rundeck server node" tags="catalog,qa4,pb" hostname="catrck-vicn003" osArch="amd64" osFamily="unix" osName="Linux" osVersion="3.10.0-957.21.2.el7" username="imageuser" sudo-command-enabled="true" sudo-fail-on-prompt-timeout="false"/>
  <node name="pb-catalog-service-qa5-rk1v.wsgc.com" description="Rundeck server node" tags="catalog,qa5,pb" hostname="catrck-vicn004" osArch="amd64" osFamily="unix" osName="Linux" osVersion="3.10.0-957.21.2.el7" username="imageuser" sudo-command-enabled="true" sudo-fail-on-prompt-timeout="false"/>
  
  <node name="pb-catalog-service-vtrn1-rk1.wsgc.com" description="Rundeck server node" tags="catalog,vtrn1,pb" hostname="catrck-vicn015" osArch="amd64" osFamily="unix" osName="Linux" osVersion="3.10.0-1160.76.1.el7" username="imageuser" sudo-command-enabled="true" sudo-fail-on-prompt-timeout="false"/>
  <node name="pb-catalog-service-veqa1-rk1v.wsgc.com" description="Rundeck server node" tags="catalog,veqa1,pb" hostname="catrck-vicn016" osArch="amd64" osFamily="unix" osName="Linux" osVersion="3.10.0-1160.76.1.el7" username="imageuser" sudo-command-enabled="true" sudo-fail-on-prompt-timeout="false"/>
  <node name="pb-catalog-service-veqa2-rk1v.wsgc.com" description="Rundeck server node" tags="catalog,veqa2,pb" hostname="catrck-vicn017" osArch="amd64" osFamily="unix" osName="Linux" osVersion="3.10.0-1160.76.1.el7" username="imageuser" sudo-command-enabled="true" sudo-fail-on-prompt-timeout="false"/>
  <node name="pb-catalog-service-veqa3-rk1v.wsgc.com" description="Rundeck server node" tags="catalog,veqa3,pb" hostname="catrck-vicn018" osArch="amd64" osFamily="unix" osName="Linux" osVersion="3.10.0-1160.76.1.el7" username="imageuser" sudo-command-enabled="true" sudo-fail-on-prompt-timeout="false"/>

  

</project>
