<?xml version='1.1' encoding='UTF-8'?>
<project>
  <actions/>
  <description>Build a selected Trisul EDAM branch, with auto-customization of Maven versions</description>
  <keepDependencies>false</keepDependencies>
  <properties>
    <hudson.plugins.jira.JiraProjectProperty plugin="jira@3.0.8"/>
    <hudson.plugins.buildblocker.BuildBlockerProperty plugin="build-blocker-plugin@1.7.3">
      <useBuildBlocker>false</useBuildBlocker>
      <blockLevel>GLOBAL</blockLevel>
      <scanQueueFor>DISABLED</scanQueueFor>
      <blockingJobs></blockingJobs>
    </hudson.plugins.buildblocker.BuildBlockerProperty>
    <com.sonyericsson.jenkins.plugins.bfa.model.ScannerJobProperty plugin="build-failure-analyzer@1.22.0">
      <doNotScan>false</doNotScan>
    </com.sonyericsson.jenkins.plugins.bfa.model.ScannerJobProperty>
    <com.chikli.hudson.plugin.naginator.NaginatorOptOutProperty plugin="naginator@1.18">
      <optOut>false</optOut>
    </com.chikli.hudson.plugin.naginator.NaginatorOptOutProperty>
    <com.sonyericsson.rebuild.RebuildSettings plugin="rebuild@1.31">
      <autoRebuild>false</autoRebuild>
      <rebuildDisabled>false</rebuildDisabled>
    </com.sonyericsson.rebuild.RebuildSettings>
    <hudson.model.ParametersDefinitionProperty>
      <parameterDefinitions>
        <jp.ikedam.jenkins.plugins.extensible__choice__parameter.ExtensibleChoiceParameterDefinition plugin="extensible-choice-parameter@1.6.0">
          <name>Branch_Name</name>
          <description>Name of branch in Trisul/Enterprise-DAM.git to build</description>
          <editable>false</editable>
          <editableType>NoFilter</editableType>
          <choiceListProvider class="jp.ikedam.jenkins.plugins.extensible_choice_parameter.SystemGroovyChoiceListProvider">
            <groovyScript plugin="script-security@1.61">
              <script>def getbranches = (&quot;git ls-remote -h git@github.wsgc.com:eCommerce-Trisul/Enterprise-DAM.git&quot;).execute()

return getbranches.text.readLines()
            .collect { it.split()[1].replaceAll(&apos;refs/heads/&apos;, &apos;&apos;) }
</script>
              <sandbox>false</sandbox>
            </groovyScript>
            <usePredefinedVariables>false</usePredefinedVariables>
          </choiceListProvider>
        </jp.ikedam.jenkins.plugins.extensible__choice__parameter.ExtensibleChoiceParameterDefinition>
      </parameterDefinitions>
    </hudson.model.ParametersDefinitionProperty>
  </properties>
  <scm class="hudson.plugins.git.GitSCM" plugin="git@3.10.1">
    <configVersion>2</configVersion>
    <userRemoteConfigs>
      <hudson.plugins.git.UserRemoteConfig>
        <url>git@github.wsgc.com:eCommerce-Trisul/Enterprise-DAM.git</url>
      </hudson.plugins.git.UserRemoteConfig>
    </userRemoteConfigs>
    <branches>
      <hudson.plugins.git.BranchSpec>
        <name>*/${Branch_Name}</name>
      </hudson.plugins.git.BranchSpec>
    </branches>
    <doGenerateSubmoduleConfigurations>false</doGenerateSubmoduleConfigurations>
    <submoduleCfg class="list"/>
    <extensions>
      <hudson.plugins.git.extensions.impl.CleanBeforeCheckout/>
    </extensions>
  </scm>
  <assignedNode>build</assignedNode>
  <canRoam>false</canRoam>
  <disabled>true</disabled>
  <blockBuildWhenDownstreamBuilding>false</blockBuildWhenDownstreamBuilding>
  <blockBuildWhenUpstreamBuilding>false</blockBuildWhenUpstreamBuilding>
  <jdk>JDK1.8-LATEST</jdk>
  <triggers/>
  <concurrentBuild>false</concurrentBuild>
  <builders>
    <hudson.tasks.Shell>
      <command></command>
    </hudson.tasks.Shell>
    <hudson.tasks.Shell>
      <command>mvn deploy
</command>
    </hudson.tasks.Shell>
  </builders>
  <publishers>
    <hudson.tasks.BuildTrigger>
      <childProjects>wsgc-devops-wcm-qa-config-cm</childProjects>
      <threshold>
        <name>SUCCESS</name>
        <ordinal>0</ordinal>
        <color>BLUE</color>
        <completeBuild>true</completeBuild>
      </threshold>
    </hudson.tasks.BuildTrigger>
    <hudson.plugins.emailext.ExtendedEmailPublisher plugin="email-ext@2.66">
      <recipientList>$DEFAULT_RECIPIENTS</recipientList>
      <configuredTriggers>
        <hudson.plugins.emailext.plugins.trigger.FailureTrigger>
          <email>
            <subject>$PROJECT_DEFAULT_SUBJECT</subject>
            <body>$PROJECT_DEFAULT_CONTENT</body>
            <recipientProviders>
              <hudson.plugins.emailext.plugins.recipients.DevelopersRecipientProvider/>
            </recipientProviders>
            <attachmentsPattern></attachmentsPattern>
            <attachBuildLog>false</attachBuildLog>
            <compressBuildLog>false</compressBuildLog>
            <replyTo>$PROJECT_DEFAULT_REPLYTO</replyTo>
            <contentType>project</contentType>
          </email>
        </hudson.plugins.emailext.plugins.trigger.FailureTrigger>
      </configuredTriggers>
      <contentType>default</contentType>
      <defaultSubject>$DEFAULT_SUBJECT</defaultSubject>
      <defaultContent>$DEFAULT_CONTENT</defaultContent>
      <attachmentsPattern></attachmentsPattern>
      <presendScript>$DEFAULT_PRESEND_SCRIPT</presendScript>
      <postsendScript>$DEFAULT_POSTSEND_SCRIPT</postsendScript>
      <attachBuildLog>false</attachBuildLog>
      <compressBuildLog>false</compressBuildLog>
      <replyTo>$DEFAULT_REPLYTO</replyTo>
      <from></from>
      <saveOutput>false</saveOutput>
      <disabled>true</disabled>
    </hudson.plugins.emailext.ExtendedEmailPublisher>
  </publishers>
  <buildWrappers>
    <org.jenkinsci.plugins.builduser.BuildUser plugin="build-user-vars-plugin@1.5"/>
  </buildWrappers>
</project>
