<?xml version='1.0' encoding='UTF-8'?>
<project>
  <actions/>
  <description></description>
  <keepDependencies>false</keepDependencies>
  <properties>
    <hudson.plugins.buildblocker.BuildBlockerProperty plugin="build-blocker-plugin@1.7.2">
      <useBuildBlocker>false</useBuildBlocker>
      <blockLevel>GLOBAL</blockLevel>
      <scanQueueFor>DISABLED</scanQueueFor>
      <blockingJobs></blockingJobs>
    </hudson.plugins.buildblocker.BuildBlockerProperty>
    <hudson.model.ParametersDefinitionProperty>
      <parameterDefinitions>
        <hudson.model.StringParameterDefinition>
          <name>gheOrganization</name>
          <description></description>
          <defaultValue></defaultValue>
        </hudson.model.StringParameterDefinition>
        <hudson.model.StringParameterDefinition>
          <name>repoShortName</name>
          <description></description>
          <defaultValue></defaultValue>
        </hudson.model.StringParameterDefinition>
        <hudson.model.StringParameterDefinition>
          <name>branch</name>
          <description></description>
          <defaultValue></defaultValue>
        </hudson.model.StringParameterDefinition>
        <hudson.model.StringParameterDefinition>
          <name>gheRepoCheckoutUrl</name>
          <description></description>
          <defaultValue></defaultValue>
        </hudson.model.StringParameterDefinition>
      </parameterDefinitions>
    </hudson.model.ParametersDefinitionProperty>
  </properties>
  <scm class="hudson.plugins.git.GitSCM" plugin="git@2.4.1">
    <configVersion>2</configVersion>
    <userRemoteConfigs>
      <hudson.plugins.git.UserRemoteConfig>
        <url>${gheRepoCheckoutUrl}</url>
        <credentialsId>bb7f2475-307d-46ae-bf2c-87791001d4a7</credentialsId>
      </hudson.plugins.git.UserRemoteConfig>
    </userRemoteConfigs>
    <branches>
      <hudson.plugins.git.BranchSpec>
        <name>${branch}</name>
      </hudson.plugins.git.BranchSpec>
    </branches>
    <doGenerateSubmoduleConfigurations>false</doGenerateSubmoduleConfigurations>
    <submoduleCfg class="list"/>
    <extensions/>
  </scm>
  <assignedNode>build</assignedNode>
  <canRoam>false</canRoam>
  <disabled>false</disabled>
  <blockBuildWhenDownstreamBuilding>false</blockBuildWhenDownstreamBuilding>
  <blockBuildWhenUpstreamBuilding>false</blockBuildWhenUpstreamBuilding>
  <jdk>JDK1.8</jdk>
  <triggers/>
  <concurrentBuild>false</concurrentBuild>
  <builders>
    <hudson.tasks.Shell>
      <command>
#!/usr/bin/env python3

# Grab the ci-tools repo and run the script to parse team org env settings files and push
# into artifactory snapshot repo

git clone --depth=1 git@github.wsgc.com:eCommerce-DevOps/ci-tools.git ci-tools-tmp
cp ci-tools-tmp/hooks/jenkins/build-env-properties .
rm -rf ci-tools-tmp

./build-env-properties ${gheOrganization} ${SNAPSHOT_API_TOKEN}
</command>
    </hudson.tasks.Shell>
  </builders>
  <publishers/>
  <buildWrappers/>
</project>
