<?xml version="1.0" encoding="UTF-8"?>
<project>
  <description>Builder for Matterhomrn pricing service balancereportfix-wrk-170801</description>
  <logRotator class="hudson.tasks.LogRotator">
    <daysToKeep>180</daysToKeep>
    <numToKeep>20</numToKeep>
    <artifactDaysToKeep>-1</artifactDaysToKeep>
    <artifactNumToKeep>-1</artifactNumToKeep>
  </logRotator>
  <keepDependencies>false</keepDependencies>
  <properties/>
  <scm class="hudson.plugins.git.GitSCM" plugin="git@2.4.1">
    <configVersion>2</configVersion>
    <userRemoteConfigs>
      <hudson.plugins.git.UserRemoteConfig>
        <url>git@github.wsgc.com:eCommerce-Matterhorn/pricing-service.git</url>
      </hudson.plugins.git.UserRemoteConfig>
    </userRemoteConfigs>
    <branches>
      <hudson.plugins.git.BranchSpec>
        <name>balancereportfix-wrk-170801</name>
      </hudson.plugins.git.BranchSpec>
    </branches>
    <doGenerateSubmoduleConfigurations>false</doGenerateSubmoduleConfigurations>
    <submoduleCfg class="list"/>
    <extensions/>
  </scm>
  <assignedNode>build</assignedNode>
  <canRoam>false</canRoam>
  <disabled>false</disabled>
  <blockBuildWhenDownstreamBuilding>false</blockBuildWhenDownstreamBuilding>
  <blockBuildWhenUpstreamBuilding>true</blockBuildWhenUpstreamBuilding>
  <jdk>JDK1.7</jdk>
  <triggers class="vector">
    <hudson.triggers.SCMTrigger>
      <spec>H/45 * * * *</spec>
      <ignorePostCommitHooks>false</ignorePostCommitHooks>
    </hudson.triggers.SCMTrigger>
  </triggers>
  <concurrentBuild>false</concurrentBuild>
  <perModuleEmail>true</perModuleEmail>
  <builders>
    <hudson.tasks.Shell>
      <command>mvn -Dhttps.protocols=TLSv1.2 -B clean deploy -Dsvntagger -U</command>
    </hudson.tasks.Shell>
  </builders>
  <publishers>
    <hudson.plugins.chucknorris.CordellWalkerRecorder plugin="chucknorris@0.5">
      <factGenerator/>
    </hudson.plugins.chucknorris.CordellWalkerRecorder>
    <hudson.plugins.emailext.ExtendedEmailPublisher plugin="email-ext@2.31">
      <recipientList>$DEFAULT_RECIPIENTS</recipientList>
      <configuredTriggers>
        <hudson.plugins.emailext.plugins.trigger.FirstFailureTrigger>
          <email>
            <recipientList/>
            <subject>$PROJECT_DEFAULT_SUBJECT</subject>
            <body>$PROJECT_DEFAULT_CONTENT</body>
            <sendToDevelopers>true</sendToDevelopers>
            <sendToRequester>false</sendToRequester>
            <includeCulprits>false</includeCulprits>
            <sendToRecipientList>true</sendToRecipientList>
            <attachmentsPattern/>
            <attachBuildLog>false</attachBuildLog>
            <compressBuildLog>false</compressBuildLog>
            <replyTo>$PROJECT_DEFAULT_REPLYTO</replyTo>
          </email>
          <failureCount>1</failureCount>
        </hudson.plugins.emailext.plugins.trigger.FirstFailureTrigger>
        <hudson.plugins.emailext.plugins.trigger.SuccessTrigger>
          <email>
            <recipientList/>
            <subject>$PROJECT_DEFAULT_SUBJECT</subject>
            <body>$PROJECT_DEFAULT_CONTENT</body>
            <sendToDevelopers>true</sendToDevelopers>
            <sendToRequester>false</sendToRequester>
            <includeCulprits>false</includeCulprits>
            <sendToRecipientList>false</sendToRecipientList>
            <attachmentsPattern/>
            <attachBuildLog>false</attachBuildLog>
            <compressBuildLog>false</compressBuildLog>
            <replyTo>$PROJECT_DEFAULT_REPLYTO</replyTo>
          </email>
        </hudson.plugins.emailext.plugins.trigger.SuccessTrigger>
      </configuredTriggers>
      <contentType>default</contentType>
      <defaultSubject>$DEFAULT_SUBJECT</defaultSubject>
      <defaultContent>$DEFAULT_CONTENT</defaultContent>
      <attachmentsPattern/>
      <presendScript>$DEFAULT_PRESEND_SCRIPT</presendScript>
      <attachBuildLog>false</attachBuildLog>
      <compressBuildLog>false</compressBuildLog>
      <replyTo>$DEFAULT_REPLYTO</replyTo>
      <saveOutput>false</saveOutput>
    </hudson.plugins.emailext.ExtendedEmailPublisher>
    <hudson.plugins.parameterizedtrigger.BuildTrigger plugin="parameterized-trigger@2.29">
      <configs>
        <hudson.plugins.parameterizedtrigger.BuildTriggerConfig>
          <configs>
            <hudson.plugins.parameterizedtrigger.PredefinedBuildParameters>
              <properties>ENV=dev1</properties>
            </hudson.plugins.parameterizedtrigger.PredefinedBuildParameters>
          </configs>
          <projects>deploy-loyalty-dev1</projects>
          <condition>SUCCESS</condition>
          <triggerWithNoParameters>false</triggerWithNoParameters>
        </hudson.plugins.parameterizedtrigger.BuildTriggerConfig>
      </configs>
    </hudson.plugins.parameterizedtrigger.BuildTrigger>
  </publishers>
  <buildWrappers>
    <org.jenkinsci.plugins.builduser.BuildUser plugin="build-user-vars-plugin@1.4"/>
   </buildWrappers>
</project>
