<?xml version='1.1' encoding='UTF-8'?>
<project>
  <actions/>
  <description>Builder for Thom&apos;s experimental jstack rpm</description>
  <keepDependencies>false</keepDependencies>
  <properties>
    <hudson.plugins.jira.JiraProjectProperty plugin="jira@3.0.12"/>
    <hudson.plugins.buildblocker.BuildBlockerProperty plugin="build-blocker-plugin@1.7.3">
      <useBuildBlocker>false</useBuildBlocker>
      <blockLevel>GLOBAL</blockLevel>
      <scanQueueFor>DISABLED</scanQueueFor>
      <blockingJobs></blockingJobs>
    </hudson.plugins.buildblocker.BuildBlockerProperty>
    <jenkins.model.BuildDiscarderProperty>
      <strategy class="hudson.tasks.LogRotator">
        <daysToKeep>180</daysToKeep>
        <numToKeep>20</numToKeep>
        <artifactDaysToKeep>-1</artifactDaysToKeep>
        <artifactNumToKeep>-1</artifactNumToKeep>
      </strategy>
    </jenkins.model.BuildDiscarderProperty>
    <com.sonyericsson.jenkins.plugins.bfa.model.ScannerJobProperty plugin="build-failure-analyzer@1.25.1">
      <doNotScan>false</doNotScan>
    </com.sonyericsson.jenkins.plugins.bfa.model.ScannerJobProperty>
    <com.chikli.hudson.plugin.naginator.NaginatorOptOutProperty plugin="naginator@1.18">
      <optOut>false</optOut>
    </com.chikli.hudson.plugin.naginator.NaginatorOptOutProperty>
    <com.sonyericsson.rebuild.RebuildSettings plugin="rebuild@1.31">
      <autoRebuild>false</autoRebuild>
      <rebuildDisabled>false</rebuildDisabled>
    </com.sonyericsson.rebuild.RebuildSettings>
  </properties>
  <scm class="hudson.plugins.git.GitSCM" plugin="git@4.1.1">
    <configVersion>2</configVersion>
    <userRemoteConfigs>
      <hudson.plugins.git.UserRemoteConfig>
        <url>git@github.wsgc.com:tfitzpatrick/wsgc-devops-jstack.git</url>
      </hudson.plugins.git.UserRemoteConfig>
    </userRemoteConfigs>
    <branches>
      <hudson.plugins.git.BranchSpec>
        <name>*/master</name>
      </hudson.plugins.git.BranchSpec>
    </branches>
    <doGenerateSubmoduleConfigurations>false</doGenerateSubmoduleConfigurations>
    <submoduleCfg class="list"/>
    <extensions/>
  </scm>
  <assignedNode>build</assignedNode>
  <canRoam>false</canRoam>
  <disabled>false</disabled>
  <blockBuildWhenDownstreamBuilding>false</blockBuildWhenDownstreamBuilding>
  <blockBuildWhenUpstreamBuilding>true</blockBuildWhenUpstreamBuilding>
  <jdk>JDK1.8</jdk>
  <triggers>
    <hudson.triggers.SCMTrigger>
      <spec>H/45 * * * *</spec>
      <ignorePostCommitHooks>false</ignorePostCommitHooks>
    </hudson.triggers.SCMTrigger>
  </triggers>
  <concurrentBuild>false</concurrentBuild>
  <builders>
    <hudson.tasks.Shell>
      <command>mvn -B clean deploy</command>
    </hudson.tasks.Shell>
  </builders>
  <publishers>
    <hudson.tasks.BuildTrigger>
      <childProjects>yum-createrepo-snapshot</childProjects>
      <threshold>
        <name>SUCCESS</name>
        <ordinal>0</ordinal>
        <color>BLUE</color>
        <completeBuild>true</completeBuild>
      </threshold>
    </hudson.tasks.BuildTrigger>
  </publishers>
  <buildWrappers>
    <org.jenkinsci.plugins.builduser.BuildUser plugin="build-user-vars-plugin@1.5"/>
  </buildWrappers>
</project>