<?xml version="1.0" encoding="UTF-8"?>
<project>
  <node name="mg-uat1-rk1" description="Rundeck server node" tags="frontend,mg,apmagents,uat1" hostname="dparck-vicn118" osArch="amd64" osFamily="unix" osName="Linux" osVersion="3.10.0-1160.42.2.el7.x86_64" username="imageuser" sudo-command-enabled="true" sudo-fail-on-prompt-timeout="false"/>
  <node name="pb-uat1-rk1" description="Rundeck server node" tags="frontend,pb,apmagents,uat1" hostname="dparck-vicn239" osArch="amd64" osFamily="unix" osName="Linux" osVersion="3.10.0-1160.53.1.el7.x86_64" username="imageuser" sudo-command-enabled="true" sudo-fail-on-prompt-timeout="false"/>
  <node name="pk-uat1-rk1" description="Rundeck server node" tags="frontend,pk,apmagents,uat1" hostname="dparck-vicn061" osArch="amd64" osFamily="unix" osName="Linux" osVersion="2.6.32-573.26.1.el6" username="imageuser" sudo-command-enabled="true" sudo-fail-on-prompt-timeout="false"/>
  <node name="pt-uat1-rk1" description="Rundeck server node" tags="frontend,pt,apmagents,uat1" hostname="dparck-vicn189" osArch="amd64" osFamily="unix" osName="Linux" osVersion="3.10.0-1160.53.1.el7.x86_64" username="imageuser" sudo-command-enabled="true" sudo-fail-on-prompt-timeout="false"/>
  <node name="ws-uat1-rk1" description="Rundeck server node" tags="frontend,ws,apmagents,uat1" hostname="dparck-vicn295" osArch="amd64" osFamily="unix" osName="Linux" osVersion="3.10.0-1160.53.1.el7.x86_64" username="imageuser" sudo-command-enabled="true" sudo-fail-on-prompt-timeout="false"/>
  <node name="we-uat1-rk1" description="Rundeck server node" tags="frontend,we,apmagents,uat1" hostname="dparck-vicn160" osArch="amd64" osFamily="unix" osName="Linux" osVersion="3.10.0-1160.53.1.el7.x86_64" username="imageuser" sudo-command-enabled="true" sudo-fail-on-prompt-timeout="false"/>
  <node name="gr-uat1-rk1" description="Rundeck server node" tags="frontend,gr,apmagents,uat1" hostname="dparck-virk001" osArch="amd64" osFamily="unix" osName="Linux" osVersion="3.10.0-1160.53.1.el7.x86_64" username="imageuser" sudo-command-enabled="true" sudo-fail-on-prompt-timeout="false"/>
  
  <node name="mg-uat2-rk1" description="Rundeck server node" tags="frontend,mg,apmagents,uat2" hostname="dparck-vicn119" osArch="amd64" osFamily="unix" osName="Linux" osVersion="3.10.0-1160.42.2.el7.x86_64" username="imageuser" sudo-command-enabled="true" sudo-fail-on-prompt-timeout="false"/>
  <node name="pb-uat2-rk1" description="Rundeck server node" tags="frontend,pb,apmagents,uat2" hostname="dparck-vicn240" osArch="amd64" osFamily="unix" osName="Linux" osVersion="3.10.0-1160.53.1.el7.x86_64" username="imageuser" sudo-command-enabled="true" sudo-fail-on-prompt-timeout="false"/>
  <node name="pk-uat2-rk1" description="Rundeck server node" tags="frontend,pk,apmagents,uat2" hostname="dparck-vicn062" osArch="amd64" osFamily="unix" osName="Linux" osVersion="2.6.32-573.26.1.el6" username="imageuser" sudo-command-enabled="true" sudo-fail-on-prompt-timeout="false"/>
  <node name="pt-uat2-rk1" description="Rundeck server node" tags="frontend,pt,apmagents,uat2" hostname="dparck-vicn190" osArch="amd64" osFamily="unix" osName="Linux" osVersion="3.10.0-1160.53.1.el7.x86_64" username="imageuser" sudo-command-enabled="true" sudo-fail-on-prompt-timeout="false"/>
  <node name="ws-uat2-rk1" description="Rundeck server node" tags="frontend,ws,apmagents,uat2" hostname="dparck-vicn296" osArch="amd64" osFamily="unix" osName="Linux" osVersion="3.10.0-1160.53.1.el7.x86_64" username="imageuser" sudo-command-enabled="true" sudo-fail-on-prompt-timeout="false"/>
  <node name="we-uat2-rk1" description="Rundeck server node" tags="frontend,we,apmagents,uat2" hostname="dparck-vicn156" osArch="amd64" osFamily="unix" osName="Linux" osVersion="3.10.0-1160.53.1.el7.x86_64" username="imageuser" sudo-command-enabled="true" sudo-fail-on-prompt-timeout="false"/>

  <node name="mg-uat3-rk1v" description="Rundeck server node" tags="frontend,mg,apmagents,uat3" hostname="dparck-vicn141" osArch="amd64" osFamily="unix" osName="Linux" osVersion="3.10.0-1160.42.2.el7.x86_64" username="imageuser" sudo-command-enabled="true" sudo-fail-on-prompt-timeout="false"/>
  <node name="pb-uat3-rk1v" description="Rundeck server node" tags="frontend,pb,apmagents,uat3" hostname="dparck-vicn241" osArch="amd64" osFamily="unix" osName="Linux" osVersion="3.10.0-1160.53.1.el7.x86_64" username="imageuser" sudo-command-enabled="true" sudo-fail-on-prompt-timeout="false"/>
  <node name="pk-uat3-rk1v" description="Rundeck server node" tags="frontend,pk,apmagents,uat3" hostname="dparck-vicn063" osArch="amd64" osFamily="unix" osName="Linux" osVersion="2.6.18-274.7.1.el5" username="imageuser" sudo-command-enabled="true" sudo-fail-on-prompt-timeout="false"/>
  <node name="pt-uat3-rk1v" description="Rundeck server node" tags="frontend,pt,apmagents,uat3" hostname="dparck-vicn191" osArch="amd64" osFamily="unix" osName="Linux" osVersion="3.10.0-1160.53.1.el7.x86_64" username="imageuser" sudo-command-enabled="true" sudo-fail-on-prompt-timeout="false"/>
  <node name="ws-uat3-rk1v" description="Rundeck server node" tags="frontend,ws,apmagents,uat3" hostname="dparck-vicn297" osArch="amd64" osFamily="unix" osName="Linux" osVersion="3.10.0-1160.53.1.el7.x86_64" username="imageuser" sudo-command-enabled="true" sudo-fail-on-prompt-timeout="false"/>
  <node name="we-uat3-rk1v" description="Rundeck server node" tags="frontend,we,apmagents,uat3" hostname="dparck-vicn155" osArch="amd64" osFamily="unix" osName="Linux" osVersion="3.10.0-1160.53.1.el7.x86_64" username="imageuser" sudo-command-enabled="true" sudo-fail-on-prompt-timeout="false"/>

  <node name="pb-uat4-rk1" description="Rundeck server node" tags="frontend,pb,apmagents,uat4" hostname="dparck-vicn242" osArch="amd64" osFamily="unix" osName="Linux" osVersion="3.10.0-1160.53.1.el7.x86_64" username="imageuser" sudo-command-enabled="true" sudo-fail-on-prompt-timeout="false"/>
  <node name="pk-uat4-rk1" description="Rundeck server node" tags="frontend,pk,apmagents,uat4" hostname="dparck-vicn074" osArch="amd64" osFamily="unix" osName="Linux" osVersion="2.6.32-573.26.1.el6" username="imageuser" sudo-command-enabled="true" sudo-fail-on-prompt-timeout="false"/>
  <node name="pt-uat4-rk1" description="Rundeck server node" tags="frontend,pt,apmagents,uat4" hostname="dparck-vicn192" osArch="amd64" osFamily="unix" osName="Linux" osVersion="3.10.0-1160.53.1.el7.x86_64" username="imageuser" sudo-command-enabled="true" sudo-fail-on-prompt-timeout="false"/>
  <node name="ws-uat4-rk1" description="Rundeck server node" tags="frontend,ws,apmagents,uat4" hostname="dparck-vicn298" osArch="amd64" osFamily="unix" osName="Linux" osVersion="3.10.0-1160.53.1.el7.x86_64" username="imageuser" sudo-command-enabled="true" sudo-fail-on-prompt-timeout="false"/>
  <node name="we-uat4-rk1" description="Rundeck server node" tags="frontend,we,apmagents,uat4" hostname="dparck-vicn245" osArch="amd64" osFamily="unix" osName="Linux" osVersion="3.10.0-1160.53.1.el7.x86_64" username="imageuser" sudo-command-enabled="true" sudo-fail-on-prompt-timeout="false"/>
  <node name="mg-uat4-rk1" description="Rundeck server node" tags="frontend,mg,apmagents,uat4" hostname="dparck-vicn120" osArch="amd64" osFamily="unix" osName="Linux" osVersion="3.10.0-1160.42.2.el7.x86_64" username="imageuser" sudo-command-enabled="true" sudo-fail-on-prompt-timeout="false"/>

  <node name="pb-uat5-rk1" description="Rundeck server node" tags="frontend,pb,apmagents,uat5" hostname="dparck-vicn243" osArch="amd64" osFamily="unix" osName="Linux" osVersion="3.10.0-1160.53.1.el7.x86_64" username="imageuser" sudo-command-enabled="true" sudo-fail-on-prompt-timeout="false"/>
  <node name="pk-uat5-rk1" description="Rundeck server node" tags="frontend,pk,apmagents,uat5" hostname="dparck-vicn073" osArch="amd64" osFamily="unix" osName="Linux" osVersion="2.6.32-573.26.1.el6" username="imageuser" sudo-command-enabled="true" sudo-fail-on-prompt-timeout="false"/>
  <node name="pt-uat5-rk1" description="Rundeck server node" tags="frontend,pt,apmagents,uat5" hostname="dparck-vicn193" osArch="amd64" osFamily="unix" osName="Linux" osVersion="3.10.0-1160.53.1.el7.x86_64" username="imageuser" sudo-command-enabled="true" sudo-fail-on-prompt-timeout="false"/>
  <node name="ws-uat5-rk1" description="Rundeck server node" tags="frontend,ws,apmagents,uat5" hostname="dparck-vicn299" osArch="amd64" osFamily="unix" osName="Linux" osVersion="3.10.0-1160.53.1.el7.x86_64" username="imageuser" sudo-command-enabled="true" sudo-fail-on-prompt-timeout="false"/>
  <node name="we-uat5-rk1" description="Rundeck server node" tags="frontend,we,apmagents,uat5" hostname="dparck-vicn244" osArch="amd64" osFamily="unix" osName="Linux" osVersion="3.10.0-1160.53.1.el7.x86_64" username="imageuser" sudo-command-enabled="true" sudo-fail-on-prompt-timeout="false"/>
  <node name="mg-uat5-rk1" description="Rundeck server node" tags="frontend,mg,apmagents,uat5" hostname="dparck-vicn142" osArch="amd64" osFamily="unix" osName="Linux" osVersion="3.10.0-1160.42.2.el7.x86_64" username="imageuser" sudo-command-enabled="true" sudo-fail-on-prompt-timeout="false"/>

  <node name="mg-uat6-rk1v" description="Rundeck server node" tags="frontend,mg,apmagents,uat6" hostname="eferck-vicn073" osArch="amd64" osFamily="unix" osName="Linux" osVersion="2.6.32-573.26.1.el6" username="imageuser" sudo-command-enabled="true" sudo-fail-on-prompt-timeout="false"/>
  <node name="pb-uat6-rk1v" description="Rundeck server node" tags="frontend,pb,apmagents,uat6" hostname="eferck-vicn074" osArch="amd64" osFamily="unix" osName="Linux" osVersion="2.6.32-573.26.1.el6" username="imageuser" sudo-command-enabled="true" sudo-fail-on-prompt-timeout="false"/>
  <node name="pk-uat6-rk1v" description="Rundeck server node" tags="frontend,pk,apmagents,uat6" hostname="eferck-vicn075" osArch="amd64" osFamily="unix" osName="Linux" osVersion="2.6.32-573.26.1.el6" username="imageuser" sudo-command-enabled="true" sudo-fail-on-prompt-timeout="false"/>
  <node name="pt-uat6-rk1v" description="Rundeck server node" tags="frontend,pt,apmagents,uat6" hostname="eferck-vicn076" osArch="amd64" osFamily="unix" osName="Linux" osVersion="2.6.32-573.26.1.el6" username="imageuser" sudo-command-enabled="true" sudo-fail-on-prompt-timeout="false"/>
  <node name="we-uat6-rk1v" description="Rundeck server node" tags="frontend,we,apmagents,uat6" hostname="eferck-vicn077" osArch="amd64" osFamily="unix" osName="Linux" osVersion="2.6.32-573.26.1.el6" username="imageuser" sudo-command-enabled="true" sudo-fail-on-prompt-timeout="false"/>
  <node name="ws-uat6-rk1v" description="Rundeck server node" tags="frontend,ws,apmagents,uat6" hostname="eferck-vicn084" osArch="amd64" osFamily="unix" osName="Linux" osVersion="2.6.32-573.26.1.el6" username="imageuser" sudo-command-enabled="true" sudo-fail-on-prompt-timeout="false"/>

</project>
