<?xml version="1.0" encoding="UTF-8"?>
<project>
    <node name="imgproc-rgs2-sac1v" description="rgs2 imageprocessor" tags="contentprocessor,rgs2" hostname="wcmsac-vdcn001" osArch="amd64" osFamily="unix" osName="Linux" osVersion="2.6.18-274.7.1.el5" username="imageuser" sudo-command-enabled="true" sudo-fail-on-prompt-timeout="false"/>

    <node name="imgrck-vicn008" description="rgs2-new imageprocessor" tags="contentprocessor,rgs2,rgs2-new" hostname="imgrck-vicn008" osArch="amd64" osFamily="unix" osName="Linux" osVersion="3.10.0-1160.62.1.el7" username="imageuser" sudo-command-enabled="true" sudo-fail-on-prompt-timeout="false"/>
    <node name="imgrck-vicn009" description="rgs3-new imageprocessor" tags="contentprocessor,rgs3,rgs3-new" hostname="imgrck-vicn009" osArch="amd64" osFamily="unix" osName="Linux" osVersion="3.10.0-1160.62.1.el7" username="imageuser" sudo-command-enabled="true" sudo-fail-on-prompt-timeout="false"/>

    <node name="imgsac-vicn001" description="" tags="" hostname="imgsac-vicn001" osArch="amd64" osFamily="unix" osName="Linux" osVersion="2.6.18-274.7.1.el5" username="imageuser" sudo-command-enabled="true" sudo-fail-on-prompt-timeout="false"/>
    <node name="imgproc-qa-sac1v" description="content processor qa node" tags="contentprocessor,qa,qa1,dev" hostname="imgsac-vicn004" osArch="amd64" osFamily="unix" osName="Linux" osVersion="2.6.18-274.7.1.el5" username="imageuser" sudo-command-enabled="true" sudo-fail-on-prompt-timeout="false"/>
    <node name="imgproc-qa2-rk1v" description="content processor qa2 node" tags="contentprocessor,qa2" hostname="imgrck-vicn004" osArch="amd64" osFamily="unix" osName="Linux" osVersion="2.6.18-274.7.1.el5" username="imageuser" sudo-command-enabled="true" sudo-fail-on-prompt-timeout="false"/>
    <node name="imgproc-rgs-sac1v" description="content processor rgs node" tags="contentprocessor,rgs" hostname="imgsac-vicn002" osArch="amd64" osFamily="unix" osName="Linux" osVersion="2.6.18-274.7.1.el5" username="imageuser" sudo-command-enabled="true" sudo-fail-on-prompt-timeout="false"/>
    <node name="imgproc-qa4-rk1v" description="content processor qa4 node" tags="contentprocessor,qa4" hostname="imgrck-vicn006" osArch="amd64" osFamily="unix" osName="Linux" osVersion="2.6.18-274.7.1.el5" username="imageuser" sudo-command-enabled="true" sudo-fail-on-prompt-timeout="false"/>
    <node name="imgproc-qa5-rk1v" description="content processor qa5 node" tags="contentprocessor,qa5" hostname="imgrck-vicn007" osArch="amd64" osFamily="unix" osName="Linux" osVersion="2.6.18-274.7.1.el5" username="imageuser" sudo-command-enabled="true" sudo-fail-on-prompt-timeout="false"/>
    <node name="imgproc-qa7-sac1v" description="content processor qa7 node" tags="contentprocessor,qa7" hostname="imgsac-vicn003" osArch="amd64" osFamily="unix" osName="Linux" osVersion="2.6.18-274.7.1.el5" username="imageuser" sudo-command-enabled="true" sudo-fail-on-prompt-timeout="false"/>
    <node name="imgproc-ca1-rk1v" description="content processor ca1 node" tags="contentprocessor,ca1" hostname="imgrck-vicn005" osArch="amd64" osFamily="unix" osName="Linux" osVersion="2.6.18-274.7.1.el5" username="imageuser" sudo-command-enabled="true" sudo-fail-on-prompt-timeout="false"/>
</project>
