{
  "name": "/shop/* /.delivery/* /.aecv1/*",
  "criteria": [
    {
      "name": "hostname",
      "options": {
        "matchOperator": "IS_ONE_OF",
        "values": [
          "www.uat3.markandgraham.ca"
        ]
      }
    },
    {
      "name": "path",
      "options": {
        "matchCaseSensitive": false,
        "matchOperator": "MATCHES_ONE_OF",
        "values": [
          "/",
          "/.aecv1/*",
          "/.delivery/*",
          "/.global/.info/summary.html",
          "/.static/*",
          "/.static/ecmcontent/*",
          "/about-us/*",
          "/account/",
          "/account/.info/summary.html",
          "/account/addressbook.html",
          "/account/addressbook/",
          "/account/check-verification-link.html*",
          "/account/confirm-thanks.html",
          "/account/confirm.html",
          "/account/create.html",
          "/account/creditcard.html",
          "/account/creditcard/",
          "/account/creditcard/create.html",
          "/account/emailupdate/confirm-thanks.html",
          "/account/forgotpassword.html",
          "/account/forgotpassword/confirm.html",
          "/account/forgotpassword/passwordUpdatethanks.html",
          "/account/index.html",
          "/account/keyrewards.html",
          "/account/keyrewards/key-credit-rewards.json",
          "/account/login.html",
          "/account/login-attempts.html",
          "/account/logout.html",
          "/account/recipe-box/",
          "/account/updateaccount.html",
          "/account/updateemail.html",
          "/account/updatename.html",
          "/account/updatepassword.html",
          "/account/updatephonenumber.html",
          "/account/verification.html*",
          "/aos/*",
          "/aos/special-sale/*",
          "/api/catalog/v1/*",
          "/api/content/v1/*",
          "/api/designer/v1/*",
          "/api/favorites/v1/*",
          "/api/geo/v1/*",
          "/api/inventory/v1/*",
          "/api/loyalty/v1/*",
          "/api/marketing/v1/*",
          "/api/order-status/v1/*",
          "/api/phygital/v1/*",
          "/api/profile/v1/*",
          "/api/profile/v2/*",
          "/api/user/v2/*",
          "/apple-pay/generate-session.json",
          "/cacheable/availability/getDeliveryInformationByPostalCode.json",
          "/cc/*",
          "/checkout/*",
          "/checkout/issue/*",
          "/content/ecm/*",
          "/customer-service/*",
          "/customer-service/address-change/*",
          "/customer-service/b2b-order-history.html*",
          "/customer-service/catalog-request/*",
          "/customer-service/charge-details/*",
          "/customer-service/driver-release/*",
          "/customer-service/email-list/*",
          "/customer-service/email-preferences/*",
          "/customer-service/email-us/*",
          "/customer-service/international-email-list/*",
          "/customer-service/intl-order-tracking/*",
          "/customer-service/list-order/*",
          "/customer-service/mailing-options/*",
          "/customer-service/order-shipment-tracking/*",
          "/customer-service/order-status/*",
          "/customer-service/return/*",
          "/favorites/*",
          "/index.html",
          "/internationalcheckout/*",
          "/m/",
          "/m/about-us/*",
          "/m/account/",
          "/m/account/.info/summary.html",
          "/m/account/addressbook.html",
          "/m/account/addressbook/",
          "/m/account/confirm-thanks.html",
          "/m/account/confirm.html",
          "/m/account/create.html",
          "/m/account/creditcard.html",
          "/m/account/creditcard/",
          "/m/account/creditcard/create.html",
          "/m/account/forgotpassword.html",
          "/m/account/forgotpassword/confirm.html",
          "/m/account/forgotpassword/passwordUpdatethanks.html",
          "/m/account/index.html",
          "/m/account/keyrewards.html",
          "/m/account/landing.html",
          "/m/account/login.html",
          "/m/account/login-attempts.html",
          "/m/account/logout.html",
          "/m/account/recipe-box/",
          "/m/account/updateaccount.html",
          "/m/account/updateemail.html",
          "/m/account/updatename.html",
          "/m/account/updatepassword.html",
          "/m/aos/*",
          "/m/aos/special-sale/*",
          "/m/cc/*",
          "/m/checkout/*",
          "/m/checkout/issue/*",
          "/m/customer-service/*",
          "/m/customer-service/address-change/*",
          "/m/customer-service/catalog-request/*",
          "/m/customer-service/charge-details/*",
          "/m/customer-service/email-list/*",
          "/m/customer-service/email-preferences/*",
          "/m/customer-service/email-us/*",
          "/m/customer-service/international-email-list/*",
          "/m/customer-service/intl-order-tracking/*",
          "/m/customer-service/list-order/*",
          "/m/customer-service/mailing-options/*",
          "/m/customer-service/order-shipment-tracking/*",
          "/m/customer-service/return/*",
          "/m/favorites/*",
          "/m/index.html",
          "/m/pages/*",
          "/m/products/*",
          "/m/products/getScene7Url.json",
          "/m/promotion/eligibility/group/*",
          "/m/recommendations/*",
          "/m/resources/*",
          "/m/room/*",
          "/m/room/shop-by-room/*",
          "/m/search/results.html",
          "/m/search/searchdown.html",
          "/m/search/stores.json",
          "/m/services/shoppingcart/*",
          "/m/shop/*",
          "/m/shopping-cart/*",
          "/m/shoppingcart/*",
          "/m/stores*",
          "/m/thekey/*",
          "/m/trade-signin/*",
          "/nativeapp/*",
          "/order-servicing/.info/summary.html",
          "/pages/*",
          "/phygital/.info/summary.html",
          "/products/*",
          "/products/getScene7Url.json",
          "/promotion/eligibility/group/*",
          "/recommendations/*",
          "/registry/.info/summary.html",
          "/resources/*",
          "/room/*",
          "/room/shop-by-room/*",
          "/search/results.html",
          "/search/searchdown.html",
          "/search/stores.json",
          "/services/shoppingcart/*",
          "/shop/*",
          "/shopping-cart/*",
          "/shopping/*",
          "/shoppingcart/*",
          "/sitemap.html",
          "/stores*",
          "/thekey/*",
          "/trade-signin/*"
        ],
        "exclude_common_values": []
      }
    },
    {
      "name": "path",
      "options": {
        "matchCaseSensitive": false,
        "matchOperator": "DOES_NOT_MATCH_ONE_OF",
        "values": [
          "/account/not-me.html",
          "/authenticate.html",
          "/cacheable/availability/getDeliveryInformationByPostalCode.json",
          "/customer-service/popup/communication-preferences.html*",
          "/customer-service/popup/communications-preferences-thank-you.html*",
          "/favorites/items/index.json",
          "/m/authenticate.html",
          "/m/customer-service/confirm-mobile-email-signup.html*",
          "/m/pages/xbrand-landing/",
          "/m/products/getDeliveryInformation.json",
          "/m/products/getPostalCodeCookie.json",
          "/pages/fragments/*",
          "/pages/overlay/*",
          "/pages/popups/*",
          "/pages/xbrand-landing/",
          "/pages/xbrand-rows/*",
          "/products/*/email-a-friend-preview.html",
          "/products/*/email-a-friend.html",
          "/products/*/minipip.html",
          "/products/*/quicklook.html",
          "/products/*/quicklook.json",
          "/products/*/request-swatches.html",
          "/products/getDeliveryInformation.json",
          "/products/getPostalCodeCookie.json",
          "/products/getScene7Url.json",
          "/svc/recommendation/*",
          "/trade-signin/shopnow.html"
        ],
        "exclude_common_values": []
      }
    }
  ],
  "behaviors": [
    {
      "name": "origin",
      "options": {
        "hostname": "uat.origin-svc.markandgraham.com"
      }
    },
    {
      "name": "rewriteUrl",
      "options": {
        "behavior": "PREPEND",
        "keepQueryString": true,
        "targetPathPrepend": "/cauat3.markandgraham.ca/"
      }
    }
  ]
}
