<!-- ====================================================================== -->
<!--                                                                        -->
<!-- Generated by Maven Help Plugin on 2017-05-15T07:03:40                  -->
<!-- See: http://maven.apache.org/plugins/maven-help-plugin/                -->
<!--                                                                        -->
<!-- ====================================================================== -->

<!-- ====================================================================== -->
<!--                                                                        -->
<!-- Effective POM for project                                              -->
<!-- 'com.wsgc.devops.pricing:wsgc-devops-pricing-common-config-app:pom:2.1-SNAPSHOT' -->
<!--                                                                        -->
<!-- ====================================================================== -->

<project xmlns="http://maven.apache.org/POM/4.0.0" xmlns:xsi="http://www.w3.org/2001/XMLSchema-instance" xsi:schemaLocation="http://maven.apache.org/POM/4.0.0 http://maven.apache.org/xsd/maven-4.0.0.xsd">
  <modelVersion>4.0.0</modelVersion>
  <parent>
    <groupId>com.wsgc.devops</groupId>
    <artifactId>wsgc-devops-application</artifactId>
    <version>3.1.1</version>
    <relativePath />
  </parent>
  <groupId>com.wsgc.devops.pricing</groupId>
  <artifactId>wsgc-devops-pricing-common-config-app</artifactId>
  <version>2.1-SNAPSHOT</version>
  <packaging>pom</packaging>
  <name>wsgc-devops-pricing-common</name>
  <description>The WSGC Devops Application Parent POM.  This POM enforces all that is common for packaging applications conforming to ECom DevOps standard</description>
  <scm>
    <connection>scm:svn:https://repos.wsgc.com/svn/devops/application/pricing/common/config/app/trunk</connection>
    <developerConnection>scm:svn:https://repos.wsgc.com/svn/devops/application/pricing/common/config/app/trunk</developerConnection>
  </scm>
  <properties>
    <tomcat.installRoot>/apps/tomcat-pricing</tomcat.installRoot>
    <tomcat.logDir>/var/log/weblogs/wsgc-tomcat-pricing</tomcat.logDir>
    <tomcat.user>tomcat</tomcat.user>
    <wsgc.weblogs.logDir>/var/log/weblogs</wsgc.weblogs.logDir>
  </properties>
  <repositories>
    <repository>
      <releases>
        <enabled>true</enabled>
      </releases>
      <snapshots>
        <enabled>false</enabled>
      </snapshots>
      <id>central</id>
      <name>WSGC Artifactory New</name>
      <url>http://artifactory.wsgc.com/artifactory/dev</url>
    </repository>
    <repository>
      <releases>
        <enabled>false</enabled>
      </releases>
      <snapshots>
        <enabled>true</enabled>
        <updatePolicy>always</updatePolicy>
      </snapshots>
      <id>wsgc-snapshot-repo</id>
      <name>WSGC Snapshot Repository</name>
      <url>http://snapshotrepo.wsgc.com/snapshotrepo</url>
    </repository>
  </repositories>
  <pluginRepositories>
    <pluginRepository>
      <releases>
        <updatePolicy>never</updatePolicy>
      </releases>
      <snapshots>
        <enabled>false</enabled>
      </snapshots>
      <id>central</id>
      <name>Central Repository</name>
      <url>http://repo.maven.apache.org/maven2</url>
    </pluginRepository>
  </pluginRepositories>
  <build>
    <sourceDirectory>/wsgc/svn/devops/application/pricing/common/config/app/trunk/src/main/java</sourceDirectory>
    <scriptSourceDirectory>/wsgc/svn/devops/application/pricing/common/config/app/trunk/src/main/scripts</scriptSourceDirectory>
    <testSourceDirectory>/wsgc/svn/devops/application/pricing/common/config/app/trunk/src/test/java</testSourceDirectory>
    <outputDirectory>/wsgc/svn/devops/application/pricing/common/config/app/trunk/target/classes</outputDirectory>
    <testOutputDirectory>/wsgc/svn/devops/application/pricing/common/config/app/trunk/target/test-classes</testOutputDirectory>
    <extensions>
      <extension>
        <groupId>org.codehaus.mojo</groupId>
        <artifactId>rpm-maven-plugin</artifactId>
        <version>2.1.5</version>
      </extension>
    </extensions>
    <resources>
      <resource>
        <directory>/wsgc/svn/devops/application/pricing/common/config/app/trunk/src/main/resources</directory>
      </resource>
    </resources>
    <testResources>
      <testResource>
        <directory>/wsgc/svn/devops/application/pricing/common/config/app/trunk/src/test/resources</directory>
      </testResource>
    </testResources>
    <directory>/wsgc/svn/devops/application/pricing/common/config/app/trunk/target</directory>
    <finalName>wsgc-devops-pricing-common-config-app-2.1-SNAPSHOT</finalName>
    <pluginManagement>
      <plugins>
        <plugin>
          <artifactId>maven-compiler-plugin</artifactId>
          <version>3.0</version>
          <configuration>
            <source>1.7</source>
            <target>1.7</target>
          </configuration>
        </plugin>
      </plugins>
    </pluginManagement>
    <plugins>
      <plugin>
        <groupId>org.codehaus.mojo</groupId>
        <artifactId>buildnumber-maven-plugin</artifactId>
        <version>1.4</version>
        <executions>
          <execution>
            <id>gen-buildnumber</id>
            <phase>validate</phase>
            <goals>
              <goal>create</goal>
            </goals>
            <configuration>
              <timestampFormat>{0,date,yyyyMMddHHmmss}</timestampFormat>
              <doUpdate>false</doUpdate>
              <useLastCommittedRevision>true</useLastCommittedRevision>
              <shortRevisionLength>10</shortRevisionLength>
            </configuration>
          </execution>
        </executions>
        <configuration>
          <timestampFormat>{0,date,yyyyMMddHHmmss}</timestampFormat>
          <doUpdate>false</doUpdate>
          <useLastCommittedRevision>true</useLastCommittedRevision>
          <shortRevisionLength>10</shortRevisionLength>
        </configuration>
      </plugin>
    </plugins>
  </build>
</project>