<project xmlns="http://maven.apache.org/POM/4.0.0" xmlns:xsi="http://www.w3.org/2001/XMLSchema-instance"
    xsi:schemaLocation="http://maven.apache.org/POM/4.0.0 http://maven.apache.org/xsd/maven-4.0.0.xsd">
    <modelVersion>4.0.0</modelVersion>

    <groupId>com.wsgc.ecommerce.testautomation</groupId>
    <artifactId>evergreen</artifactId>
    <packaging>pom</packaging>
    <version>2.2-SNAPSHOT</version>

    <name>wsgc-evergreen</name>
    <description>Browser Automation Framework</description>


    <build>
        <plugins>
            <plugin>
                <groupId>org.apache.maven.plugins</groupId>
                <artifactId>maven-compiler-plugin</artifactId>
                <version>3.3</version>
            </plugin>
        </plugins>
    </build>

</project>