<project xmlns="http://maven.apache.org/POM/4.0.0" xmlns:xsi="http://www.w3.org/2001/XMLSchema-instance" xsi:schemaLocation="http://maven.apache.org/POM/4.0.0 http://maven.apache.org/xsd/maven-4.0.0.xsd">
  <modelVersion>4.0.0</modelVersion>

  <parent>
    <groupId>com.wsgc.devops</groupId>
    <artifactId>wsgc-devops-root</artifactId>
    <version>3.1.1</version>
  </parent>

  <groupId>com.wsgc.devops.toolchain</groupId>
  <artifactId>wsgc-devops-toolchain-jenkins-config</artifactId>
  <version>2.7-SNAPSHOT</version>
  <packaging>rpm</packaging>
  <name>wsgc-devops-toolchain-jenkins-config</name>



  <scm>
    <connection>scm:git:git@github.wsgc.com:eCommerce-DevOps/toolchain-jenkins-config.git</connection>
    <developerConnection>scm:git:git@github.wsgc.com:eCommerce-DevOps/toolchain-jenkins-config.git</developerConnection>
  </scm>

</project>
