{
  "include": [
    "../../common/microservice.json"
  ],
  "name": "/shop/* /.delivery/* /.aecv1/*",
  "criteria": [
    {
      "name": "hostname",
      "options": {
        "matchOperator": "IS_ONE_OF",
        "values": [
          "www.uat7.pbteen.ca"
        ]
      }
    },
    {
      "name": "path",
      "options": {
        "matchCaseSensitive": false,
        "matchOperator": "MATCHES_ONE_OF",
        "values": [
          "/.static/ecmcontent/*",
          "/api/profile/v2/*",
          "/api/registry/v1/*",
          "/api/user/v2/*",
          "/customer-service/charge-details/*",
          "/customer-service/list-order/*",
          "/customer-service/order-shipment-tracking/*",
          "/customer-service/order-status/",
          "/customer-service/order-status/*",
          "/customer-service/return/*",
          "/m/account/.info/summary.html",
          "/m/customer-service/charge-details/*",
          "/m/customer-service/list-order/*",
          "/m/customer-service/order-shipment-tracking/*",
          "/m/customer-service/return/*",
          "/m/my-design-projects/*",
          "/m/registry/*/registry-list.html",
          "/m/registry/create-registry-sign-in.html",
          "/m/registry/create.html",
          "/m/registry/registry-login.html",
          "/m/stores*",
          "/m/tips-and-ideas/*",
          "/my-design-projects/*",
          "/order-servicing/.info/summary.html",
          "/phygital/.info/summary.html",
          "/registry/*/registry-list.html",
          "/registry/.info/summary.html",
          "/registry/create-registry-sign-in.html",
          "/registry/create.html",
          "/registry/registry-login.html",
          "/stores*",
          "/stores-pb/*",
          "/stores-pk/*",
          "/stores-pt/*",
          "/tips-and-ideas/*"
        ],
        "exclude_common_values": [
          "/api/designer/v1/*",
          "/m/trade-signin/login.html",
          "/trade-signin/login.html"
        ]
      }
    },
    {
      "name": "path",
      "options": {
        "matchCaseSensitive": false,
        "matchOperator": "DOES_NOT_MATCH_ONE_OF",
        "values": [
          "/m/products/getDeliveryInformation.json",
          "/m/products/getPostalCodeCookie.json",
          "/products/getPostalCodeCookie.json",
          "/products/getScene7Url.json"
        ],
        "exclude_common_values": [
          "/customer-service/shipping-info/",
          "/m/customer-service/shipping-info/",
          "/trade-signin/shopnow.html"
        ]
      }
    }
  ],
  "behaviors": [
    {
      "name": "origin",
      "options": {
        "hostname": "uat.origin-svc.pbteen.com"
      }
    },
    {
      "name": "rewriteUrl",
      "options": {
        "behavior": "PREPEND",
        "keepQueryString": true,
        "targetPathPrepend": "/cauat7.pbteen.ca/"
      }
    }
  ]
}