{
  "include": [
    "../../common/microservice.json"
  ],
  "name": "/shop/* /.delivery/* /.aecv1/* /.static/* /m/shop/*",
  "criteria": [
    {
      "name": "hostname",
      "options": {
        "matchOperator": "IS_ONE_OF",
        "values": [
          "www.qa54.potterybarn.ca"
        ]
      }
    },
    {
      "name": "path",
      "options": {
        "matchCaseSensitive": false,
        "matchOperator": "MATCHES_ONE_OF",
        "values": [
          "/.static/ecmcontent/*",
          "/about-us/*",
          "/account/create.html",
          "/account/credit-account-lookup.html",
          "/account/logout.html",
          "/account/updatephonenumber.html",
          "/aos/*",
          "/aos/special-sale/*",
          "/api/profile/v2/*",
          "/api/registry/*",
          "/api/registry/v1/*",
          "/api/user/v2/*",
          "/checkout/*",
          "/checkout/issue/*",
          "/customer-service/additional-options/",
          "/customer-service/address-change/",
          "/customer-service/business-sales/",
          "/customer-service/catalog-request/",
          "/customer-service/email-list/",
          "/customer-service/email-preferences/",
          "/customer-service/email-us/",
          "/customer-service/gift-services/",
          "/customer-service/intl-order-tracking/",
          "/customer-service/join-email.jsonp",
          "/customer-service/mailing-options/",
          "/customer-service/order-inquiries/",
          "/customer-service/order-tracking/",
          "/customer-service/popup/",
          "/design-studio/*",
          "/internationalcheckout/*",
          "/internationalshoppingcart/*",
          "/m/about-us/*",
          "/m/account/create.html",
          "/m/account/credit-account-lookup.html",
          "/m/account/landing.html",
          "/m/account/logout.html",
          "/m/checkout/*",
          "/m/checkout/issue/*",
          "/m/customer-service/email-list/",
          "/m/customer-service/email-us/",
          "/m/customer-service/list-order/*",
          "/m/customer-service/order-tracking/",
          "/m/products/*",
          "/m/registry/",
          "/m/registry/*/gift-tracker.html*",
          "/m/registry/*/registry-checklist.html",
          "/m/registry/*/registry-list.html",
          "/m/registry/*/registry-list.html*",
          "/m/registry/*/update.html",
          "/m/registry/*/update.html*",
          "/m/registry/account-linking-search.html",
          "/m/registry/account-linking-search.html*",
          "/m/registry/create-registry-sign-in.html",
          "/m/registry/create-registry-sign-in.html*",
          "/m/registry/create.html",
          "/m/registry/create.html*",
          "/m/registry/find-registry.html",
          "/m/registry/find-registry.html*",
          "/m/registry/find.html",
          "/m/registry/find.html*",
          "/m/registry/index.html",
          "/m/registry/index.html*",
          "/m/registry/registry-login.html",
          "/m/registry/registry-login.html*",
          "/m/registry/search-registry.html",
          "/m/registry/search-registry.html*",
          "/m/shoppingcart/*",
          "/m/thekey/*",
          "/m/tips-and-ideas/*",
          "/m/trade-signin/*",
          "/order-servicing/.info/summary.html",
          "/phygital/.info/summary.html",
          "/products/*",
          "/recommendations/*",
          "/registry/",
          "/registry/*/gift-tracker.html*",
          "/registry/*/registry-checklist.html",
          "/registry/*/registry-list.html",
          "/registry/*/registry-list.html*",
          "/registry/*/update.html",
          "/registry/*/update.html*",
          "/registry/.info/summary.html",
          "/registry/.info/summary.html*",
          "/registry/account-linking-search.html",
          "/registry/account-linking-search.html*",
          "/registry/create-registry-sign-in.html",
          "/registry/create-registry-sign-in.html*",
          "/registry/create.html",
          "/registry/create.html*",
          "/registry/find-registry.html",
          "/registry/find-registry.html*",
          "/registry/find.html",
          "/registry/find.html*",
          "/registry/index.html",
          "/registry/index.html*",
          "/registry/registry-login.html",
          "/registry/registry-login.html*",
          "/registry/search-registry.html",
          "/registry/search-registry.html*",
          "/shoppingcart/*",
          "/sitemap.html",
          "/thekey/*",
          "/tips-and-ideas/*",
          "/trade-signin/*"
        ],
        "exclude_common_values": [
          "/m/trade-signin/login.html",
          "/order-servicing/*",
          "/pages/homepage-test/",
          "/pages/kids/",
          "/stores-pb/*",
          "/stores-pk/*",
          "/stores-pt/*",
          "/trade-signin/login.html"
        ]
      }
    },
    {
      "name": "path",
      "options": {
        "matchCaseSensitive": false,
        "matchOperator": "DOES_NOT_MATCH_ONE_OF",
        "values": [
          "/customer-service/catalog-request/*",
          "/customer-service/confirm-mobile-email-signup.html*"
        ],
        "exclude_common_values": [
          "/customer-service/additional-options/index.jsonp*",
          "/customer-service/email-preferences/*",
          "/customer-service/shipping-info/",
          "/favorites/items/index.json",
          "/m/customer-service/confirm-mobile-email-signup.html*",
          "/m/customer-service/email-preferences/*",
          "/m/customer-service/shipping-info/",
          "/products/*/email-a-friend-preview.html",
          "/products/*/email-a-friend.html",
          "/products/*/quicklook.json",
          "/products/*/request-swatches.html",
          "/products/getDeliveryInformation.json"
        ]
      }
    }
  ],
  "behaviors": [
    {
      "name": "origin",
      "options": {
        "hostname": "qa.origin-svc.potterybarn.com"
      }
    },
    {
      "name": "rewriteUrl",
      "options": {
        "behavior": "PREPEND",
        "keepQueryString": true,
        "targetPathPrepend": "/{{builtin.AK_DOMAIN}}/"
      }
    }
  ]
}