{
  "include": [
    "../../common/microservice.json"
  ],
  "name": "/shop/* /.delivery/* /.aecv1/* /.static/* /m/shop/*",
  "criteria": [
    {
      "name": "hostname",
      "options": {
        "matchOperator": "IS_ONE_OF",
        "values": [
          "www.qa61.potterybarnkids.com"
        ]
      }
    },
    {
      "name": "path",
      "options": {
        "matchCaseSensitive": false,
        "matchOperator": "MATCHES_ONE_OF",
        "values": [
          "/",
          "/.static/ecmcontent/*",
          "/account/check-verification-link.html*",
          "/account/forgotpassword/confirm-forward.html",
          "/account/svc/*",
          "/account/verification.html*",
          "/aos/special-sale/*",
          "/api/registry/v1/*",
          "/cacheable/availability/getDeliveryInformationByPostalCode.json",
          "/checkout/issue/*",
          "/customer-service/address-change/*",
          "/customer-service/catalog-request/*",
          "/customer-service/email-list/*",
          "/customer-service/email-preferences/*",
          "/customer-service/email-us/*",
          "/customer-service/gift-services/*",
          "/customer-service/international-email-list/*",
          "/customer-service/intl-order-tracking/*",
          "/customer-service/list-order/*",
          "/customer-service/mailing-options/*",
          "/customer-service/order-inquiries/*",
          "/customer-service/order-shipment-tracking/*",
          "/customer-service/order-status/*",
          "/customer-service/popup/*",
          "/customer-service/return/*",
          "/index.html",
          "/m",
          "/m/account/.info/summary.html",
          "/m/account/svc/*",
          "/m/aos/special-sale/*",
          "/m/checkout/issue/*",
          "/m/customer-service/address-change/*",
          "/m/customer-service/catalog-request/*",
          "/m/customer-service/email-list/*",
          "/m/customer-service/email-preferences/*",
          "/m/customer-service/email-us/*",
          "/m/customer-service/international-email-list/*",
          "/m/customer-service/intl-order-tracking/*",
          "/m/customer-service/list-order/*",
          "/m/customer-service/mailing-options/*",
          "/m/customer-service/order-shipment-tracking/*",
          "/m/customer-service/order-tracking/*",
          "/m/customer-service/return/*",
          "/m/registry/*/registry-list.html",
          "/m/registry/create-registry-sign-in.html*",
          "/m/registry/create.html*",
          "/m/registry/registry-login.html*",
          "/m/room/shop-by-room/*",
          "/m/tips-and-ideas/*",
          "/phygital/.info/summary.html",
          "/registry/create-registry-sign-in.html*",
          "/registry/create.html*",
          "/registry/registry-login.html*",
          "/room/shop-by-room/*",
          "/services/shoppingcart/v3/index.json",
          "/shopping-cart/apply-promotion+.json",
          "/shopping-cart/index.json",
          "/shopping-cart/move-to-cart.json",
          "/shopping-cart/remove-item.json",
          "/shopping-cart/remove-promotion+.json",
          "/shopping-cart/save-for-later.json",
          "/shopping-cart/update-postal-code.json",
          "/shopping-cart/update-quantity.json",
          "/shoppingcart/order/cart.json",
          "/shoppingcart/order/update-and-order.json",
          "/shoppingcart/order/update-service-level.json",
          "/shoppingcart/order/update-shipping-details.json",
          "/stores/*",
          "/svc/recommendation/v2/*/pages",
          "/tips-and-ideas/*",
          "products/getScene7Url.json",
          "promotion/eligibility/group/(groupId)/eligiblePromotions.json",
          "search/stores.json"
        ],
        "exclude_common_values": [
          "/account/migrationStatus.html",
          "/account/passwordRequirementsChange.html",
          "/account/svc*",
          "/api/designer/v1/*",
          "/api/registry/*",
          "/design-services/*",
          "/m/account/migrationStatus.html",
          "/m/account/passwordRequirementsChange.html",
          "/m/account/svc*",
          "/m/registry/",
          "/m/registry/*/registry-checklist.html",
          "/m/registry/*/registry-list.html*",
          "/m/registry/*/update.html",
          "/m/registry/create-registry-sign-in.html",
          "/m/registry/index.html",
          "/m/registry/registry-login.html",
          "/my-design-projects/.api/*",
          "/nativeapp/.api/*",
          "/order-servicing/*",
          "/registry/",
          "/registry/*/registry-checklist.html",
          "/registry/*/registry-list.html*",
          "/registry/*/update.html",
          "/registry/create-registry-sign-in.html",
          "/registry/index.html",
          "/registry/registry-login.html",
          "/shopping/*",
          "/stores*"
        ]
      }
    },
    {
      "name": "path",
      "options": {
        "matchCaseSensitive": false,
        "matchOperator": "DOES_NOT_MATCH_ONE_OF",
        "values": [
          "/customer-service/join-email-confirm.json",
          "/customer-service/popup/communications-preferences-thank-you.html*",
          "/m/pages/baby.html"
        ],
        "exclude_common_values": [
          "/customer-service/coreemail.html",
          "/customer-service/shipping-info.html",
          "/customer-service/shipping-info/",
          "/customer-service/show-join-email.jsonp",
          "/m/customer-service/shipping-info/",
          "/m/pages/xbrand-rows/*",
          "/pages/baby.html",
          "/pages/fragments/*",
          "/pages/xbrand-rows/*",
          "/products/*/minipip.html",
          "/products/*/pip-print.html",
          "/products/*/quicklook.html",
          "/products/getPostalCodeCookie.json",
          "/svc/recommendation/*",
          "/trade-signin/shopnow.html"
        ]
      }
    }
  ],
  "behaviors": [
    {
      "name": "origin",
      "options": {
        "hostname": "qa.origin-svc.potterybarnkids.com"
      }
    },
    {
      "name": "rewriteUrl",
      "options": {
        "behavior": "PREPEND",
        "keepQueryString": true,
        "targetPathPrepend": "/{{builtin.AK_DOMAIN}}/"
      }
    }
  ]
}