<?xml version="1.0" encoding="UTF-8"?>
<project>

  <node name="favorites-prd-ab1v" description="favorites prd ab1v" tags="favorites,prd,ab1v" hostname="favorites-prd-ab1v" osArch="amd64" osFamily="unix" osName="Linux" osVersion="2.6.32-696.1.1.el6.x86_64" username="imageuser" sudo-command-enabled="true" sudo-fail-on-prompt-timeout="false"/>
  <node name="favorites-prd-ab2v" description="favorites prd ab2v" tags="favorites,prd,ab2v" hostname="favorites-prd-ab2v" osArch="amd64" osFamily="unix" osName="Linux" osVersion="2.6.32-696.1.1.el6.x86_64" username="imageuser" sudo-command-enabled="true" sudo-fail-on-prompt-timeout="false"/>
  <node name="favorites-prd-ab3v" description="favorites prd ab3v" tags="favorites,prd,ab3v" hostname="favash-vccn001" osArch="amd64" osFamily="unix" osName="Linux" osVersion="2.6.32-696.1.1.el6.x86_64" username="imageuser" sudo-command-enabled="true" sudo-fail-on-prompt-timeout="false"/>
  <node name="favorites-prd-ab4v" description="favorites prd ab4v" tags="favorites,prd,ab4v" hostname="favash-vccn002" osArch="amd64" osFamily="unix" osName="Linux" osVersion="2.6.32-696.1.1.el6.x86_64" username="imageuser" sudo-command-enabled="true" sudo-fail-on-prompt-timeout="false"/>

  <node name="favorites-prd-rk1v" description="favorites prd rk1v" tags="favorites,prd,rk1v" hostname="favorites-prd-rk1v" osArch="amd64" osFamily="unix" osName="Linux" osVersion="2.6.32-696.1.1.el6.x86_64" username="imageuser" sudo-command-enabled="true" sudo-fail-on-prompt-timeout="false"/>
  <node name="favorites-prd-rk2v" description="favorites prd rk2v" tags="favorites,prd,rk2v" hostname="favorites-prd-rk2v" osArch="amd64" osFamily="unix" osName="Linux" osVersion="2.6.32-696.1.1.el6.x86_64" username="imageuser" sudo-command-enabled="true" sudo-fail-on-prompt-timeout="false"/>
  <node name="favorites-prd-rk3v" description="favorites prd rk3v" tags="favorites,prd,rk3v" hostname="favrck-vccn001" osArch="amd64" osFamily="unix" osName="Linux" osVersion="2.6.32-696.1.1.el6.x86_64" username="imageuser" sudo-command-enabled="true" sudo-fail-on-prompt-timeout="false"/>
  <node name="favorites-prd-rk4v" description="favorites prd rk4v" tags="favorites,prd,rk4v" hostname="favrck-vccn002" osArch="amd64" osFamily="unix" osName="Linux" osVersion="2.6.32-696.1.1.el6.x86_64" username="imageuser" sudo-command-enabled="true" sudo-fail-on-prompt-timeout="false"/>

</project>
