{
  "name": "origin",
  "options": {
    "cacheKeyHostname": "ORIGIN_HOSTNAME",
    "compress": true,
    "customValidCnValues": [
      "{{Origin Hostname}}",
      "{{Forward Host Header}}",
      "qa-williams-sonoma.wsgc.com"
    ],
    "enableTrueClientIp": false,
    "forwardHostHeader": "ORIGIN_HOSTNAME",
    "hostname": "qa.origin-svc.potterybarn.com",
    "httpPort": 80,
    "httpsPort": 443,
    "originCertificate": "",
    "originCertsToHonor": "STANDARD_CERTIFICATE_AUTHORITIES",
    "originSni": true,
    "originType": "CUSTOMER",
    "ports": "",
    "standardCertificateAuthorities": [
      "akamai-permissive"
    ],
    "verificationMode": "CUSTOM"
  }
}