<?xml version='1.1' encoding='UTF-8'?>
<au.com.rayh.GlobalConfigurationImpl plugin="xcode-plugin@2.0.14">
  <xcodebuildPath>/usr/bin/xcodebuild</xcodebuildPath>
  <xcrunPath>/usr/bin/xcrun</xcrunPath>
  <agvtoolPath>/usr/bin/agvtool</agvtoolPath>
  <defaultKeychain></defaultKeychain>
  <keychains/>
  <teams>
    <au.com.rayh.Team>
      <teamName>iPhone Distribution: Williams-Sonoma, Inc. (BVLXK3NL7K)</teamName>
      <teamID>iPhone Distribution: Williams-Sonoma, Inc. (BVLXK3NL7K)</teamID>
    </au.com.rayh.Team>
  </teams>
</au.com.rayh.GlobalConfigurationImpl>