<?xml version='1.1' encoding='UTF-8'?>
<com.cloudbees.jenkins.support.filter.ContentMappings resolves-to="com.cloudbees.jenkins.support.filter.ContentMappings$XmlProxy" plugin="support-core@2.67">
  <stopWords>
    <string>authenticated</string>
    <string> </string>
    <string>!</string>
    <string>item</string>
    <string>&quot;</string>
    <string>#</string>
    <string>$</string>
    <string>%</string>
    <string>&amp;</string>
    <string>&apos;</string>
    <string>(</string>
    <string>)</string>
    <string>*</string>
    <string>+</string>
    <string>,</string>
    <string>-</string>
    <string>.</string>
    <string>/</string>
    <string>0</string>
    <string>node</string>
    <string>1</string>
    <string>2</string>
    <string>system</string>
    <string>3</string>
    <string>4</string>
    <string>5</string>
    <string>6</string>
    <string>7</string>
    <string>8</string>
    <string>9</string>
    <string>:</string>
    <string>;</string>
    <string>&lt;</string>
    <string>=</string>
    <string>&gt;</string>
    <string>?</string>
    <string>@</string>
    <string>A</string>
    <string>B</string>
    <string>C</string>
    <string>D</string>
    <string>freebsd</string>
    <string>E</string>
    <string>F</string>
    <string>G</string>
    <string>H</string>
    <string>I</string>
    <string>J</string>
    <string>K</string>
    <string>L</string>
    <string>M</string>
    <string>mac</string>
    <string>N</string>
    <string>unknown</string>
    <string>O</string>
    <string>P</string>
    <string>Q</string>
    <string>computer</string>
    <string>R</string>
    <string>S</string>
    <string>T</string>
    <string>U</string>
    <string>V</string>
    <string>W</string>
    <string>jenkins</string>
    <string>X</string>
    <string>Y</string>
    <string>Z</string>
    <string>[</string>
    <string>\</string>
    <string>]</string>
    <string>macos</string>
    <string>^</string>
    <string>_</string>
    <string>`</string>
    <string>a</string>
    <string>b</string>
    <string>c</string>
    <string>d</string>
    <string>e</string>
    <string>f</string>
    <string>g</string>
    <string>h</string>
    <string>i</string>
    <string>j</string>
    <string>k</string>
    <string>l</string>
    <string>m</string>
    <string>mac os x</string>
    <string>n</string>
    <string>o</string>
    <string>p</string>
    <string>q</string>
    <string>r</string>
    <string>s</string>
    <string>t</string>
    <string>u</string>
    <string>v</string>
    <string>w</string>
    <string>x</string>
    <string>anonymous</string>
    <string>y</string>
    <string>z</string>
    <string>{</string>
    <string>|</string>
    <string>}</string>
    <string>~</string>
    <string>view</string>
    <string>all</string>
    <string>everyone</string>
    <string>ubuntu</string>
    <string>sunos</string>
    <string>admin</string>
    <string>linux</string>
    <string>debian</string>
    <string>win</string>
    <string>macosx</string>
    <string>label</string>
    <string>windows</string>
    <string>master</string>
    <string>fedora</string>
    <string>user</string>
    <string>red hat</string>
  </stopWords>
  <mappings/>
</com.cloudbees.jenkins.support.filter.ContentMappings>