<?xml version='1.1' encoding='UTF-8'?>
<com.sic.plugins.kpp.provider.KPPKeychainsProvider plugin="kpp-management-plugin@1.0.0">
  <defaultConfigXmlFileName>com.sic.plugins.kpp.provider.KPPKeychainsProvider.xml</defaultConfigXmlFileName>
  <keychains>
    <com.sic.plugins.kpp.model.KPPKeychain>
      <fileName>login.keychain-db.keychain</fileName>
      <description>used for code signing</description>
      <password>{AQAAABAAAAAQqPph6qW0gRVmdKHrxJQLPwpmuCUkgnTcA7eiYMzPGAo=}</password>
      <certificates>
        <com.sic.plugins.kpp.model.KPPCertificate>
          <codeSigningIdentityName>iPhone Distribution: Williams-Sonoma, Inc. (BVLXK3NL7K)</codeSigningIdentityName>
        </com.sic.plugins.kpp.model.KPPCertificate>
      </certificates>
    </com.sic.plugins.kpp.model.KPPKeychain>
  </keychains>
</com.sic.plugins.kpp.provider.KPPKeychainsProvider>