<?xml version='1.1' encoding='UTF-8'?>
<com.cloudbees.plugins.credentials.CredentialsProviderManager plugin="credentials@2.2.0">
  <providerFilter class="com.cloudbees.plugins.credentials.CredentialsProviderFilter$Includes">
    <classNames class="linked-hash-set">
      <string>io.jenkins.blueocean.rest.impl.pipeline.credential.BlueOceanCredentialsProvider</string>
      <string>com.cloudbees.hudson.plugins.folder.properties.FolderCredentialsProvider</string>
      <string>com.cloudbees.plugins.credentials.SystemCredentialsProvider$ProviderImpl</string>
      <string>com.cloudbees.plugins.credentials.UserCredentialsProvider</string>
    </classNames>
  </providerFilter>
  <typeFilter class="com.cloudbees.plugins.credentials.CredentialsTypeFilter$Includes">
    <classNames class="linked-hash-set">
      <string>com.cloudbees.plugins.credentials.impl.UsernamePasswordCredentialsImpl$DescriptorImpl</string>
      <string>com.nirima.jenkins.plugins.docker.utils.DockerDirectoryCredentials$DescriptorImpl</string>
      <string>org.jenkinsci.plugins.docker.commons.credentials.DockerServerCredentials$DescriptorImpl</string>
      <string>org.csanchez.jenkins.plugins.kubernetes.OpenShiftTokenCredentialImpl$DescriptorImpl</string>
      <string>org.jenkinsci.plugins.kubernetes.credentials.OpenShiftBearerTokenCredentialImpl$DescriptorImpl</string>
      <string>com.cloudbees.jenkins.plugins.sshcredentials.impl.BasicSSHUserPrivateKey$DescriptorImpl</string>
      <string>org.jenkinsci.plugins.plaincredentials.impl.FileCredentialsImpl$DescriptorImpl</string>
      <string>org.jenkinsci.plugins.plaincredentials.impl.StringCredentialsImpl$DescriptorImpl</string>
      <string>com.cloudbees.plugins.credentials.impl.CertificateCredentialsImpl$DescriptorImpl</string>
    </classNames>
  </typeFilter>
  <restrictions/>
</com.cloudbees.plugins.credentials.CredentialsProviderManager>