<?xml version='1.1' encoding='UTF-8'?>
<github-plugin-configuration plugin="github@1.29.5">
  <configs>
    <github-server-config>
      <name>wsgc</name>
      <apiUrl>https://github.wsgc.com/api/v3</apiUrl>
      <manageHooks>true</manageHooks>
      <credentialsId>ghe-token</credentialsId>
      <clientCacheSize>20</clientCacheSize>
    </github-server-config>
  </configs>
  <hookUrl>https://ecombuild.wsgc.com/jenkins/github-webhook/</hookUrl>
  <hookSecretConfig>
    <credentialsId></credentialsId>
  </hookSecretConfig>
</github-plugin-configuration>