<?xml version='1.1' encoding='UTF-8'?>
<hudson.tasks.Maven_-DescriptorImpl>
  <installations>
    <hudson.tasks.Maven_-MavenInstallation>
      <name>Maven3</name>
      <home>/apps/maven/latest</home>
      <properties/>
    </hudson.tasks.Maven_-MavenInstallation>
    <hudson.tasks.Maven_-MavenInstallation>
      <name>Maven-3.5</name>
      <home>/apps/maven/latest</home>
      <properties/>
    </hudson.tasks.Maven_-MavenInstallation>
    <hudson.tasks.Maven_-MavenInstallation>
      <name>Maven</name>
      <home>/apps/newmaven/apache-maven-3.5.4</home>
      <properties/>
    </hudson.tasks.Maven_-MavenInstallation>
  </installations>
</hudson.tasks.Maven_-DescriptorImpl>