<?xml version='1.1' encoding='UTF-8'?>
<hudson.plugins.emailext.ExtendedEmailPublisherDescriptor plugin="email-ext@2.68">
  <defaultSuffix>@wsgc.com</defaultSuffix>
  <mailAccount>
    <smtpHost>mailhost.wsgc.com</smtpHost>
    <useSsl>false</useSsl>
  </mailAccount>
  <addAccounts/>
  <charset>UTF-8</charset>
  <defaultContentType>text/html</defaultContentType>
  <defaultSubject>$BUILD_STATUS! - $PROJECT_NAME - Build # $BUILD_NUMBER </defaultSubject>
  <defaultBody>${JELLY_SCRIPT,template=&quot;html&quot;}</defaultBody>
  <defaultPresendScript></defaultPresendScript>
  <defaultPostsendScript></defaultPostsendScript>
  <defaultClasspath/>
  <defaultTriggerIds>
    <string>hudson.plugins.emailext.plugins.trigger.FailureTrigger</string>
  </defaultTriggerIds>
  <maxAttachmentSize>-1</maxAttachmentSize>
  <recipientList></recipientList>
  <defaultReplyTo>EcomEOReleaseManagement@WSGC.com</defaultReplyTo>
  <allowedDomains></allowedDomains>
  <excludedCommitters></excludedCommitters>
  <overrideGlobalSettings>true</overrideGlobalSettings>
  <precedenceBulk>false</precedenceBulk>
  <debugMode>true</debugMode>
  <requireAdminForTemplateTesting>false</requireAdminForTemplateTesting>
  <enableWatching>false</enableWatching>
  <enableAllowUnregistered>true</enableAllowUnregistered>
</hudson.plugins.emailext.ExtendedEmailPublisherDescriptor>