<?xml version='1.1' encoding='UTF-8'?>
<hudson.plugins.depgraph__view.DependencyGraphProperty_-DescriptorImpl plugin="depgraph-view@1.0.1">
  <graphvizEnabled>true</graphvizEnabled>
  <editFunctionInJSViewEnabled>false</editFunctionInJSViewEnabled>
  <projectNameStripRegex>.*</projectNameStripRegex>
  <projectNameStripRegexGroup>1</projectNameStripRegexGroup>
  <projectNameSuperscriptRegexGroup>-1</projectNameSuperscriptRegexGroup>
  <graphRankDirection>TB</graphRankDirection>
</hudson.plugins.depgraph__view.DependencyGraphProperty_-DescriptorImpl>