<?xml version='1.1' encoding='UTF-8'?>
<hudson.plugins.logparser.LogParserPublisher_-DescriptorImpl plugin="log-parser@2.1">
  <parsingRulesGlobal>
    <hudson.plugins.logparser.ParserRuleFile>
      <name>Default</name>
      <path>/var/lib/jenkins/default-log-parsing.rules</path>
    </hudson.plugins.logparser.ParserRuleFile>
    <hudson.plugins.logparser.ParserRuleFile>
      <name></name>
      <path></path>
    </hudson.plugins.logparser.ParserRuleFile>
  </parsingRulesGlobal>
  <useLegacyFormatting>false</useLegacyFormatting>
</hudson.plugins.logparser.LogParserPublisher_-DescriptorImpl>