<?xml version='1.1' encoding='UTF-8'?>
<hudson.plugins.sonar.SonarGlobalConfiguration plugin="sonar@2.11">
  <jenkinsSupplier class="hudson.plugins.sonar.SonarGlobalConfiguration$$Lambda$112/1315869792"/>
  <installations>
    <hudson.plugins.sonar.SonarInstallation>
      <name>sonar7</name>
      <serverUrl>https://sonarqube.wsgc.com</serverUrl>
      <credentialsId>SonarQube_token</credentialsId>
      <webhookSecretId></webhookSecretId>
      <mojoVersion>3.7.0.1746</mojoVersion>
      <additionalProperties></additionalProperties>
      <additionalAnalysisProperties></additionalAnalysisProperties>
      <triggers>
        <skipScmCause>false</skipScmCause>
        <skipUpstreamCause>false</skipUpstreamCause>
        <envVar></envVar>
      </triggers>
    </hudson.plugins.sonar.SonarInstallation>
    <hudson.plugins.sonar.SonarInstallation>
      <name>sonardev</name>
      <serverUrl>http://sndrck-vdcn003.wsgc.com:9000</serverUrl>
      <credentialsId>plugin_test</credentialsId>
      <webhookSecretId></webhookSecretId>
      <mojoVersion>3.7.0.1746</mojoVersion>
      <additionalProperties></additionalProperties>
      <additionalAnalysisProperties></additionalAnalysisProperties>
      <triggers>
        <skipScmCause>false</skipScmCause>
        <skipUpstreamCause>false</skipUpstreamCause>
        <envVar></envVar>
      </triggers>
    </hudson.plugins.sonar.SonarInstallation>
  </installations>
  <buildWrapperEnabled>true</buildWrapperEnabled>
  <dataMigrated>true</dataMigrated>
  <credentialsMigrated>true</credentialsMigrated>
</hudson.plugins.sonar.SonarGlobalConfiguration>