<?xml version="1.0" encoding="UTF-8"?>
<project>

  <node name="casrck-vpcn011" description="SupplyChain prod datastax cassandra" tags="sc-cassandra,sc-datastax,sc-prd,sc-prdrk,sc-rk1" hostname="casrck-vpcn011" osArch="amd64" osFamily="unix" osName="Linux" osVersion="2.6.32-696.3.2.el6.x86_64" username="imageuser" sudo-command-enabled="true" sudo-fail-on-prompt-timeout="false"/>
  <node name="casrck-vpcn012" description="SupplyChain prod datastax cassandra" tags="sc-cassandra,sc-datastax,sc-prd,sc-prdrk,sc-rk1" hostname="casrck-vpcn012" osArch="amd64" osFamily="unix" osName="Linux" osVersion="2.6.32-696.3.2.el6.x86_64" username="imageuser" sudo-command-enabled="true" sudo-fail-on-prompt-timeout="false"/>
  <node name="casrck-vpcn013" description="SupplyChain prod datastax cassandra" tags="sc-cassandra,sc-datastax,sc-prd,sc-prdrk,sc-rk1" hostname="casrck-vpcn013" osArch="amd64" osFamily="unix" osName="Linux" osVersion="2.6.32-696.3.2.el6.x86_64" username="imageuser" sudo-command-enabled="true" sudo-fail-on-prompt-timeout="false"/>
  <node name="casrck-vpcn014" description="SupplyChain prod datastax cassandra" tags="sc-cassandra,sc-datastax,sc-prd,sc-prdrk,sc-rk1" hostname="casrck-vpcn014" osArch="amd64" osFamily="unix" osName="Linux" osVersion="2.6.32-696.3.2.el6.x86_64" username="imageuser" sudo-command-enabled="true" sudo-fail-on-prompt-timeout="false"/>
  <node name="casrck-vpcn015" description="SupplyChain prod datastax cassandra" tags="sc-cassandra,sc-datastax,sc-prd,sc-prdrk,sc-rk1" hostname="casrck-vpcn015" osArch="amd64" osFamily="unix" osName="Linux" osVersion="2.6.32-696.3.2.el6.x86_64" username="imageuser" sudo-command-enabled="true" sudo-fail-on-prompt-timeout="false"/>

  <node name="casash-vpcn006" description="SupplyChain prod datastax cassandra" tags="sc-cassandra,sc-datastax,sc-prd,sc-prdab,sc-ab1" hostname="casash-vpcn006" osArch="amd64" osFamily="unix" osName="Linux" osVersion="2.6.32-696.3.2.el6.x86_64" username="imageuser" sudo-command-enabled="true" sudo-fail-on-prompt-timeout="false"/>
  <node name="casash-vpcn007" description="SupplyChain prod datastax cassandra" tags="sc-cassandra,sc-datastax,sc-prd,sc-prdab,sc-ab1" hostname="casash-vpcn007" osArch="amd64" osFamily="unix" osName="Linux" osVersion="2.6.32-696.3.2.el6.x86_64" username="imageuser" sudo-command-enabled="true" sudo-fail-on-prompt-timeout="false"/>
  <node name="casash-vpcn008" description="SupplyChain prod datastax cassandra" tags="sc-cassandra,sc-datastax,sc-prd,sc-prdab,sc-ab1" hostname="casash-vpcn008" osArch="amd64" osFamily="unix" osName="Linux" osVersion="2.6.32-696.3.2.el6.x86_64" username="imageuser" sudo-command-enabled="true" sudo-fail-on-prompt-timeout="false"/>
  <node name="casash-vpcn009" description="SupplyChain prod datastax cassandra" tags="sc-cassandra,sc-datastax,sc-prd,sc-prdab,sc-ab1" hostname="casash-vpcn009" osArch="amd64" osFamily="unix" osName="Linux" osVersion="2.6.32-696.3.2.el6.x86_64" username="imageuser" sudo-command-enabled="true" sudo-fail-on-prompt-timeout="false"/>
  <node name="casash-vpcn010" description="SupplyChain prod datastax cassandra" tags="sc-cassandra,sc-datastax,sc-prd,sc-prdab,sc-ab1" hostname="casash-vpcn010" osArch="amd64" osFamily="unix" osName="Linux" osVersion="2.6.32-696.3.2.el6.x86_64" username="imageuser" sudo-command-enabled="true" sudo-fail-on-prompt-timeout="false"/>

</project>

