{
  "include": [
    "../../common/microservice.json"
  ],
  "name": "/shop/* /.delivery/* /.aecv1/* /.static/* /m/shop/*",
  "criteria": [
    {
      "name": "hostname",
      "options": {
        "matchOperator": "IS_ONE_OF",
        "values": [
          "www.qa10.potterybarnkids.ca"
        ]
      }
    },
    {
      "name": "path",
      "options": {
        "matchCaseSensitive": false,
        "matchOperator": "MATCHES_ONE_OF",
        "values": [
          "/.static/ecmcontent/*",
          "/account/credit-account-lookup.html",
          "/api/profile/v2/*",
          "/api/user/v2/*",
          "/customer-service/return/*",
          "/m/account/credit-account-lookup.html",
          "/m/customer-service/return/*",
          "/order-servicing/.info/summary.html",
          "/phygital/.info/summary.html",
          "/registry/.info/summary.html",
          "/stores/*"
        ],
        "exclude_common_values": [
          "/api/designer/v1/*",
          "/m/trade-signin/login.html",
          "/trade-signin/login.html"
        ]
      }
    },
    {
      "name": "path",
      "options": {
        "matchCaseSensitive": false,
        "matchOperator": "DOES_NOT_MATCH_ONE_OF",
        "values": [
          "/products/getScene7Url.json"
        ],
        "exclude_common_values": [
          "/customer-service/shipping-info/",
          "/m/customer-service/shipping-info/",
          "/trade-signin/shopnow.html"
        ]
      }
    }
  ],
  "behaviors": [
    {
      "name": "origin",
      "options": {
        "hostname": "qa.origin-svc.potterybarnkids.com"
      }
    },
    {
      "name": "rewriteUrl",
      "options": {
        "behavior": "PREPEND",
        "keepQueryString": true,
        "targetPathPrepend": "/caqa10.potterybarnkids.ca/"
      }
    }
  ]
}