{
  "include": [
    "../../common/microservice.json"
  ],
  "name": "/shop/* /.delivery/* /.aecv1/* /.static/* /m/shop/*",
  "criteria": [
    {
      "name": "hostname",
      "options": {
        "matchOperator": "IS_ONE_OF",
        "values": [
          "www.qa19.pbteen.com"
        ]
      }
    },
    {
      "name": "path",
      "options": {
        "matchCaseSensitive": false,
        "matchOperator": "MATCHES_ONE_OF",
        "values": [
          "/",
          "/.static/ecmcontent/*",
          "/account/check-verification-link.html*",
          "/account/verification.html*",
          "/api/registry/v1/*",
          "/customer-service/",
          "/customer-service/additional-options/",
          "/customer-service/address-change/",
          "/customer-service/business-sales/",
          "/customer-service/catalog-request/",
          "/customer-service/charge-details/*",
          "/customer-service/email-list/",
          "/customer-service/email-preferences/",
          "/customer-service/email-us/",
          "/customer-service/gift-services/",
          "/customer-service/international-email-list/",
          "/customer-service/intl-order-tracking/",
          "/customer-service/list-order/*",
          "/customer-service/mailing-options/",
          "/customer-service/order-shipment-tracking/*",
          "/customer-service/order-status/",
          "/customer-service/order-status/*",
          "/customer-service/return/*",
          "/m/",
          "/m/customer-service/",
          "/m/customer-service/address-change/",
          "/m/customer-service/catalog-request/",
          "/m/customer-service/charge-details/*",
          "/m/customer-service/email-list/",
          "/m/customer-service/email-preferences/",
          "/m/customer-service/email-us/",
          "/m/customer-service/international-email-list/",
          "/m/customer-service/intl-order-tracking/",
          "/m/customer-service/list-order/*",
          "/m/customer-service/mailing-options/",
          "/m/customer-service/order-shipment-tracking/*",
          "/m/customer-service/order-tracking/",
          "/m/customer-service/return/*",
          "/m/product/",
          "/m/registry/",
          "/m/registry/*/gift-tracker.html",
          "/m/registry/*/registry-list.html",
          "/m/registry/*/update.html",
          "/m/registry/create-registry-sign-in.html",
          "/m/registry/create.html",
          "/m/registry/find-registry.html",
          "/m/registry/find.html",
          "/m/registry/index.html",
          "/m/registry/registry-login.html",
          "/m/registry/search-registry.html",
          "/m/shop/",
          "/order-servicing/.info/summary.html",
          "/phygital/.info/summary.html",
          "/product/",
          "/registry/",
          "/registry/*/gift-tracker.html",
          "/registry/*/registry-list.html",
          "/registry/*/update.html",
          "/registry/.info/summary.html",
          "/registry/create-registry-sign-in.html",
          "/registry/create.html",
          "/registry/find-registry.html",
          "/registry/find.html",
          "/registry/index.html",
          "/registry/registry-login.html",
          "/registry/search-registry.html",
          "/shop/",
          "/stores/*"
        ],
        "exclude_common_values": [
          "/about-us/*",
          "/account/confirm-thanks.html",
          "/account/create.html",
          "/account/emailupdate/confirm-thanks.html",
          "/account/keyrewards/key-credit-rewards.json",
          "/account/login-attempts.html",
          "/account/logout.html",
          "/account/migrationStatus.html",
          "/account/passwordRequirementsChange.html",
          "/account/svc*",
          "/account/updatephonenumber.html",
          "/aos/*",
          "/api/designer/v1/*",
          "/apple-pay/generate-session.json",
          "/cc/*",
          "/checkout/*",
          "/content/ecm/*",
          "/design-services/*",
          "/internationalcheckout/*",
          "/m/about-us/*",
          "/m/account/confirm-thanks.html",
          "/m/account/create.html",
          "/m/account/landing.html",
          "/m/account/login-attempts.html",
          "/m/account/logout.html",
          "/m/account/migrationStatus.html",
          "/m/account/passwordRequirementsChange.html",
          "/m/account/svc*",
          "/m/aos/*",
          "/m/cc/*",
          "/m/checkout/*",
          "/m/pages/*",
          "/m/products/getScene7Url.json",
          "/m/promotion/eligibility/group/*",
          "/m/recommendations/*",
          "/m/resources/*",
          "/m/room/*",
          "/m/search/stores.json",
          "/m/services/shoppingcart/*",
          "/m/shopping-cart/*",
          "/m/thekey/*",
          "/m/trade-signin/*",
          "/my-design-projects/.api/*",
          "/nativeapp/.api/*",
          "/order-servicing/*",
          "/pages/*",
          "/products/getScene7Url.json",
          "/promotion/eligibility/group/*",
          "/recommendations/*",
          "/resources/*",
          "/room/*",
          "/search/stores.json",
          "/services/shoppingcart/*",
          "/shopping-cart/*",
          "/shopping/*",
          "/sitemap.html",
          "/stores*",
          "/thekey/*",
          "/trade-signin/*"
        ]
      }
    },
    {
      "name": "path",
      "options": {
        "matchCaseSensitive": false,
        "matchOperator": "DOES_NOT_MATCH_ONE_OF",
        "values": [],
        "exclude_common_values": [
          "/account/not-me.html",
          "/authenticate.html",
          "/customer-service/coreemail.html",
          "/customer-service/popup/communication-preferences.html*",
          "/customer-service/shipping-info.html",
          "/customer-service/shipping-info/",
          "/customer-service/show-join-email.jsonp",
          "/m/authenticate.html",
          "/m/customer-service/confirm-mobile-email-signup.html*",
          "/m/customer-service/shipping-info/",
          "/m/pages/xbrand-landing/",
          "/m/pages/xbrand-rows/",
          "/pages/fragments/*",
          "/pages/overlay/*",
          "/pages/pbdorm/*",
          "/pages/popups/*",
          "/pages/xbrand-landing/",
          "/pages/xbrand-landing/",
          "/pages/xbrand-rows/",
          "/pages/xbrand-rows/*",
          "/products/*/minipip.html",
          "/products/*/pip-print.html",
          "/products/*/quicklook.html",
          "/products/*/request-swatches.html",
          "/products/getPostalCodeCookie.json",
          "/svc/recommendation/*",
          "/trade-signin/shopnow.html"
        ]
      }
    }
  ],
  "behaviors": [
    {
      "name": "origin",
      "options": {
        "hostname": "qa.origin-svc.pbteen.com"
      }
    },
    {
      "name": "rewriteUrl",
      "options": {
        "behavior": "PREPEND",
        "keepQueryString": true,
        "targetPathPrepend": "/{{builtin.AK_DOMAIN}}/"
      }
    }
  ]
}