<?xml version="1.0" encoding="UTF-8"?>
<project>
  <node name="pb-ecmauth-rgs-rk1v" description="ecm pb author node" tags="ecm,pb,rgs,author,ecmauth,ecm-author" hostname="ecmrck-vicn037" osArch="amd64" osFamily="unix" osName="Linux" osVersion="2.6.18-274.7.1.el5" username="imageuser" sudo-command-enabled="true" sudo-fail-on-prompt-timeout="false"/>
  <node name="we-ecmauth-rgs-rk1v" description="ecm we author node" tags="ecm,we,rgs,author,ecmauth,ecm-author" hostname="ecmrck-vicn040" osArch="amd64" osFamily="unix" osName="Linux" osVersion="2.6.18-274.7.1.el5" username="imageuser" sudo-command-enabled="true" sudo-fail-on-prompt-timeout="false"/>
  <node name="ws-ecmauth-rgs-rk1v" description="ecm ws author node" tags="ecm,ws,rgs,author,ecmauth,ecm-author" hostname="ecmrck-vicn041" osArch="amd64" osFamily="unix" osName="Linux" osVersion="2.6.18-274.7.1.el5" username="imageuser" sudo-command-enabled="true" sudo-fail-on-prompt-timeout="false"/>
  <node name="pb-ecmpub-rgs-rk1v" description="ecm pb publish node" tags="ecm,pb,rgs,publish,ecmpub,ecm-publish" hostname="ecmrck-vicn043" osArch="amd64" osFamily="unix" osName="Linux" osVersion="2.6.18-274.7.1.el5" username="imageuser" sudo-command-enabled="true" sudo-fail-on-prompt-timeout="false"/>
  <node name="we-ecmpub-rgs-rk1v" description="ecm we publish node" tags="ecm,we,rgs,publish,ecmpub,ecm-publish" hostname="ecmrck-vicn046" osArch="amd64" osFamily="unix" osName="Linux" osVersion="2.6.18-274.7.1.el5" username="imageuser" sudo-command-enabled="true" sudo-fail-on-prompt-timeout="false"/>
  <node name="ws-ecmpub-rgs-rk1v" description="ecm ws publish node" tags="ecm,ws,rgs,publish,ecmpub,ecm-publish" hostname="ecmrck-vicn047" osArch="amd64" osFamily="unix" osName="Linux" osVersion="2.6.18-274.7.1.el5" username="imageuser" sudo-command-enabled="true" sudo-fail-on-prompt-timeout="false"/>
  <node name="pb-ecmauth-perf-rk1v" description="ecm pb author node" tags="ecm,pb,perf,author,ecmauth,ecm-author" hostname="ecmrck-vicn049" osArch="amd64" osFamily="unix" osName="Linux" osVersion="2.6.18-274.7.1.el5" username="imageuser" sudo-command-enabled="true" sudo-fail-on-prompt-timeout="false"/>
  <node name="we-ecmauth-perf-rk1v" description="ecm we author node" tags="ecm,we,perf,author,ecmauth,ecm-author" hostname="ecmrck-vicn052" osArch="amd64" osFamily="unix" osName="Linux" osVersion="2.6.18-274.7.1.el5" username="imageuser" sudo-command-enabled="true" sudo-fail-on-prompt-timeout="false"/>
  <node name="pb-ecmpub-perf-rk1v" description="ecm pb publish node" tags="ecm,pb,perf,publish,ecmpub,ecm-publish" hostname="ecmrck-vicn055" osArch="amd64" osFamily="unix" osName="Linux" osVersion="2.6.18-274.7.1.el5" username="imageuser" sudo-command-enabled="true" sudo-fail-on-prompt-timeout="false"/>
  <node name="we-ecmpub-perf-rk1v" description="ecm we publish node" tags="ecm,we,perf,publish,ecmpub,ecm-publish" hostname="ecmrck-vicn058" osArch="amd64" osFamily="unix" osName="Linux" osVersion="2.6.18-274.7.1.el5" username="imageuser" sudo-command-enabled="true" sudo-fail-on-prompt-timeout="false"/>
  <node name="ws-ecmpub-perf-rk1v" description="ecm ws publish node" tags="ecm,ws,perf,publish,ecmpub,ecm-publish" hostname="ecmrck-vicn059" osArch="amd64" osFamily="unix" osName="Linux" osVersion="2.6.18-274.7.1.el5" username="imageuser" sudo-command-enabled="true" sudo-fail-on-prompt-timeout="false"/>

</project>
