{
  "children": [
    {
      "behaviors": [
        {
          "name": "denyAccess",
          "options": {
            "enabled": true,
            "reason": "Deny_crawlers"
          }
        }
      ],
      "criteria": [
        {
          "name": "requestHeader",
          "options": {
            "headerName": "User-Agent",
            "matchCaseSensitiveValue": false,
            "matchOperator": "IS_ONE_OF",
            "matchWildcardName": false,
            "matchWildcardValue": true,
            "values": [
              "*googlebot*"
            ]
          }
        }
      ],
      "name": "Deny googlebot",
      "options": {},
      "templateLink": "/platformtoolkit/service/ruletemplate/35903576/1?accountId=1-J5YX\u0026gid=22415\u0026ck=16.5.7",
      "criteriaMustSatisfy": "all"
    }
  ],
  "name": "ACL rules",
  "options": {},
  "templateLink": "/platformtoolkit/service/ruletemplate/35903576/1?accountId=1-J5YX\u0026gid=22415\u0026ck=16.5.7",
  "criteriaMustSatisfy": "all"
}