{
  "children": [
    {
      "behaviors": [
        {
          "name": "gzipResponse",
          "options": {
            "behavior": "NEVER"
          }
        }
      ],
      "comments": "Disables last mile compression for old Internet Explorer browsers",
      "criteria": [
        {
          "name": "userAgent",
          "options": {
            "matchCaseSensitive": false,
            "matchOperator": "IS_ONE_OF",
            "matchWildcard": true,
            "values": [
              "*MSIE 5*Mac*",
              "*MSIE 4*"
            ]
          }
        }
      ],
      "name": "Old IE browsers",
      "options": {},
      "criteriaMustSatisfy": "any"
    },
    {
      "behaviors": [
        {
          "name": "gzipResponse",
          "options": {
            "behavior": "NEVER"
          }
        }
      ],
      "comments": "Disables last mile compression for old Mozilla browsers",
      "criteria": [
        {
          "name": "userAgent",
          "options": {
            "matchCaseSensitive": false,
            "matchOperator": "IS_ONE_OF",
            "matchWildcard": true,
            "values": [
              "*Mozilla/4*"
            ]
          }
        },
        {
          "name": "userAgent",
          "options": {
            "matchCaseSensitive": false,
            "matchOperator": "IS_NOT_ONE_OF",
            "matchWildcard": true,
            "values": [
              "*(compatible;*"
            ]
          }
        }
      ],
      "name": "Old Mozilla browsers",
      "options": {},
      "criteriaMustSatisfy": "all"
    }
  ],
  "comments": "Replicates Config Manager's 'Last Mile Acceleration': 'Disable for Old Browsers' logic. Config Manger's description: 'Do not use Last Mile Acceleration for the following browsers: MSIE 4, MSIE 5( Mac), and all Mozilla 4. These older browsers incorrectly advertise they support gzip compression.'",
  "name": "Config Manager Legacy: Disable LMA for Old Browsers",
  "options": {},
  "criteriaMustSatisfy": "any"
}