{
  "behaviors": [
    {
      "name": "advanced",
      "options": {
        "description": "",
        "xml": "\u003c!-- Rewrite the domain in cookies set by the origin --\u003e\n\u003cedgeservices:cookie.rewrite-set-cookie name=\"rewriteSetCookie\"\u003e\n  \u003cpath\u003e/\u003c/path\u003e\n  \u003cstatus\u003eon\u003c/status\u003e\n\u003c/edgeservices:cookie.rewrite-set-cookie\u003e"
      },
      "uuid": "504dc321-3871-4196-9f26-f4a5bce5bc23",
      "templateUuid": "e0dd6d63-e91d-4481-a04f-d3887312be33"
    }
  ],
  "criteria": [
    {
      "name": "hostname",
      "options": {
        "matchOperator": "IS_NOT_ONE_OF",
        "values": [
          "www.qa5.potterybarn.com"
        ]
      }
    }
  ],
  "name": "Cookie rewrite hostname",
  "options": {},
  "uuid": "494d8980-ee89-4b2c-8320-115d40c7bd48",
  "templateLink": "/platformtoolkit/service/ruletemplate/37980273/1?accountId=1-J5YX\u0026gid=22415\u0026ck=16.6.1",
  "criteriaMustSatisfy": "all"
}