{
  "children": [
    {
      "behaviors": [
        {
          "name": "setVariable",
          "options": {
            "extractLocation": "CLIENT_REQUEST_HEADER",
            "headerName": "Origin",
            "transform": "NONE",
            "valueSource": "EXTRACT",
            "variableName": "PMUSER_ACAO"
          }
        },
        {
          "name": "modifyOutgoingResponseHeader",
          "options": {
            "action": "MODIFY",
            "avoidDuplicateHeaders": true,
            "newHeaderValue": "{{user.PMUSER_ACAO}}",
            "standardModifyHeaderName": "ACCESS_CONTROL_ALLOW_ORIGIN"
          }
        }
      ],
      "criteria": [
        {
          "name": "requestHeader",
          "options": {
            "headerName": "Origin",
            "matchOperator": "EXISTS",
            "matchWildcardName": false
          }
        },
        {
          "name": "hostname",
          "options": {
            "matchOperator": "IS_NOT_ONE_OF",
            "values": [
              "www.uat3.greenrow.com"
            ]
          }
        }
      ],
      "name": "Add: access-control-allow-origin",
      "options": {},
      "criteriaMustSatisfy": "all"
    },
    {
      "behaviors": [
        {
          "name": "setVariable",
          "options": {
            "extractLocation": "CLIENT_REQUEST_HEADER",
            "headerName": "Origin",
            "transform": "NONE",
            "valueSource": "EXTRACT",
            "variableName": "PMUSER_ACAO"
          }
        },
        {
          "name": "modifyOutgoingResponseHeader",
          "options": {
            "action": "MODIFY",
            "avoidDuplicateHeaders": true,
            "newHeaderValue": "{{user.PMUSER_ACAO}}",
            "standardModifyHeaderName": "ACCESS_CONTROL_ALLOW_ORIGIN"
          }
        }
      ],
      "criteria": [
        {
          "name": "requestHeader",
          "options": {
            "headerName": "Origin",
            "matchCaseSensitiveValue": true,
            "matchOperator": "IS_ONE_OF",
            "matchWildcardName": false,
            "matchWildcardValue": true,
            "values": [
              "https://*.greenrow.com"
            ]
          }
        },
        {
          "name": "hostname",
          "options": {
            "matchOperator": "IS_ONE_OF",
            "values": [
              "www.uat3.greenrow.com"
            ]
          }
        }
      ],
      "name": "Add: access-control-allow-origin www.uat3.greenrow.com",
      "options": {},
      "criteriaMustSatisfy": "all"
    },
    {
      "behaviors": [
        {
          "name": "modifyOutgoingResponseHeader",
          "options": {
            "action": "DELETE",
            "standardDeleteHeaderName": "ACCESS_CONTROL_ALLOW_ORIGIN"
          }
        }
      ],
      "criteria": [
        {
          "name": "requestHeader",
          "options": {
            "headerName": "Origin",
            "matchOperator": "DOES_NOT_EXIST",
            "matchWildcardName": false
          }
        }
      ],
      "name": "Remove: access-control-allow-origin",
      "options": {},
      "criteriaMustSatisfy": "all"
    }
  ],
  "name": "CORS: access-control-allow-origin",
  "options": {},
  "criteriaMustSatisfy": "all"
}