{
  "children": [
    {
      "behaviors": [
        {
          "name": "edgeWorker",
          "options": {
            "createEdgeWorker": "",
            "edgeWorkerId": "7729",
            "enabled": true,
            "resourceTier": ""
          }
        },
        {
          "name": "customBehavior",
          "options": {
            "behaviorId": "cbe_274514351"
          }
        },
        {
          "name": "allowPost",
          "options": {
            "allowWithoutContentLength": true,
            "enabled": true
          }
        }
      ],
      "criteria": [
        {
          "name": "path",
          "options": {
            "matchCaseSensitive": false,
            "matchOperator": "MATCHES_ONE_OF",
            "normalize": false,
            "values": [
              "/api/visitor/v1/storage"
            ]
          }
        }
      ],
      "name": "Identity Storage",
      "options": {},
      "criteriaMustSatisfy": "all"
    }
  ],
  "name": "EdgeWorkers Microservices",
  "options": {},
  "criteriaMustSatisfy": "all"
}