{
  "children": [
    {
      "behaviors": [
        {
          "name": "denyAccess",
          "options": {
            "enabled": true,
            "reason": "default-deny-reason"
          }
        }
      ],
      "criteria": [
        {
          "name": "userLocation",
          "options": {
            "checkIps": "BOTH",
            "continentValues": [
              "AF"
            ],
            "field": "CONTINENT",
            "matchOperator": "IS_ONE_OF",
            "useOnlyFirstXForwardedForIp": false
          }
        }
      ],
      "name": "Deny Users: Africa",
      "options": {},
      "criteriaMustSatisfy": "all"
    },
    {
      "behaviors": [
        {
          "name": "denyAccess",
          "options": {
            "enabled": true,
            "reason": "default-deny-reason"
          }
        }
      ],
      "criteria": [
        {
          "name": "userLocation",
          "options": {
            "checkIps": "BOTH",
            "countryValues": [
              "NL",
              "DO"
            ],
            "field": "COUNTRY",
            "matchOperator": "IS_ONE_OF",
            "useOnlyFirstXForwardedForIp": false
          }
        }
      ],
      "name": "Deny Users: NL DO",
      "options": {},
      "criteriaMustSatisfy": "all"
    }
  ],
  "name": "Error Handling",
  "options": {},
  "criteriaMustSatisfy": "all"
}