{
  "behaviors": [
    {
      "name": "gzipResponse",
      "options": {
        "behavior": "ALWAYS"
      }
    }
  ],
  "criteria": [
    {
      "name": "contentType",
      "options": {
        "matchCaseSensitive": false,
        "matchOperator": "IS_ONE_OF",
        "matchWildcard": true,
        "values": [
          "text/html*",
          "application/x-javascript*",
          "text/css*",
          "text/plain*",
          "application/json*"
        ]
      }
    }
  ],
  "name": "Last Mile Acceleration",
  "options": {},
  "criteriaMustSatisfy": "all"
}