{
  "behaviors": [
    {
      "name": "redirect",
      "options": {
        "destinationHostname": "SAME_AS_REQUEST",
        "destinationPath": "OTHER",
        "destinationPathOther": "/",
        "destinationProtocol": "SAME_AS_REQUEST",
        "mobileDefaultChoice": "DEFAULT",
        "queryString": "APPEND",
        "responseCode": 301
      }
    }
  ],
  "criteria": [
    {
      "name": "path",
      "options": {
        "matchCaseSensitive": false,
        "matchOperator": "MATCHES_ONE_OF",
        "normalize": false,
        "values": [
          "/index.html"
        ]
      }
    },
    {
      "name": "matchAdvanced",
      "options": {
        "closeXml": "\u003c/match:uri.query-string\u003e",
        "description": "match on qs",
        "openXml": "\u003cmatch:uri.query-string name=\"**\" name-wildcard=\"on\" result=\"false\" value=\"**\" value-wildcard=\"on\"\u003e"
      },
      "uuid": "1555abb6-3b6a-483c-9e1b-209c1c628ea5"
    }
  ],
  "name": "Redirect /index.html",
  "options": {},
  "uuid": "3749362e-e093-4a77-b404-2eaf699ed78c",
  "criteriaMustSatisfy": "all"
}