{
  "children": [
    {
      "behaviors": [
        {
          "name": "advanced",
          "options": {
            "description": "",
            "xml": "\u003cassign:variable\u003e\n    \u003cname\u003eNIM_VP_IN_WRCOOKIESALT\u003c/name\u003e\n    \u003cvalue\u003eUnique_Salt-PB\u003c/value\u003e\n    \u003chidden\u003eon\u003c/hidden\u003e\n\u003c/assign:variable\u003e"
          },
          "uuid": "98fc2fd1-a026-4313-8d48-04586506278f"
        },
        {
          "name": "visitorPrioritization",
          "options": {
            "allowedUserCookieEnabled": false,
            "allowedUserCookieManagementTitle": "",
            "cloudletPolicy": {
              "id": 116008,
              "name": "PB_QA_Desktop_VP"
            },
            "enabled": true,
            "userIdentificationByCookie": false,
            "userIdentificationByHeaders": false,
            "userIdentificationByIp": false,
            "userIdentificationByParams": false,
            "userIdentificationTitle": "",
            "waitingRoomCacheTtl": 5,
            "waitingRoomCookieAdvanced": true,
            "waitingRoomCookieAutomaticSalt": false,
            "waitingRoomCookieDomainType": "DYNAMIC",
            "waitingRoomCookieDuration": 20,
            "waitingRoomCookieEnabled": true,
            "waitingRoomCookieHttpOnly": false,
            "waitingRoomCookieLabel": "PB_QA_Desktop",
            "waitingRoomCookieManagementTitle": "",
            "waitingRoomCookieSalt": "Unique_Salt-PB",
            "waitingRoomCpCode": {
              "cpCodeLimits": {
                "currentCapacity": 132,
                "limit": 366,
                "limitType": "account"
              },
              "createdDate": 1564678860000,
              "description": "PB  - QA - VP Desktop",
              "id": 879126,
              "name": "PB  - QA - VP Desktop",
              "products": [
                "SPM"
              ]
            },
            "waitingRoomDirectory": "/pb",
            "waitingRoomManagementTitle": "",
            "waitingRoomNetStorage": {
              "cpCode": 684132,
              "downloadDomainName": "waitingroomwsi.download.akamai.com",
              "g2oToken": null
            },
            "waitingRoomStatusCode": 200,
            "waitingRoomUseCpCode": true
          }
        }
      ],
      "criteria": [
        {
          "name": "deviceCharacteristic",
          "options": {
            "booleanValue": false,
            "characteristic": "IS_WIRELESS_DEVICE"
          }
        }
      ],
      "name": "Desktop",
      "options": {},
      "uuid": "7d97a231-11c0-4419-881a-3b51b813bb05",
      "templateLink": "/platformtoolkit/service/ruletemplate/148581704/1?accountId=1-J5YX\u0026gid=22415\u0026ck=19.6",
      "criteriaMustSatisfy": "all"
    },
    {
      "behaviors": [
        {
          "name": "advanced",
          "options": {
            "description": "",
            "xml": "\u003cassign:variable\u003e\n    \u003cname\u003eNIM_VP_IN_WRCOOKIESALT\u003c/name\u003e\n    \u003cvalue\u003eUnique_Salt-PB-Mobile\u003c/value\u003e\n    \u003chidden\u003eon\u003c/hidden\u003e\n\u003c/assign:variable\u003e"
          },
          "uuid": "e9695c92-33ac-4b92-8a8c-a6044d77806f"
        },
        {
          "name": "visitorPrioritization",
          "options": {
            "allowedUserCookieEnabled": false,
            "allowedUserCookieManagementTitle": "",
            "cloudletPolicy": {
              "id": 116009,
              "name": "PB_QA_Mobile_VP"
            },
            "enabled": true,
            "userIdentificationByCookie": false,
            "userIdentificationByHeaders": false,
            "userIdentificationByIp": false,
            "userIdentificationByParams": false,
            "userIdentificationTitle": "",
            "waitingRoomCacheTtl": 5,
            "waitingRoomCookieAdvanced": true,
            "waitingRoomCookieAutomaticSalt": false,
            "waitingRoomCookieDomainType": "DYNAMIC",
            "waitingRoomCookieDuration": 20,
            "waitingRoomCookieEnabled": true,
            "waitingRoomCookieHttpOnly": false,
            "waitingRoomCookieLabel": "PB_QA_Mobile",
            "waitingRoomCookieManagementTitle": "",
            "waitingRoomCookieSalt": "Unique_Salt-PB-Mobile",
            "waitingRoomCpCode": {
              "cpCodeLimits": {
                "currentCapacity": 131,
                "limit": 366,
                "limitType": "account"
              },
              "createdDate": 1564678889000,
              "description": "PB  - QA - VP Mobile",
              "id": 879127,
              "name": "PB  - QA - VP Mobile",
              "products": [
                "SPM"
              ]
            },
            "waitingRoomDirectory": "/pb",
            "waitingRoomManagementTitle": "",
            "waitingRoomNetStorage": {
              "cpCode": 684132,
              "downloadDomainName": "waitingroomwsi.download.akamai.com",
              "g2oToken": null
            },
            "waitingRoomStatusCode": 200,
            "waitingRoomUseCpCode": true
          }
        }
      ],
      "criteria": [
        {
          "name": "deviceCharacteristic",
          "options": {
            "booleanValue": true,
            "characteristic": "IS_WIRELESS_DEVICE"
          }
        }
      ],
      "name": "Mobile",
      "options": {},
      "uuid": "a6f92b25-28ab-4344-931f-6eb959071bad",
      "templateLink": "/platformtoolkit/service/ruletemplate/148581704/1?accountId=1-J5YX\u0026gid=22415\u0026ck=19.6",
      "criteriaMustSatisfy": "all"
    }
  ],
  "criteria": [
    {
      "name": "fileExtension",
      "options": {
        "matchCaseSensitive": false,
        "matchOperator": "IS_NOT_ONE_OF",
        "values": [
          "aif",
          "aiff",
          "au",
          "avi",
          "bin",
          "bmp",
          "cab",
          "carb",
          "cct",
          "cdf",
          "class",
          "doc",
          "dcr",
          "dtd",
          "exe",
          "flv",
          "gcf",
          "gff",
          "gif",
          "grv",
          "hdml",
          "hqx",
          "ico",
          "ini",
          "jpeg",
          "jpg",
          "mov",
          "mp3",
          "nc",
          "pct",
          "pdf",
          "png",
          "ppc",
          "pws",
          "swa",
          "swf",
          "txt",
          "vbs",
          "w32",
          "wav",
          "wbmp",
          "wml",
          "wmlc",
          "wmls",
          "wmlsc",
          "xsd",
          "zip",
          "pict",
          "tif",
          "tiff",
          "mid",
          "midi",
          "eot",
          "otf",
          "svg",
          "svgz",
          "webp",
          "jxr",
          "jar",
          "jp2"
        ]
      }
    },
    {
      "name": "path",
      "options": {
        "matchCaseSensitive": false,
        "matchOperator": "DOES_NOT_MATCH_ONE_OF",
        "normalize": false,
        "values": [
          "/*imgs/*/images/dp/ecm/*"
        ]
      }
    },
    {
      "name": "hostname",
      "options": {
        "matchOperator": "IS_ONE_OF",
        "values": [
          "*www.uat4*"
        ]
      }
    },
    {
      "name": "requestCookie",
      "options": {
        "cookieName": "PBPE_SID_UAT",
        "matchCaseSensitiveName": true,
        "matchOperator": "DOES_NOT_EXIST",
        "matchWildcardName": false
      }
    }
  ],
  "name": "Visitor Prioritization",
  "options": {},
  "uuid": "cd8b2d95-1558-41c6-96f7-259bb5a6e52c",
  "templateLink": "/platformtoolkit/service/ruletemplate/148581704/1?accountId=1-J5YX\u0026gid=22415\u0026ck=19.6",
  "criteriaMustSatisfy": "all"
}