{
  "include": [
    "../../common/microservice.json"
  ],
  "name": "/shop/* /.delivery/* /.aecv1/* /.static/* /m/shop/* /m/account/* /account/*",
  "criteria": [
    {
      "name": "hostname",
      "options": {
        "matchOperator": "IS_ONE_OF",
        "values": [
          "www.qa46.potterybarn.com"
        ]
      }
    },
    {
      "name": "path",
      "options": {
        "matchCaseSensitive": false,
        "matchOperator": "MATCHES_ONE_OF",
        "values": [
          "/.static/ecmcontent/*",
          "/account/check-verification-link.html*",
          "/account/credit-account-lookup.html",
          "/account/svc/*",
          "/account/verification.html*",
          "/api/registry/v1/*",
          "/customer-service/charge-details/*",
          "/customer-service/list-order/*",
          "/customer-service/order-shipment-tracking/*",
          "/customer-service/order-status/*",
          "/customer-service/return/*",
          "/m/account/.info/summary.html",
          "/m/account/credit-account-lookup.html",
          "/m/account/svc/*",
          "/m/customer-service/charge-details/*",
          "/m/customer-service/list-order/*",
          "/m/customer-service/order-shipment-tracking/*",
          "/m/customer-service/return/*",
          "/m/registry/*",
          "/order-servicing/.info/summary.html",
          "/phygital/.info/summary.html",
          "/registry/*",
          "/registry/*/registry-checklist.html*"
        ],
        "exclude_common_values": [
          "/",
          "/about-us/*",
          "/account/confirm-thanks.html",
          "/account/create.html",
          "/account/emailupdate/confirm-thanks.html",
          "/account/login-attempts.html",
          "/account/logout.html",
          "/account/migrationStatus.html",
          "/account/passwordRequirementsChange.html",
          "/account/svc*",
          "/account/updatephonenumber.html",
          "/aos/*",
          "/aos/special-sale/*",
          "/api/designer/v1/*",
          "/api/phygital/v1/*",
          "/api/registry/*",
          "/appointments/*",
          "/cc/*",
          "/checkout/*",
          "/checkout/issue/*",
          "/content/ecm/*",
          "/customer-service/*",
          "/design-services/*",
          "/events/*",
          "/index.html",
          "/internationalcheckout/*",
          "/m/",
          "/m/about-us/*",
          "/m/account/confirm-thanks.html",
          "/m/account/create.html",
          "/m/account/landing.html",
          "/m/account/login-attempts.html",
          "/m/account/logout.html",
          "/m/account/migrationStatus.html",
          "/m/account/passwordRequirementsChange.html",
          "/m/account/svc*",
          "/m/aos/*",
          "/m/aos/special-sale/*",
          "/m/appointments/*",
          "/m/cc/*",
          "/m/checkout/*",
          "/m/checkout/issue/*",
          "/m/customer-service/*",
          "/m/events/*",
          "/m/index.html",
          "/m/pages/*",
          "/m/recommendations/*",
          "/m/registry/",
          "/m/registry/*/gift-tracker.html",
          "/m/registry/*/registry-checklist.html",
          "/m/registry/*/registry-list.html*",
          "/m/registry/*/update.html",
          "/m/registry/account-linking-search.html",
          "/m/registry/create-registry-sign-in.html",
          "/m/registry/create.html",
          "/m/registry/find-registry.html",
          "/m/registry/find.html",
          "/m/registry/index.html",
          "/m/registry/registry-login.html",
          "/m/registry/search-registry.html",
          "/m/resources/*",
          "/m/room/*",
          "/m/room/shop-by-room/*",
          "/m/services/shoppingcart/*",
          "/m/shoppingcart/*",
          "/m/stores/*",
          "/m/thekey/*",
          "/m/trade-signin/*",
          "/my-design-projects/.api/*",
          "/order-servicing/*",
          "/pages/*",
          "/pages/st-jude/",
          "/recommendations/*",
          "/registry/",
          "/registry/*/gift-tracker.html",
          "/registry/*/registry-checklist.html",
          "/registry/*/registry-list.html*",
          "/registry/*/update.html",
          "/registry/account-linking-search.html",
          "/registry/create-registry-sign-in.html",
          "/registry/create.html",
          "/registry/find-registry.html",
          "/registry/find.html",
          "/registry/index.html",
          "/registry/registry-login.html",
          "/registry/search-registry.html",
          "/resources/*",
          "/room/*",
          "/room/shop-by-room/*",
          "/services/shoppingcart/*",
          "/shopping/*",
          "/shoppingcart/*",
          "/sitemap.html",
          "/stores-pb/*",
          "/stores-pk/*",
          "/stores-pt/*",
          "/stores/*",
          "/thekey/*",
          "/trade-signin/*"
        ]
      }
    },
    {
      "name": "path",
      "options": {
        "matchCaseSensitive": false,
        "matchOperator": "DOES_NOT_MATCH_ONE_OF",
        "values": [],
        "exclude_common_values": [
          "/account/not-me.html",
          "/authenticate.html",
          "/customer-service/coreemail.html",
          "/customer-service/popup/communication-preferences.html*",
          "/customer-service/shipping-info.html",
          "/customer-service/shipping-info/",
          "/customer-service/show-join-email.jsonp",
          "/favorites/items/index.json",
          "/m/authenticate.html",
          "/m/customer-service/confirm-mobile-email-signup.html*",
          "/m/customer-service/shipping-info/",
          "/m/pages/xbrand-landing/",
          "/m/pages/xbrand-rows/*",
          "/m/products/getScene7Url.json",
          "/pages/fragments/*",
          "/pages/overlay/*",
          "/pages/popups/*",
          "/pages/xbrand-landing/",
          "/pages/xbrand-rows/*",
          "/products/*/email-a-friend-preview.html",
          "/products/*/email-a-friend.html",
          "/products/*/minipip.html",
          "/products/*/pip-print.html",
          "/products/*/quicklook.html",
          "/products/*/quicklook.json",
          "/products/*/request-swatches.html",
          "/products/getDeliveryInformation.json",
          "/products/getPostalCodeCookie.json",
          "/products/getScene7Url.json",
          "/trade-signin/shopnow.html"
        ]
      }
    }
  ],
  "behaviors": [
    {
      "name": "origin",
      "options": {
        "hostname": "qa.origin-svc.potterybarn.com"
      }
    },
    {
      "name": "rewriteUrl",
      "options": {
        "behavior": "PREPEND",
        "keepQueryString": true,
        "targetPathPrepend": "/{{builtin.AK_DOMAIN}}/"
      }
    }
  ]
}