<?xml version="1.0" encoding="UTF-8"?>
<project>
  <node name="mg-int1-rk1v" description="Rundeck server node" tags="frontend,mg,int1,integration,guardrail_node" hostname="dparck-vicn019" osArch="amd64" osFamily="unix" osName="Linux" osVersion="3.10.0-1160.42.2.el7.x86_64" username="imageuser" sudo-command-enabled="true" sudo-fail-on-prompt-timeout="false"/>
  <node name="pb-int1-rk1v" description="Rundeck server node" tags="frontend,pb,int1,integration,guardrail_node" hostname="dparck-vicn194" osArch="amd64" osFamily="unix" osName="Linux" osVersion="3.10.0-1160.53.1.el7.x86_64" username="imageuser" sudo-command-enabled="true" sudo-fail-on-prompt-timeout="false"/>
  <node name="pk-int1-rk1v" description="Rundeck server node" tags="frontend,pk,int1,integration,guardrail_node" hostname="dparck-vicn060" osArch="amd64" osFamily="unix" osName="Linux" osVersion="2.6.18-274.7.1.el5" username="imageuser" sudo-command-enabled="true" sudo-fail-on-prompt-timeout="false"/>
  <node name="pt-int1-rk1v" description="Rundeck server node" tags="frontend,pt,int1,integration,guardrail_node" hostname="dparck-vicn161" osArch="amd64" osFamily="unix" osName="Linux" osVersion="3.10.0-1160.53.1.el7.x86_64" username="imageuser" sudo-command-enabled="true" sudo-fail-on-prompt-timeout="false"/>
  <node name="ws-int1-rk1v" description="Rundeck server node" tags="frontend,ws,int1,integration,guardrail_node" hostname="dparck-vicn276" osArch="amd64" osFamily="unix" osName="Linux" osVersion="3.10.0-1160.53.1.el7.x86_64" username="imageuser" sudo-command-enabled="true" sudo-fail-on-prompt-timeout="false"/>
  <node name="we-int1-rk1v" description="Rundeck server node" tags="frontend,we,int1,integration,guardrail_node" hostname="dparck-vicn260" osArch="amd64" osFamily="unix" osName="Linux" osVersion="3.10.0-1160.53.1.el7.x86_64" username="imageuser" sudo-command-enabled="true" sudo-fail-on-prompt-timeout="false"/>

  <node name="mg-int2-rk1v" description="Rundeck server node" tags="frontend,mg,int2,integration,guardrail_node" hostname="dparck-vicn024" osArch="amd64" osFamily="unix" osName="Linux" osVersion="3.10.0-1160.42.2.el7.x86_64" username="imageuser" sudo-command-enabled="true" sudo-fail-on-prompt-timeout="false"/>
  <node name="pb-int2-rk1v" description="Rundeck server node" tags="frontend,pb,int2,integration,guardrail_node" hostname="dparck-vicn195" osArch="amd64" osFamily="unix" osName="Linux" osVersion="3.10.0-1160.53.1.el7.x86_64" username="imageuser" sudo-command-enabled="true" sudo-fail-on-prompt-timeout="false"/>
  <node name="pk-int2-rk1v" description="Rundeck server node" tags="frontend,pk,int2,integration,guardrail_node" hostname="dparck-vicn046" osArch="amd64" osFamily="unix" osName="Linux" osVersion="2.6.32-573.18.1.el6.x86_64" username="imageuser" sudo-command-enabled="true" sudo-fail-on-prompt-timeout="false"/>
  <node name="pt-int2-rk1v" description="Rundeck server node" tags="frontend,pt,int2,integration,guardrail_node" hostname="dparck-vicn162" osArch="amd64" osFamily="unix" osName="Linux" osVersion="3.10.0-1160.53.1.el7.x86_64" username="imageuser" sudo-command-enabled="true" sudo-fail-on-prompt-timeout="false"/>
  <node name="we-int2-rk1v" description="Rundeck server node" tags="frontend,we,int2,integration,guardrail_node" hostname="dparck-vicn261" osArch="amd64" osFamily="unix" osName="Linux" osVersion="3.10.0-1160.53.1.el7.x86_64" username="imageuser" sudo-command-enabled="true" sudo-fail-on-prompt-timeout="false"/>
  <node name="ws-int2-rk1v" description="Rundeck server node" tags="frontend,ws,int2,integration,guardrail_node" hostname="dparck-vicn277" osArch="amd64" osFamily="unix" osName="Linux" osVersion="3.10.0-1160.53.1.el7.x86_64" username="imageuser" sudo-command-enabled="true" sudo-fail-on-prompt-timeout="false"/>

  <node name="mg-int3-rk1v" description="Rundeck server node" tags="frontend,mg,int3,integration,guardrail_node" hostname="dparck-vicn136" osArch="amd64" osFamily="unix" osName="Linux" osVersion="3.10.0-1160.90.1.el7.x86_64" username="imageuser" sudo-command-enabled="true" sudo-fail-on-prompt-timeout="false"/>
  <node name="pb-int3-rk1v" description="Rundeck server node" tags="frontend,pb,int3,integration,guardrail_node" hostname="dparck-vicn309" osArch="amd64" osFamily="unix" osName="Linux" osVersion="3.10.0-1160.90.1.el7.x86_64" username="imageuser" sudo-command-enabled="true" sudo-fail-on-prompt-timeout="false"/>
  <node name="pk-int3-rk1v" description="Rundeck server node" tags="frontend,pk,int3,integration,guardrail_node" hostname="dparck-vicn157" osArch="amd64" osFamily="unix" osName="Linux" osVersion="3.10.0-1160.90.1.el7.x86_64" username="imageuser" sudo-command-enabled="true" sudo-fail-on-prompt-timeout="false"/>
  <node name="pt-int3-rk1v" description="Rundeck server node" tags="frontend,pt,int3,integration,guardrail_node" hostname="dparck-vicn158" osArch="amd64" osFamily="unix" osName="Linux" osVersion="3.10.0-1160.90.1.el7.x86_64" username="imageuser" sudo-command-enabled="true" sudo-fail-on-prompt-timeout="false"/>
  <node name="we-int3-rk1v" description="Rundeck server node" tags="frontend,we,int3,integration,guardrail_node" hostname="dparck-vicn055" osArch="amd64" osFamily="unix" osName="Linux" osVersion="3.10.0-1160.90.1.el7.x86_64" username="imageuser" sudo-command-enabled="true" sudo-fail-on-prompt-timeout="false"/>
  <node name="ws-int3-rk1v" description="Rundeck server node" tags="frontend,ws,int3,integration,guardrail_node" hostname="dparck-vicn056" osArch="amd64" osFamily="unix" osName="Linux" osVersion="3.10.0-1160.90.1.el7.x86_64" username="imageuser" sudo-command-enabled="true" sudo-fail-on-prompt-timeout="false"/>
  <node name="rj-int3-rk1v" description="Rundeck server node" tags="frontend,rj,int3,integration,guardrail_node" hostname="dparck-vicn054" osArch="amd64" osFamily="unix" osName="Linux" osVersion="3.10.0-1160.90.1.el7.x86_64" username="imageuser" sudo-command-enabled="true" sudo-fail-on-prompt-timeout="false"/>
  <node name="gr-int3-rk1v" description="Rundeck server node" tags="frontend,gr,int3,integration,guardrail_node" hostname="dparck-vicn159" osArch="amd64" osFamily="unix" osName="Linux" osVersion="3.10.0-1160.90.1.el7.x86_64" username="imageuser" sudo-command-enabled="true" sudo-fail-on-prompt-timeout="false"/>

</project>
