<?xml version="1.0" encoding="UTF-8"?>
<project>

  <node name="cassandra-prd-rk1" description="prod datastax cassandra" tags="cassandra,datastax,prd,prdrk,rk1" hostname="cassandra-prd-rk1" osArch="amd64" osFamily="unix" osName="Linux" osVersion="2.6.32-696.3.2.el6.x86_64" username="imageuser" sudo-command-enabled="true" sudo-fail-on-prompt-timeout="false"/>
  <node name="cassandra-prd-rk2" description="prod datastax cassandra" tags="cassandra,datastax,prd,prdrk,rk2" hostname="cassandra-prd-rk2" osArch="amd64" osFamily="unix" osName="Linux" osVersion="2.6.32-696.3.2.el6.x86_64" username="imageuser" sudo-command-enabled="true" sudo-fail-on-prompt-timeout="false"/>
  <node name="cassandra-prd-rk3" description="prod datastax cassandra" tags="cassandra,datastax,prd,prdrk,rk3" hostname="cassandra-prd-rk3" osArch="amd64" osFamily="unix" osName="Linux" osVersion="2.6.32-696.3.2.el6.x86_64" username="imageuser" sudo-command-enabled="true" sudo-fail-on-prompt-timeout="false"/>
  <node name="casrck-vccn001" description="prod datastax cassandra" tags="cassandra,datastax,prd,prdrk,rk4" hostname="casrck-vccn001" osArch="x86_64" osFamily="unix" osName="Linux" osVersion="3.10.0-693.11.6.el7" username="imageuser" sudo-command-enabled="true" sudo-fail-on-prompt-timeout="false"/>
  <node name="casrck-vccn002" description="prod datastax cassandra" tags="cassandra,datastax,prd,prdrk,rk5" hostname="casrck-vccn002" osArch="x86_64" osFamily="unix" osName="Linux" osVersion="3.10.0-693.11.6.el7" username="imageuser" sudo-command-enabled="true" sudo-fail-on-prompt-timeout="false"/>
  <node name="casrck-vccn003" description="prod datastax cassandra" tags="cassandra,datastax,prd,prdrk,rk6" hostname="casrck-vccn003" osArch="x86_64" osFamily="unix" osName="Linux" osVersion="3.10.0-693.11.6.el7" username="imageuser" sudo-command-enabled="true" sudo-fail-on-prompt-timeout="false"/>
  <node name="casrck-vpcn001" description="prod datastax cassandra" tags="cassandra,datastax,prd,prdrk,rk7" hostname="cassandra-prd-rk7" osArch="x86_64" osFamily="unix" osName="Linux" osVersion="3.10.0-693.11.6.el7" username="imageuser" sudo-command-enabled="true" sudo-fail-on-prompt-timeout="false"/>
  <node name="casrck-vpcn002" description="prod datastax cassandra" tags="cassandra,datastax,prd,prdrk,rk8" hostname="cassandra-prd-rk8" osArch="x86_64" osFamily="unix" osName="Linux" osVersion="3.10.0-693.11.6.el7" username="imageuser" sudo-command-enabled="true" sudo-fail-on-prompt-timeout="false"/>

  <node name="cassandra-prd-ab1" description="prod datastax cassandra" tags="cassandra,datastax,prd,prdab,ab1" hostname="cassandra-prd-ab1" osArch="amd64" osFamily="unix" osName="Linux" osVersion="2.6.32-696.3.2.el6.x86_64" username="imageuser" sudo-command-enabled="true" sudo-fail-on-prompt-timeout="false"/>
  <node name="cassandra-prd-ab2" description="prod datastax cassandra" tags="cassandra,datastax,prd,prdab,ab2" hostname="cassandra-prd-ab2" osArch="amd64" osFamily="unix" osName="Linux" osVersion="2.6.32-696.3.2.el6.x86_64" username="imageuser" sudo-command-enabled="true" sudo-fail-on-prompt-timeout="false"/>
  <node name="cassandra-prd-ab3" description="prod datastax cassandra" tags="cassandra,datastax,prd,prdab,ab3" hostname="cassandra-prd-ab3" osArch="amd64" osFamily="unix" osName="Linux" osVersion="2.6.32-696.3.2.el6.x86_64" username="imageuser" sudo-command-enabled="true" sudo-fail-on-prompt-timeout="false"/>
  <node name="casash-vccn001" description="prod datastax cassandra" tags="cassandra,datastax,prd,prdab,ab4" hostname="casash-vccn001" osArch="x86_64" osFamily="unix" osName="Linux" osVersion="3.10.0-693.11.6.el7" username="imageuser" sudo-command-enabled="true" sudo-fail-on-prompt-timeout="false"/>
  <node name="casash-vccn002" description="prod datastax cassandra" tags="cassandra,datastax,prd,prdab,ab5" hostname="casash-vccn002" osArch="x86_64" osFamily="unix" osName="Linux" osVersion="3.10.0-693.11.6.el7" username="imageuser" sudo-command-enabled="true" sudo-fail-on-prompt-timeout="false"/>
  <node name="casash-vccn003" description="prod datastax cassandra" tags="cassandra,datastax,prd,prdab,ab6" hostname="casash-vccn003" osArch="x86_64" osFamily="unix" osName="Linux" osVersion="3.10.0-693.11.6.el7" username="imageuser" sudo-command-enabled="true" sudo-fail-on-prompt-timeout="false"/>
  <node name="casash-vpcn001" description="prod datastax cassandra" tags="cassandra,datastax,prd,prdab,ab7" hostname="cassandra-prd-ab7" osArch="x86_64" osFamily="unix" osName="Linux" osVersion="3.10.0-693.11.6.el7" username="imageuser" sudo-command-enabled="true" sudo-fail-on-prompt-timeout="false"/>
  <node name="casash-vpcn002" description="prod datastax cassandra" tags="cassandra,datastax,prd,prdab,ab8" hostname="cassandra-prd-ab8" osArch="x86_64" osFamily="unix" osName="Linux" osVersion="3.10.0-693.11.6.el7" username="imageuser" sudo-command-enabled="true" sudo-fail-on-prompt-timeout="false"/>

</project>
