MEAD-40890,ecom-jenkins-agent-22,2023-07-24 07:13,not responding (10000152s)
MEAD-40890,ecom-jenkins-agent-22,2023-07-24 07:13, online
MEAD-40934,ecom-jenkins-agent-12,2023-07-24 10:13,not responding (20000359s)
MEAD-40934,ecom-jenkins-agent-12,2023-07-24 10:23, online
MEAD-41013,ecom-jenkins-agent-22,2023-07-25 07:24,not responding (4320s)
MEAD-41013,ecom-jenkins-agent-22,2023-07-25 07:33, online
MEAD-41075,ecom-jenkins-agent-22,2023-07-25 12:54,not responding (4321s)
MEAD-41075,ecom-jenkins-agent-22,2023-07-25 13:14, online
MEAD-41167,ecom-jenkins-agent-12,2023-07-26 09:24, offline [maintains]
MEAD-41167,ecom-jenkins-agent-12,2023-07-26 11:54, online
MEAD-41192,ecom-jenkins-agent-12,2023-07-26 17:24, offline [This agent is offline because Jenkins failed to launch the agent process on it.]
MEAD-41193,ecom-jenkins-agent-13,2023-07-26 17:24, offline []
MEAD-41194,ecom-jenkins-agent-23,2023-07-26 17:24, offline []
MEAD-41195,ecom-jenkins-agent-24,2023-07-26 17:24, offline [This agent is offline because Jenkins failed to launch the agent process on it.]
MEAD-41196,sitespeedio-2,2023-07-26 17:24, offline []
MEAD-41192,ecom-jenkins-agent-12,2023-07-26 17:54, online
MEAD-41193,ecom-jenkins-agent-13,2023-07-26 17:54, online
MEAD-41194,ecom-jenkins-agent-23,2023-07-26 17:54, online
MEAD-41195,ecom-jenkins-agent-24,2023-07-26 17:54, online
MEAD-41196,sitespeedio-2,2023-07-26 17:54, online
MEAD-41199,ecom-jenkins-agent-22,2023-07-26 18:24,not responding (6122s since last status update)
MEAD-41199,ecom-jenkins-agent-22,2023-07-26 18:54, online
MEAD-41361,ecom-jenkins-agent-13,2023-07-31 08:24,not responding (6240s since last status update)
MEAD-41361,ecom-jenkins-agent-13,2023-07-31 08:48, online
MEAD-41365,ecom-jenkins-agent-13,2023-07-31 10:24,not responding (6240s since last status update)
MEAD-41365,ecom-jenkins-agent-13,2023-07-31 10:30, online
MEAD-41439,ecom-jenkins-agent-25,2023-08-02 10:24, offline [replacing power strip]
MEAD-41443,ecom-jenkins-agent-12,2023-08-02 10:54, offline [replacing power strip]
MEAD-41444,ecom-jenkins-agent-22,2023-08-02 10:54, offline [replacing power strip]
MEAD-41445,ecom-jenkins-agent-23,2023-08-02 10:54, offline [replacing power strip]
MEAD-41446,ecom-jenkins-agent-24,2023-08-02 10:54, offline [replacing power strip]
MEAD-41447,sitespeedio-1,2023-08-02 10:54, offline [replacing power strip]
MEAD-41448,sitespeedio-2,2023-08-02 10:54, offline [replacing power strip]
MEAD-41455,ecom-jenkins-agent-13,2023-08-02 12:24,not responding (8040s since last status update)
MEAD-41444,ecom-jenkins-agent-22,2023-08-02 12:24, online
MEAD-41439,ecom-jenkins-agent-25,2023-08-02 12:24, online
MEAD-41447,sitespeedio-1,2023-08-02 12:24, online
MEAD-41443,ecom-jenkins-agent-12,2023-08-02 12:54, online
MEAD-41455,ecom-jenkins-agent-13,2023-08-02 12:54, online
MEAD-41445,ecom-jenkins-agent-23,2023-08-02 12:54, online
MEAD-41446,ecom-jenkins-agent-24,2023-08-02 12:54, online
MEAD-41448,sitespeedio-2,2023-08-02 13:24, online
MEAD-41657,ecom-jenkins-agent-25,2023-08-08 10:54,not responding (7320s since last status update)
MEAD-41657,ecom-jenkins-agent-25,2023-08-08 11:54, online
MEAD-41741,ecom-jenkins-agent-24,2023-08-10 00:24, offline []
MEAD-41742,ecom-jenkins-agent-25,2023-08-10 00:24, offline [This agent is offline because Jenkins failed to launch the agent process on it.]
MEAD-41744,ecom-jenkins-agent-12,2023-08-10 00:54, offline [This agent is offline because Jenkins failed to launch the agent process on it.]
MEAD-41745,ecom-jenkins-agent-13,2023-08-10 00:54, offline []
MEAD-41746,ecom-jenkins-agent-22,2023-08-10 00:54, offline [This agent is offline because Jenkins failed to launch the agent process on it.]
MEAD-41747,ecom-jenkins-agent-23,2023-08-10 00:54, offline []
MEAD-41741,ecom-jenkins-agent-24,2023-08-10 00:54, online
MEAD-41742,ecom-jenkins-agent-25,2023-08-10 00:54, online
MEAD-41748,sitespeedio-2,2023-08-10 00:54, offline [Connection was broken
MEAD-41744,ecom-jenkins-agent-12,2023-08-10 01:24, online
MEAD-41745,ecom-jenkins-agent-13,2023-08-10 01:24, online
MEAD-41746,ecom-jenkins-agent-22,2023-08-10 01:24, online
MEAD-41747,ecom-jenkins-agent-23,2023-08-10 01:24, online
MEAD-41748,sitespeedio-2,2023-08-10 01:24, online
MEAD-41874,ecom-jenkins-agent-12,2023-08-13 12:25, offline [This agent is offline because Jenkins failed to launch the agent process on it.]
MEAD-41875,ecom-jenkins-agent-13,2023-08-13 12:25, offline []
MEAD-41876,ecom-jenkins-agent-22,2023-08-13 12:25, offline []
MEAD-41874,ecom-jenkins-agent-12,2023-08-13 12:54, online
MEAD-41875,ecom-jenkins-agent-13,2023-08-13 12:54, online
MEAD-41876,ecom-jenkins-agent-22,2023-08-13 12:54, online
MEAD-41928,ecom-jenkins-agent-23,2023-08-15 03:54, offline []
MEAD-41928,ecom-jenkins-agent-23,2023-08-15 04:24, online
MEAD-42035,sitespeedio-2,2023-08-17 03:24, offline [This agent is offline because Jenkins failed to launch the agent process on it.]
MEAD-42035,sitespeedio-2,2023-08-17 03:54, online
MEAD-42058,ecom-jenkins-agent-22,2023-08-17 15:54, offline []
MEAD-42059,ecom-jenkins-agent-24,2023-08-17 15:54, offline []
MEAD-42060,ecom-jenkins-agent-25,2023-08-17 15:54, offline [This agent is offline because Jenkins failed to launch the agent process on it.]
MEAD-42058,ecom-jenkins-agent-22,2023-08-17 16:17, online
MEAD-42061,ecom-jenkins-agent-23,2023-08-17 16:17, offline [This agent is offline because Jenkins failed to launch the agent process on it.]
MEAD-42059,ecom-jenkins-agent-24,2023-08-17 16:17, online
MEAD-42061,ecom-jenkins-agent-23,2023-08-17 16:19, online
MEAD-42060,ecom-jenkins-agent-25,2023-08-17 16:19, online
MEAD-42062,ecom-jenkins-agent-13,2023-08-17 17:24,not responding (8040s since last status update)
MEAD-42062,ecom-jenkins-agent-13,2023-08-17 20:24, online
MEAD-42207,ecom-jenkins-agent-25,2023-08-22 03:54, offline [This agent is offline because Jenkins failed to launch the agent process on it.]
MEAD-42211,ecom-jenkins-agent-13,2023-08-22 04:24, offline [This agent is offline because Jenkins failed to launch the agent process on it.]
MEAD-42212,ecom-jenkins-agent-23,2023-08-22 04:24, offline []
MEAD-42213,ecom-jenkins-agent-24,2023-08-22 04:24, offline [This agent is offline because Jenkins failed to launch the agent process on it.]
MEAD-42207,ecom-jenkins-agent-25,2023-08-22 04:24, online
MEAD-42211,ecom-jenkins-agent-13,2023-08-22 04:54, online
MEAD-42212,ecom-jenkins-agent-23,2023-08-22 04:54, online
MEAD-42213,ecom-jenkins-agent-24,2023-08-22 04:54, online
MEAD-42216,ecom-jenkins-agent-22,2023-08-22 05:24,not responding (7920s since last status update)
MEAD-42267,sitespeedio-2,2023-08-22 23:24, offline []
MEAD-42267,sitespeedio-2,2023-08-22 23:54, online
MEAD-42782,ecom-jenkins-agent-24,2023-08-30 15:54, offline [Connection was broken
MEAD-42783,ecom-jenkins-agent-25,2023-08-30 15:54, offline []
MEAD-42787,ecom-jenkins-agent-23,2023-08-30 16:24, offline [This agent is offline because Jenkins failed to launch the agent process on it.]
MEAD-42782,ecom-jenkins-agent-24,2023-08-30 16:24, online
MEAD-42783,ecom-jenkins-agent-25,2023-08-30 16:24, online
MEAD-42787,ecom-jenkins-agent-23,2023-08-30 16:54, online
MEAD-43002,ecom-jenkins-agent-24,2023-09-03 00:54, offline [This agent is offline because Jenkins failed to launch the agent process on it.]
MEAD-43002,ecom-jenkins-agent-24,2023-09-03 01:24, online
MEAD-43012,sitespeedio-2,2023-09-03 10:24, offline [This agent is offline because Jenkins failed to launch the agent process on it.]
MEAD-43012,sitespeedio-2,2023-09-03 10:54, online
MEAD-43041,sitespeedio-2,2023-09-04 03:54, offline [Connection was broken
MEAD-43041,sitespeedio-2,2023-09-04 05:24, online
MEAD-43043,sitespeedio-2,2023-09-04 05:54, offline [Connection was broken
MEAD-43043,sitespeedio-2,2023-09-04 06:54, online
MEAD-43048,sitespeedio-2,2023-09-04 11:24,not responding (8521s since last status update)
MEAD-43069,ecom-jenkins-agent-12,2023-09-05 02:24, offline [This agent is offline because Jenkins failed to launch the agent process on it.]
MEAD-43070,ecom-jenkins-agent-13,2023-09-05 02:24, offline []
MEAD-43071,ecom-jenkins-agent-23,2023-09-05 02:24, offline []
MEAD-43069,ecom-jenkins-agent-12,2023-09-05 02:54, online
MEAD-43070,ecom-jenkins-agent-13,2023-09-05 02:54, online
MEAD-43071,ecom-jenkins-agent-23,2023-09-05 02:54, online
MEAD-42216,ecom-jenkins-agent-22,2023-09-05 06:52, online
MEAD-43048,sitespeedio-2,2023-09-05 07:14, online
MEAD-43119,ecom-jenkins-agent-22,2023-09-06 12:24,not responding (7921s since last status update)
MEAD-43119,ecom-jenkins-agent-22,2023-09-06 15:14, online
MEAD-43267,ecom-jenkins-agent-24,2023-09-09 16:24, offline [This agent is offline because Jenkins failed to launch the agent process on it.]
MEAD-43267,ecom-jenkins-agent-24,2023-09-09 16:54, online
MEAD-43280,sitespeedio-1,2023-09-10 03:24,not responding (8279s since last status update)
MEAD-43280,sitespeedio-1,2023-09-10 13:54, online
MEAD-43325,ecom-jenkins-agent-22,2023-09-11 02:54, offline [This agent is offline because Jenkins failed to launch the agent process on it.]
MEAD-43325,ecom-jenkins-agent-22,2023-09-11 03:24, online
MEAD-43464,ecom-jenkins-agent-22,2023-09-13 15:24,not responding (7920s since last status update)
MEAD-43464,ecom-jenkins-agent-22,2023-09-13 16:17, online
MEAD-43486,ecom-jenkins-agent-22,2023-09-14 00:24,not responding (7920s since last status update)
MEAD-43487,ecom-jenkins-agent-24,2023-09-14 00:24,not responding (9719s since last status update)
MEAD-43486,ecom-jenkins-agent-22,2023-09-14 01:54, online
MEAD-43487,ecom-jenkins-agent-24,2023-09-14 02:24, online
MEAD-43507,ecom-jenkins-agent-22,2023-09-14 03:54,not responding (10920s since last status update)
MEAD-43508,ecom-jenkins-agent-13,2023-09-14 04:54,not responding (9840s since last status update)
MEAD-43507,ecom-jenkins-agent-22,2023-09-14 04:54, online
MEAD-43509,ecom-jenkins-agent-23,2023-09-14 04:54,not responding (8880s since last status update)
MEAD-43510,ecom-jenkins-agent-24,2023-09-14 04:54,not responding (7920s since last status update)
MEAD-43508,ecom-jenkins-agent-13,2023-09-14 05:54, online
MEAD-43509,ecom-jenkins-agent-23,2023-09-14 05:54, online
MEAD-43510,ecom-jenkins-agent-24,2023-09-14 05:54, online
MEAD-43522,ecom-jenkins-agent-22,2023-09-14 07:54, offline []
MEAD-43522,ecom-jenkins-agent-22,2023-09-14 08:24, online
MEAD-43868,ecom-jenkins-agent-22,2023-09-19 16:24, offline [This agent is offline because Jenkins failed to launch the agent process on it.]
MEAD-43869,ecom-jenkins-agent-23,2023-09-19 16:24, offline []
MEAD-43870,ecom-jenkins-agent-24,2023-09-19 16:24, offline [This agent is offline because Jenkins failed to launch the agent process on it.]
MEAD-43871,ecom-jenkins-agent-25,2023-09-19 16:24, offline [This agent is offline because Jenkins failed to launch the agent process on it.]
MEAD-43872,sitespeedio-2,2023-09-19 16:24, offline []
MEAD-43868,ecom-jenkins-agent-22,2023-09-19 16:54, online
MEAD-43869,ecom-jenkins-agent-23,2023-09-19 16:54, online
MEAD-43870,ecom-jenkins-agent-24,2023-09-19 16:54, online
MEAD-43871,ecom-jenkins-agent-25,2023-09-19 16:54, online
MEAD-43872,sitespeedio-2,2023-09-19 16:54, online
MEAD-44158,ecom-jenkins-agent-23,2023-09-23 21:24,not responding (8880s since last status update)
MEAD-44158,ecom-jenkins-agent-23,2023-09-25 08:54, online
MEAD-44237,ecom-jenkins-agent-13,2023-09-26 10:24, offline []
MEAD-44237,ecom-jenkins-agent-13,2023-09-26 10:54, online
MEAD-44239,sitespeedio-2,2023-09-26 10:54, offline [This agent is offline because Jenkins failed to launch the agent process on it.]
MEAD-44239,sitespeedio-2,2023-09-26 11:24, online
MEAD-44411,ecom-jenkins-agent-25,2023-09-27 23:24, offline []
MEAD-44417,ecom-jenkins-agent-12,2023-09-27 23:54, offline [This agent is offline because Jenkins failed to launch the agent process on it.]
MEAD-44411,ecom-jenkins-agent-25,2023-09-27 23:54, online
MEAD-44417,ecom-jenkins-agent-12,2023-09-28 00:24, online
MEAD-44425,ecom-jenkins-agent-13,2023-09-28 00:54, offline [This agent is offline because Jenkins failed to launch the agent process on it.]
MEAD-44435,ecom-jenkins-agent-22,2023-09-28 01:24,not responding (9120s since last status update)
MEAD-44436,ecom-jenkins-agent-24,2023-09-28 01:24, offline []
MEAD-44425,ecom-jenkins-agent-13,2023-09-28 02:24, online
MEAD-44436,ecom-jenkins-agent-24,2023-09-28 02:54, online
MEAD-44473,ecom-jenkins-agent-12,2023-09-28 05:24,not responding (13619s since last status update)
MEAD-44473,ecom-jenkins-agent-12,2023-10-02 07:54, online
MEAD-44435,ecom-jenkins-agent-22,2023-10-02 07:58, online
