<?xml version="1.0" encoding="UTF-8"?>
<project>

  <node name="rj-cadev1-sac1"  description="Rundeck server node" tags="frontend,rj,cadev1,ca1,cadev1-rj,guardrail_node" hostname="dparck-vicn144" osArch="amd64" osFamily="unix" osName="Linux" osVersion="3.10.0-693.17.1.el7.x86_64"  username="imageuser" sudo-command-enabled="true" sudo-fail-on-prompt-timeout="false"/>

  <node name="pb-caqa11-rk1v"  description="Rundeck server node" tags="frontend,pb,caqa11,caqa11-pb" hostname="dparck-vicn094" osArch="amd64" osFamily="unix" osName="Linux" osVersion="3.10.0-693.17.1.el7.x86_64"  username="imageuser" sudo-command-enabled="true" sudo-fail-on-prompt-timeout="false"/>
  <node name="pk-caqa11-rk1v"  description="Rundeck server node" tags="frontend,pk,caqa11,caqa11-pk" hostname="dparck-vicn095" osArch="amd64" osFamily="unix" osName="Linux" osVersion="3.10.0-693.17.1.el7.x86_64"  username="imageuser" sudo-command-enabled="true" sudo-fail-on-prompt-timeout="false"/>
  <node name="pt-caqa11-rk1v"  description="Rundeck server node" tags="frontend,pt,caqa11,caqa11-pt" hostname="dparck-vicn208" osArch="amd64" osFamily="unix" osName="Linux" osVersion="3.10.0-693.17.1.el7.x86_64"  username="imageuser" sudo-command-enabled="true" sudo-fail-on-prompt-timeout="false"/>
  <node name="we-caqa11-rk1v"  description="Rundeck server node" tags="frontend,we,caqa11,caqa11-we" hostname="dparck-vicn096" osArch="amd64" osFamily="unix" osName="Linux" osVersion="3.10.0-693.17.1.el7.x86_64"  username="imageuser" sudo-command-enabled="true" sudo-fail-on-prompt-timeout="false"/>
  <node name="ws-caqa11-rk1v"  description="Rundeck server node" tags="frontend,ws,caqa11,caqa11-ws" hostname="dparck-vicn097" osArch="amd64" osFamily="unix" osName="Linux" osVersion="3.10.0-693.17.1.el7.x86_64"  username="imageuser" sudo-command-enabled="true" sudo-fail-on-prompt-timeout="false"/>

  <node name="pb-caqa31-rk1v"  description="Rundeck server node" tags="frontend,pb,caqa31,caqa31-pb" hostname="dparck-vicn105" osArch="amd64" osFamily="unix" osName="Linux" osVersion="3.10.0-693.17.1.el7.x86_64"  username="imageuser" sudo-command-enabled="true" sudo-fail-on-prompt-timeout="false"/>
  <node name="pk-caqa31-rk1v"  description="Rundeck server node" tags="frontend,pk,caqa31,caqa31-pk" hostname="dparck-vicn051" osArch="amd64" osFamily="unix" osName="Linux" osVersion="3.10.0-693.17.1.el7.x86_64"  username="imageuser" sudo-command-enabled="true" sudo-fail-on-prompt-timeout="false"/>
  <node name="pt-caqa31-rk1v"  description="Rundeck server node" tags="frontend,pt,caqa31,caqa31-pt" hostname="dparck-vicn209" osArch="amd64" osFamily="unix" osName="Linux" osVersion="3.10.0-693.17.1.el7.x86_64"  username="imageuser" sudo-command-enabled="true" sudo-fail-on-prompt-timeout="false"/>
  <node name="we-caqa31-rk1v"  description="Rundeck server node" tags="frontend,we,caqa31,caqa31-we" hostname="dparck-vicn050" osArch="amd64" osFamily="unix" osName="Linux" osVersion="3.10.0-693.17.1.el7.x86_64"  username="imageuser" sudo-command-enabled="true" sudo-fail-on-prompt-timeout="false"/>
  <node name="ws-caqa31-rk1v"  description="Rundeck server node" tags="frontend,ws,caqa31,caqa31-ws" hostname="dparck-vicn116" osArch="amd64" osFamily="unix" osName="Linux" osVersion="3.10.0-693.17.1.el7.x86_64"  username="imageuser" sudo-command-enabled="true" sudo-fail-on-prompt-timeout="false"/>

  <node name="pb-cargs1-rk1v"  description="Rundeck server node" tags="frontend,pb,cargs1,cargs1-pb" hostname="dparck-vicn035" osArch="amd64" osFamily="unix" osName="Linux" osVersion="3.10.0-693.17.1.el7.x86_64"  username="imageuser" sudo-command-enabled="true" sudo-fail-on-prompt-timeout="false"/>
  <node name="pk-cargs1-rk1v"  description="Rundeck server node" tags="frontend,pk,cargs1,cargs1-pk" hostname="dparck-vicn036" osArch="amd64" osFamily="unix" osName="Linux" osVersion="3.10.0-693.17.1.el7.x86_64"  username="imageuser" sudo-command-enabled="true" sudo-fail-on-prompt-timeout="false"/>
  <node name="pt-cargs1-rk1v"  description="Rundeck server node" tags="frontend,pt,cargs1,cargs1-pt" hostname="dparck-vicn206" osArch="amd64" osFamily="unix" osName="Linux" osVersion="3.10.0-693.17.1.el7.x86_64"  username="imageuser" sudo-command-enabled="true" sudo-fail-on-prompt-timeout="false"/>
  <node name="we-cargs1-rk1v"  description="Rundeck server node" tags="frontend,we,cargs1,cargs1-we" hostname="dparck-vicn038" osArch="amd64" osFamily="unix" osName="Linux" osVersion="3.10.0-693.17.1.el7.x86_64"  username="imageuser" sudo-command-enabled="true" sudo-fail-on-prompt-timeout="false"/>
  <node name="ws-cargs1-rk1v"  description="Rundeck server node" tags="frontend,ws,cargs1,cargs1-ws" hostname="dparck-vicn039" osArch="amd64" osFamily="unix" osName="Linux" osVersion="3.10.0-693.17.1.el7.x86_64"  username="imageuser" sudo-command-enabled="true" sudo-fail-on-prompt-timeout="false"/>
  <node name="mg-cargs1-rk1v"  description="Rundeck server node" tags="frontend,mg,cargs1,cargs1-mg" hostname="dparck-vicn081" osArch="amd64" osFamily="unix" osName="Linux" osVersion="3.10.0-693.17.1.el7.x86_64"  username="imageuser" sudo-command-enabled="true" sudo-fail-on-prompt-timeout="false"/>
  <node name="rj-cargs1-rk1v"  description="Rundeck server node" tags="frontend,rj,cargs1,cargs1-rj" hostname="dparck-vicn082" osArch="amd64" osFamily="unix" osName="Linux" osVersion="3.10.0-693.17.1.el7.x86_64"  username="imageuser" sudo-command-enabled="true" sudo-fail-on-prompt-timeout="false"/>

  <node name="pb-caqa10-rk1v"  description="Rundeck server node" tags="frontend,pb,caqa10,caqa10-pb" hostname="dparck-vicn090" osArch="amd64" osFamily="unix" osName="Linux" osVersion="3.10.0-693.17.1.el7.x86_64"  username="imageuser" sudo-command-enabled="true" sudo-fail-on-prompt-timeout="false"/>
  <node name="pk-caqa10-rk1v"  description="Rundeck server node" tags="frontend,pk,caqa10,caqa10-pk" hostname="dparck-vicn091" osArch="amd64" osFamily="unix" osName="Linux" osVersion="3.10.0-693.17.1.el7.x86_64"  username="imageuser" sudo-command-enabled="true" sudo-fail-on-prompt-timeout="false"/>
  <node name="pt-caqa10-rk1v"  description="Rundeck server node" tags="frontend,pt,caqa10,caqa10-pt" hostname="dparck-vicn207" osArch="amd64" osFamily="unix" osName="Linux" osVersion="3.10.0-693.17.1.el7.x86_64"  username="imageuser" sudo-command-enabled="true" sudo-fail-on-prompt-timeout="false"/>
  <node name="we-caqa10-rk1v"  description="Rundeck server node" tags="frontend,we,caqa10,caqa10-we" hostname="dparck-vicn092" osArch="amd64" osFamily="unix" osName="Linux" osVersion="3.10.0-693.17.1.el7.x86_64"  username="imageuser" sudo-command-enabled="true" sudo-fail-on-prompt-timeout="false"/>
  <node name="ws-caqa10-rk1v"  description="Rundeck server node" tags="frontend,ws,caqa10,caqa10-ws" hostname="dparck-vicn093" osArch="amd64" osFamily="unix" osName="Linux" osVersion="3.10.0-693.17.1.el7.x86_64"  username="imageuser" sudo-command-enabled="true" sudo-fail-on-prompt-timeout="false"/>

  <node name="pb-cauat1-rk1v"  description="Rundeck server node" tags="frontend,pb,cauat1,cauat1-pb" hostname="dparck-vicn101" osArch="amd64" osFamily="unix" osName="Linux" osVersion="3.10.0-693.17.1.el7.x86_64"  username="imageuser" sudo-command-enabled="true" sudo-fail-on-prompt-timeout="false"/>
  <node name="pk-cauat1-rk1v"  description="Rundeck server node" tags="frontend,pk,cauat1,cauat1-pk" hostname="dparck-vicn088" osArch="amd64" osFamily="unix" osName="Linux" osVersion="3.10.0-693.17.1.el7.x86_64"  username="imageuser" sudo-command-enabled="true" sudo-fail-on-prompt-timeout="false"/>
  <node name="pt-cauat1-rk1v"  description="Rundeck server node" tags="frontend,pt,cauat1,cauat1-pt" hostname="dparck-vicn210" osArch="amd64" osFamily="unix" osName="Linux" osVersion="3.10.0-693.17.1.el7.x86_64"  username="imageuser" sudo-command-enabled="true" sudo-fail-on-prompt-timeout="false"/>
  <node name="we-cauat1-rk1v"  description="Rundeck server node" tags="frontend,we,cauat1,cauat1-we" hostname="dparck-vicn102" osArch="amd64" osFamily="unix" osName="Linux" osVersion="3.10.0-693.17.1.el7.x86_64"  username="imageuser" sudo-command-enabled="true" sudo-fail-on-prompt-timeout="false"/>
  <node name="ws-cauat1-rk1v"  description="Rundeck server node" tags="frontend,ws,cauat1,cauat1-ws" hostname="dparck-vicn103" osArch="amd64" osFamily="unix" osName="Linux" osVersion="3.10.0-693.17.1.el7.x86_64"  username="imageuser" sudo-command-enabled="true" sudo-fail-on-prompt-timeout="false"/>

  <node name="pb-cauat2-rk1v"  description="Rundeck server node" tags="frontend,pb,cauat2,cauat2-pb" hostname="dparck-vicn104" osArch="amd64" osFamily="unix" osName="Linux" osVersion="3.10.0-693.17.1.el7.x86_64"  username="imageuser" sudo-command-enabled="true" sudo-fail-on-prompt-timeout="false"/>
  <node name="pk-cauat2-rk1v"  description="Rundeck server node" tags="frontend,pk,cauat2,cauat2-pk" hostname="dparck-vicn034" osArch="amd64" osFamily="unix" osName="Linux" osVersion="3.10.0-693.17.1.el7.x86_64"  username="imageuser" sudo-command-enabled="true" sudo-fail-on-prompt-timeout="false"/>
  <node name="pt-cauat2-rk1v"  description="Rundeck server node" tags="frontend,pt,cauat2,cauat2-pt" hostname="dparck-vicn211" osArch="amd64" osFamily="unix" osName="Linux" osVersion="3.10.0-693.17.1.el7.x86_64"  username="imageuser" sudo-command-enabled="true" sudo-fail-on-prompt-timeout="false"/>
  <node name="we-cauat2-rk1v"  description="Rundeck server node" tags="frontend,we,cauat2,cauat2-we" hostname="dparck-vicn041" osArch="amd64" osFamily="unix" osName="Linux" osVersion="3.10.0-693.17.1.el7.x86_64"  username="imageuser" sudo-command-enabled="true" sudo-fail-on-prompt-timeout="false"/>
  <node name="ws-cauat2-rk1v"  description="Rundeck server node" tags="frontend,ws,cauat2,cauat2-ws" hostname="dparck-vicn048" osArch="amd64" osFamily="unix" osName="Linux" osVersion="3.10.0-693.17.1.el7.x86_64"  username="imageuser" sudo-command-enabled="true" sudo-fail-on-prompt-timeout="false"/>

  <node name="pb-cauat3-rk1v"  description="Rundeck server node" tags="frontend,pb,cauat3,cauat3-pb" hostname="dparck-vicn037" osArch="amd64" osFamily="unix" osName="Linux" osVersion="3.10.0-693.17.1.el7.x86_64"  username="imageuser" sudo-command-enabled="true" sudo-fail-on-prompt-timeout="false"/>
  <node name="pk-cauat3-rk1v"  description="Rundeck server node" tags="frontend,pk,cauat3,cauat3-pk" hostname="dparck-vicn106" osArch="amd64" osFamily="unix" osName="Linux" osVersion="3.10.0-693.17.1.el7.x86_64"  username="imageuser" sudo-command-enabled="true" sudo-fail-on-prompt-timeout="false"/>
  <node name="pt-cauat3-rk1v"  description="Rundeck server node" tags="frontend,pt,cauat3,cauat3-pt" hostname="dparck-vicn212" osArch="amd64" osFamily="unix" osName="Linux" osVersion="3.10.0-693.17.1.el7.x86_64"  username="imageuser" sudo-command-enabled="true" sudo-fail-on-prompt-timeout="false"/>
  <node name="we-cauat3-rk1v"  description="Rundeck server node" tags="frontend,we,cauat3,cauat3-we" hostname="dparck-vicn107" osArch="amd64" osFamily="unix" osName="Linux" osVersion="3.10.0-693.17.1.el7.x86_64"  username="imageuser" sudo-command-enabled="true" sudo-fail-on-prompt-timeout="false"/>
  <node name="ws-cauat3-rk1v"  description="Rundeck server node" tags="frontend,ws,cauat3,cauat3-ws" hostname="dparck-vicn089" osArch="amd64" osFamily="unix" osName="Linux" osVersion="3.10.0-693.17.1.el7.x86_64"  username="imageuser" sudo-command-enabled="true" sudo-fail-on-prompt-timeout="false"/>
  <node name="mg-cauat3-rk1v"  description="Rundeck server node" tags="frontend,cauat3,mg,cauat3-mg" hostname="dparck-vicn127" osArch="amd64" osFamily="unix" osName="Linux" osVersion="3.10.0-693.17.1.el7.x86_64"  username="imageuser" sudo-command-enabled="true" sudo-fail-on-prompt-timeout="false"/>
  <node name="rj-cauat3-rk1v"  description="Rundeck server node" tags="frontend,cauat3,rj,cauat3-rj" hostname="dparck-vicn128" osArch="amd64" osFamily="unix" osName="Linux" osVersion="3.10.0-693.17.1.el7.x86_64"  username="imageuser" sudo-command-enabled="true" sudo-fail-on-prompt-timeout="false"/>

  <node name="pb-cauat4-rk1v"  description="Rundeck server node" tags="frontend,pb,cauat4,cauat4-pb" hostname="dparck-vicn109" osArch="amd64" osFamily="unix" osName="Linux" osVersion="3.10.0-693.17.1.el7.x86_64"  username="imageuser" sudo-command-enabled="true" sudo-fail-on-prompt-timeout="false"/>
  <node name="pk-cauat4-rk1v"  description="Rundeck server node" tags="frontend,pk,cauat4,cauat4-pk" hostname="dparck-vicn112" osArch="amd64" osFamily="unix" osName="Linux" osVersion="3.10.0-693.17.1.el7.x86_64"  username="imageuser" sudo-command-enabled="true" sudo-fail-on-prompt-timeout="false"/>
  <node name="pt-cauat4-rk1v"  description="Rundeck server node" tags="frontend,pt,cauat4,cauat4-pt" hostname="dparck-vicn213" osArch="amd64" osFamily="unix" osName="Linux" osVersion="3.10.0-693.17.1.el7.x86_64"  username="imageuser" sudo-command-enabled="true" sudo-fail-on-prompt-timeout="false"/>
  <node name="we-cauat4-rk1v"  description="Rundeck server node" tags="frontend,we,cauat4,cauat4-we" hostname="dparck-vicn111" osArch="amd64" osFamily="unix" osName="Linux" osVersion="3.10.0-693.17.1.el7.x86_64"  username="imageuser" sudo-command-enabled="true" sudo-fail-on-prompt-timeout="false"/>
  <node name="ws-cauat4-rk1v"  description="Rundeck server node" tags="frontend,ws,cauat4,cauat4-ws" hostname="dparck-vicn110" osArch="amd64" osFamily="unix" osName="Linux" osVersion="3.10.0-693.17.1.el7.x86_64"  username="imageuser" sudo-command-enabled="true" sudo-fail-on-prompt-timeout="false"/>

  <node name="pb-cauat6-rk1v"  description="Rundeck server node" tags="frontend,pb,cauat6,cauat6-pb" hostname="dparck-vicn108" osArch="amd64" osFamily="unix" osName="Linux" osVersion="3.10.0-693.17.1.el7.x86_64"  username="imageuser" sudo-command-enabled="true" sudo-fail-on-prompt-timeout="false"/>
  <node name="pk-cauat6-rk1v"  description="Rundeck server node" tags="frontend,pk,cauat6,cauat6-pk" hostname="dparck-vicn113" osArch="amd64" osFamily="unix" osName="Linux" osVersion="3.10.0-693.17.1.el7.x86_64"  username="imageuser" sudo-command-enabled="true" sudo-fail-on-prompt-timeout="false"/>
  <node name="pt-cauat6-rk1v"  description="Rundeck server node" tags="frontend,pt,cauat6,cauat6-pt" hostname="dparck-vicn214" osArch="amd64" osFamily="unix" osName="Linux" osVersion="3.10.0-693.17.1.el7.x86_64"  username="imageuser" sudo-command-enabled="true" sudo-fail-on-prompt-timeout="false"/>
  <node name="we-cauat6-rk1v"  description="Rundeck server node" tags="frontend,we,cauat6,cauat6-we" hostname="dparck-vicn114" osArch="amd64" osFamily="unix" osName="Linux" osVersion="3.10.0-693.17.1.el7.x86_64"  username="imageuser" sudo-command-enabled="true" sudo-fail-on-prompt-timeout="false"/>
  <node name="ws-cauat6-rk1v"  description="Rundeck server node" tags="frontend,ws,cauat6,cauat6-ws" hostname="dparck-vicn115" osArch="amd64" osFamily="unix" osName="Linux" osVersion="3.10.0-693.17.1.el7.x86_64"  username="imageuser" sudo-command-enabled="true" sudo-fail-on-prompt-timeout="false"/>

  <node name="pb-cauat7-rk1v" description="Rundeck server node" tags="frontend,cauat7,pb,cauat7-pb" hostname="dparck-vicn203" osArch="amd64" osFamily="unix" osName="Linux" osVersion="3.10.0-862.3.2.el7" username="imageuser" sudo-command-enabled="true" sudo-fail-on-prompt-timeout="false"/>
  <node name="pk-cauat7-rk1v" description="Rundeck server node" tags="frontend,cauat7,pk,cauat7-pk" hostname="dparck-vicn204" osArch="amd64" osFamily="unix" osName="Linux" osVersion="3.10.0-862.3.2.el7" username="imageuser" sudo-command-enabled="true" sudo-fail-on-prompt-timeout="false"/>
  <node name="pt-cauat7-rk1v" description="Rundeck server node" tags="frontend,cauat7,pt,cauat7-pt" hostname="dparck-vicn273" osArch="amd64" osFamily="unix" osName="Linux" osVersion="3.10.0-862.3.2.el7" username="imageuser" sudo-command-enabled="true" sudo-fail-on-prompt-timeout="false"/>
  <node name="we-cauat7-rk1v" description="Rundeck server node" tags="frontend,cauat7,we,cauat7-we" hostname="dparck-vicn274" osArch="amd64" osFamily="unix" osName="Linux" osVersion="3.10.0-862.3.2.el7" username="imageuser" sudo-command-enabled="true" sudo-fail-on-prompt-timeout="false"/>
  <node name="ws-cauat7-rk1v" description="Rundeck server node" tags="frontend,cauat7,ws,cauat7-ws" hostname="dparck-vicn275" osArch="amd64" osFamily="unix" osName="Linux" osVersion="3.10.0-862.3.2.el7" username="imageuser" sudo-command-enabled="true" sudo-fail-on-prompt-timeout="false"/>

  <node name="pb-cabpv-rk1v"  description="Rundeck server node" tags="frontend,pb,cabpv,guardrail_node" hostname="dparck-vicn132" osArch="amd64" osFamily="unix" osName="Linux" osVersion="3.10.0-693.17.1.el7.x86_64"  username="imageuser" sudo-command-enabled="true" sudo-fail-on-prompt-timeout="false"/>
  <node name="pk-cabpv-rk1v"  description="Rundeck server node" tags="frontend,pk,cabpv,guardrail_node" hostname="dparck-vicn133" osArch="amd64" osFamily="unix" osName="Linux" osVersion="3.10.0-693.17.1.el7.x86_64"  username="imageuser" sudo-command-enabled="true" sudo-fail-on-prompt-timeout="false"/>
  <node name="pt-cabpv-rk1v"  description="Rundeck server node" tags="frontend,pt,cabpv,cabpv-pt,guardrail_node" hostname="dparck-vicn215" osArch="amd64" osFamily="unix" osName="Linux" osVersion="3.10.0-693.17.1.el7.x86_64"  username="imageuser" sudo-command-enabled="true" sudo-fail-on-prompt-timeout="false"/>
  <node name="we-cabpv-rk1v"  description="Rundeck server node" tags="frontend,we,cabpv,guardrail_node" hostname="dparck-vicn134" osArch="amd64" osFamily="unix" osName="Linux" osVersion="3.10.0-693.17.1.el7.x86_64"  username="imageuser" sudo-command-enabled="true" sudo-fail-on-prompt-timeout="false"/>
  <node name="ws-cabpv-rk1v"  description="Rundeck server node" tags="frontend,ws,cabpv,guardrail_node" hostname="dparck-vicn135" osArch="amd64" osFamily="unix" osName="Linux" osVersion="3.10.0-693.17.1.el7.x86_64"  username="imageuser" sudo-command-enabled="true" sudo-fail-on-prompt-timeout="false"/>
  <node name="mg-cabpv-rk1v"  description="Rundeck server node" tags="frontend,mg,cabpv,guardrail_node" hostname="efesac-vicn073" osArch="amd64" osFamily="unix" osName="Linux" osVersion="3.10.0-693.17.1.el7.x86_64"  username="imageuser" sudo-command-enabled="true" sudo-fail-on-prompt-timeout="false"/>
  <node name="rj-cabpv-rk1v"  description="Rundeck server node" tags="frontend,rj,cabpv,guardrail_node" hostname="efesac-vicn074" osArch="amd64" osFamily="unix" osName="Linux" osVersion="3.10.0-693.17.1.el7.x86_64"  username="imageuser" sudo-command-enabled="true" sudo-fail-on-prompt-timeout="false"/>
  <node name="mg-caperf-rk1v"  description="Rundeck server node" tags="frontend,mg,caperf,caperf-mg" hostname="dparck-vicn147" osArch="amd64" osFamily="unix" osName="Linux" osVersion="3.10.0-693.17.1.el7.x86_64"  username="imageuser" sudo-command-enabled="true" sudo-fail-on-prompt-timeout="false"/>
  <node name="pb-caperf-rk1v"  description="Rundeck server node" tags="frontend,pb,caperf,caperf-pb" hostname="dparck-vicn052" osArch="amd64" osFamily="unix" osName="Linux" osVersion="3.10.0-693.17.1.el7.x86_64"  username="imageuser" sudo-command-enabled="true" sudo-fail-on-prompt-timeout="false"/>
  <node name="pk-caperf-rk1v"  description="Rundeck server node" tags="frontend,pk,caperf,caperf-pk" hostname="dparck-vicn100" osArch="amd64" osFamily="unix" osName="Linux" osVersion="3.10.0-693.17.1.el7.x86_64"  username="imageuser" sudo-command-enabled="true" sudo-fail-on-prompt-timeout="false"/>
  <node name="pt-caperf-rk1v"  description="Rundeck server node" tags="frontend,pt,caperf,caperf-pt" hostname="dparck-vicn216" osArch="amd64" osFamily="unix" osName="Linux" osVersion="3.10.0-693.17.1.el7.x86_64"  username="imageuser" sudo-command-enabled="true" sudo-fail-on-prompt-timeout="false"/>
  <node name="we-caperf-rk1v"  description="Rundeck server node" tags="frontend,we,caperf,caperf-we" hostname="dparck-vicn099" osArch="amd64" osFamily="unix" osName="Linux" osVersion="3.10.0-693.17.1.el7.x86_64"  username="imageuser" sudo-command-enabled="true" sudo-fail-on-prompt-timeout="false"/>
  <node name="ws-caperf-rk1v"  description="Rundeck server node" tags="frontend,ws,caperf,caperf-ws" hostname="dparck-vicn098" osArch="amd64" osFamily="unix" osName="Linux" osVersion="3.10.0-693.17.1.el7.x86_64"  username="imageuser" sudo-command-enabled="true" sudo-fail-on-prompt-timeout="false"/>

</project>

