<?xml version="1.0" encoding="UTF-8"?>
<project>
  <node name="mg-ecmauth-prd-rk1v" description="mg ecm prd author node" tags="ecm,mg,prd,prdrk,author,ecmauth,ecm-author" hostname="mg-ecmauth-prd-rk1v" osArch="amd64" osFamily="unix" osName="Linux" osVersion="2.6.18-274.7.1.el5" username="imageuser" sudo-command-enabled="true" sudo-fail-on-prompt-timeout="false"/>
  <node name="mg-ecmpub-prd-rk1v" description="mg ecm prd publish node" tags="ecm,mg,prd,prdrk,publish,ecmpub,ecm-publish" hostname="mg-ecmpub-prd-rk1v" osArch="amd64" osFamily="unix" osName="Linux" osVersion="2.6.18-274.7.1.el5" username="imageuser" sudo-command-enabled="true" sudo-fail-on-prompt-timeout="false"/>
  <node name="pb-ecmauth-prd-rk1v" description="pb ecm prd author node" tags="ecm,pb,prd,prdrk,author,ecmauth,ecm-author" hostname="pb-ecmauth-prd-rk1v" osArch="amd64" osFamily="unix" osName="Linux" osVersion="2.6.18-274.7.1.el5" username="imageuser" sudo-command-enabled="true" sudo-fail-on-prompt-timeout="false"/>
  <node name="pb-ecmpub-prd-rk1v" description="pb ecm prd publish node" tags="ecm,pb,prd,prdrk,publish,ecmpub,ecm-publish" hostname="pb-ecmpub-prd-rk1v" osArch="amd64" osFamily="unix" osName="Linux" osVersion="2.6.18-274.7.1.el5" username="imageuser" sudo-command-enabled="true" sudo-fail-on-prompt-timeout="false"/>
  <node name="pk-ecmauth-prd-rk1v" description="pk ecm prd author node" tags="ecm,pk,prd,prdrk,author,ecmauth,ecm-author" hostname="pk-ecmauth-prd-rk1v" osArch="amd64" osFamily="unix" osName="Linux" osVersion="2.6.18-274.7.1.el5" username="imageuser" sudo-command-enabled="true" sudo-fail-on-prompt-timeout="false"/>
  <node name="pk-ecmpub-prd-rk1v" description="pk ecm prd publish node" tags="ecm,pk,prd,prdrk,publish,ecmpub,ecm-publish" hostname="pk-ecmpub-prd-rk1v" osArch="amd64" osFamily="unix" osName="Linux" osVersion="2.6.18-274.7.1.el5" username="imageuser" sudo-command-enabled="true" sudo-fail-on-prompt-timeout="false"/>
  <node name="pt-ecmauth-prd-rk1v" description="pt ecm prd author node" tags="ecm,pt,prd,prdrk,author,ecmauth,ecm-author" hostname="pt-ecmauth-prd-rk1v" osArch="amd64" osFamily="unix" osName="Linux" osVersion="2.6.18-274.7.1.el5" username="imageuser" sudo-command-enabled="true" sudo-fail-on-prompt-timeout="false"/>
  <node name="pt-ecmpub-prd-rk1v" description="pt ecm prd publish node" tags="ecm,pt,prd,prdrk,publish,ecmpub,ecm-publish" hostname="pt-ecmpub-prd-rk1v" osArch="amd64" osFamily="unix" osName="Linux" osVersion="2.6.18-274.7.1.el5" username="imageuser" sudo-command-enabled="true" sudo-fail-on-prompt-timeout="false"/>
  <node name="we-ecmauth-prd-rk1v" description="we ecm prd author node" tags="ecm,we,prd,prdrk,author,ecmauth,ecm-author" hostname="we-ecmauth-prd-rk1v" osArch="amd64" osFamily="unix" osName="Linux" osVersion="2.6.18-274.7.1.el5" username="imageuser" sudo-command-enabled="true" sudo-fail-on-prompt-timeout="false"/>
  <node name="we-ecmpub-prd-rk1v" description="we ecm prd publish node" tags="ecm,we,prd,prdrk,publish,ecmpub,ecm-publish" hostname="we-ecmpub-prd-rk1v" osArch="amd64" osFamily="unix" osName="Linux" osVersion="2.6.18-274.7.1.el5" username="imageuser" sudo-command-enabled="true" sudo-fail-on-prompt-timeout="false"/>
  <node name="ws-ecmauth-prd-rk1v" description="ws ecm prd author node" tags="ecm,ws,prd,prdrk,author,ecmauth,ecm-author" hostname="ws-ecmauth-prd-rk1v" osArch="amd64" osFamily="unix" osName="Linux" osVersion="2.6.18-274.7.1.el5" username="imageuser" sudo-command-enabled="true" sudo-fail-on-prompt-timeout="false"/>
  <node name="ws-ecmpub-prd-rk1v" description="ws ecm prd publish node" tags="ecm,ws,prd,prdrk,publish,ecmpub,ecm-publish" hostname="ws-ecmpub-prd-rk1v" osArch="amd64" osFamily="unix" osName="Linux" osVersion="2.6.18-274.7.1.el5" username="imageuser" sudo-command-enabled="true" sudo-fail-on-prompt-timeout="false"/>
</project>
