<?xml version="1.0"?>
<!DOCTYPE Configure PUBLIC "-//Mort Bay Consulting//DTD Configure//EN" "http://jetty.mortbay.org/configure.dtd">
<!-- This file configures jetty, which is intended to be used by developers 
	running the application on their local systems. In order to get the application 
	up and running, a developer will need to copy this file from jetty-env.SAMPLE.xml 
	to jetty-env.xml, and then make the following modifications to the file: 
	1. Change the LDAP authentication password. 2. Change the Oracle authentication 
	passwords 3. Update the pathnames to various settings. $Id: jetty-env.SAMPLE.xml 
	187644 2012-02-28 17:15:51Z chunt $ -->
<Configure class="org.mortbay.jetty.webapp.WebAppContext">
	<Set name="contextPath">/</Set>
	
	<Set name="baseResource">
		<New class="org.mortbay.resource.ResourceCollection">
			<Arg>
				<Array type="java.lang.String">
					<Item>src/main/webapp</Item>
				</Array>
			</Arg>
		</New>
	</Set>

    <!-- EnvEntry(String jndiName, Object objToBind, boolean overrideWebXml) -->
    <New id="debugSetting_jetty_id" class="org.mortbay.jetty.plus.naming.EnvEntry">
        <Arg>debugSetting</Arg>
        <Arg type="java.lang.String">NONE</Arg>
        <!--<Arg type="java.lang.String">SELECTIVE</Arg>-->
        <Arg type="boolean">true</Arg>
    </New>
    
    <!-- EnvEntry(String jndiName, Object objToBind, boolean overrideWebXml) -->
	<New id="projectLibDir_jetty_id" class="org.mortbay.jetty.plus.naming.EnvEntry">
		<Arg>projectLibDir</Arg>
		<Arg type="java.lang.String">src/test/projects</Arg>
		<Arg type="boolean">true</Arg>
	</New>

    <!-- EnvEntry(String jndiName, Object objToBind, boolean overrideWebXml) -->
    <New id="buildSystemHostName_jetty_id" class="org.mortbay.jetty.plus.naming.EnvEntry">
        <Arg>buildSystemHostName</Arg>
        <Arg type="java.lang.String">SAMPLE_BUILD_SERVER_HOST_NAME</Arg>
        <Arg type="boolean">true</Arg>
    </New>

	<!-- EnvEntry(String jndiName, Object objToBind, boolean overrideWebXml) -->
	<New id="svnSourceRoot_jetty_id" class="org.mortbay.jetty.plus.naming.EnvEntry">
		<Arg>svnSourceRoot</Arg>
		<Arg type="java.lang.String">target/svnSourceRoot</Arg>
		<Arg type="boolean">true</Arg>
	</New>

	<!-- EnvEntry(String jndiName, Object objToBind, boolean overrideWebXml) -->
	<New id="numSvnSourceChannels_jetty_id" class="org.mortbay.jetty.plus.naming.EnvEntry">
		<Arg>numSvnSourceChannels</Arg>
		<Arg type="java.lang.String">4</Arg>
		<Arg type="boolean">true</Arg>
	</New>

    <!-- EnvEntry(String jndiName, Object objToBind, boolean overrideWebXml) -->
    <New id="numBuildThreads_jetty_id" class="org.mortbay.jetty.plus.naming.EnvEntry">
        <Arg>numBuildThreads</Arg>
        <Arg type="java.lang.String">20</Arg>
        <Arg type="boolean">true</Arg>
    </New>
    
    <!-- EnvEntry(String jndiName, Object objToBind, boolean overrideWebXml) -->
    <New id="numExtractThreads_jetty_id" class="org.mortbay.jetty.plus.naming.EnvEntry">
        <Arg>numExtractThreads</Arg>
        <Arg type="java.lang.String">60</Arg>
        <Arg type="boolean">true</Arg>
    </New>
    
	<!-- EnvEntry(String jndiName, Object objToBind, boolean overrideWebXml) -->
	<New id="extractWorkingDir_jetty_id" class="org.mortbay.jetty.plus.naming.EnvEntry">
		<Arg>extractWorkingDir</Arg>
		<Arg type="java.lang.String">target/extractWorkingDirRoot</Arg>
		<Arg type="boolean">true</Arg>
	</New>

    <!-- EnvEntry(String jndiName, Object objToBind, boolean overrideWebXml) -->
    <New id="timeZone_jetty_id" class="org.mortbay.jetty.plus.naming.EnvEntry">
        <Arg>timeZone</Arg>
        <Arg type="java.lang.String">PST</Arg>
        <Arg type="boolean">true</Arg>
    </New>
    
    <!-- EnvEntry(String jndiName, Object objToBind, boolean overrideWebXml) -->
    <New id="cleanExtractWorkingDir_jetty_id" class="org.mortbay.jetty.plus.naming.EnvEntry">
        <Arg>cleanExtractWorkingDir</Arg>
        <Arg type="boolean">true</Arg>
        <Arg type="boolean">true</Arg>
    </New>

	<!-- EnvEntry(String jndiName, Object objToBind, boolean overrideWebXml) -->
	<New id="buildSystemHome_jetty_id" class="org.mortbay.jetty.plus.naming.EnvEntry">
		<Arg>buildSystemHome</Arg>
		<Arg type="java.lang.String">src/test/scripts</Arg>
		<Arg type="boolean">true</Arg>
	</New>

   <!-- EnvEntry(String jndiName, Object objToBind, boolean overrideWebXml) -->
    <New id="buildIdPrefix_jetty_id" class="org.mortbay.jetty.plus.naming.EnvEntry">
        <Arg>buildTypePrefix</Arg>
        <Arg type="java.lang.String">cmx-build</Arg><!--cmx-test-->
        <Arg type="boolean">true</Arg>
    </New>
    
    <!-- EnvEntry(String jndiName, Object objToBind, boolean overrideWebXml) -->
    <New id="artifactRepositoryHome_jetty_id" class="org.mortbay.jetty.plus.naming.EnvEntry">
		<Arg>artifactRepositoryHome</Arg>
		<Arg type="java.lang.String">target/artifactRepositoryHome</Arg>
		<Arg type="boolean">true</Arg>
	</New>
	
    <!-- EnvEntry(String jndiName, Object objToBind, boolean overrideWebXml) -->
    <New id="artifactRepositoryAgeLimit_jetty_id" class="org.mortbay.jetty.plus.naming.EnvEntry">
        <Arg>artifactRepositoryAgeLimit</Arg>
        <!-- Examles  360D, 12H, 5M -->
        <Arg type="java.lang.String">1D</Arg>
        <Arg type="boolean">true</Arg> 
    </New>

    <!-- EnvEntry(String jndiName, Object objToBind, boolean overrideWebXml) -->
    <New id="siteAssetDir_jetty_id" class="org.mortbay.jetty.plus.naming.EnvEntry">
        <Arg>siteAssetDir</Arg>
        <Arg type="java.lang.String">/BUILD_SYSTEM-2.0_WORK_AREA/SITE_ASSET</Arg>
        <Arg type="boolean">true</Arg>
    </New>
    
    <!-- EnvEntry(String jndiName, Object objToBind, boolean overrideWebXml) -->    
    <New id="importScriptPath_jetty_id" class="org.mortbay.jetty.plus.naming.EnvEntry">
        <Arg>importScriptPath</Arg>
        <Arg type="java.lang.String">src/test/scripts/mockImportScript.sh</Arg>
        <Arg type="boolean">true</Arg>
    </New>

    <!-- EnvEntry(String jndiName, Object objToBind, boolean overrideWebXml) -->
    <New id="tempDir_jetty_id" class="org.mortbay.jetty.plus.naming.EnvEntry">
        <Arg>tempDir</Arg>
        <Arg type="java.lang.String">/BUILD_SYSTEM-2.0_WORK_AREA/tempDir</Arg>
        <Arg type="boolean">true</Arg>
    </New>
        
    <!-- EnvEntry(String jndiName, Object objToBind, boolean overrideWebXml) -->
    <New id="artifactRepositorySpaceLimit_jetty_id" class="org.mortbay.jetty.plus.naming.EnvEntry">
        <Arg>artifactRepositorySpaceLimit</Arg>
        <!-- This is in Mb -->
        <Arg type="java.lang.String">100</Arg>
        <Arg type="boolean">true</Arg>
    </New>

	<!-- Start Security settings here -->
    <New id="LDAP_URL_jetty_id" class="org.mortbay.jetty.plus.naming.EnvEntry">
        <Arg>LdapUrl</Arg>
        <Arg type="java.lang.String">ldap://ihdc-1.wsgc.com/</Arg>
    </New>
      
    <New id="LDAP_MGR_PWD_jetty_id" class="org.mortbay.jetty.plus.naming.EnvEntry">
        <Arg>LdapManagerPassword</Arg>
        <Arg type="java.lang.String">xxx</Arg>
    </New>

	<New id="LDAP_MGR_DN_jetty_id" class="org.mortbay.jetty.plus.naming.EnvEntry">
		<Arg>LdapManagerDn</Arg>
		<Arg type="java.lang.String">XXXXXXXXXXXXXXXXXXXXXXX</Arg>
	</New>

	<New id="SecurityDB_jetty_id" class="org.mortbay.jetty.plus.naming.Resource">
        <Arg>jdbc/SecurityDB</Arg>
        <Arg>
            <New class="org.apache.commons.dbcp.BasicDataSource">
            <Set name="driverClassName">oracle.jdbc.pool.OracleConnectionPoolDataSource</Set>
                <Set name="url">jdbc:oracle:thin:@webqark2p:3800:webqa2</Set>
                <Set name="username">cmxqa_build_owner</Set>
                <Set name="password">XXXXXXXXXX</Set>
            </New>
        </Arg>
    </New>
    
    <New id="buildIdDB_jetty_id" class="org.mortbay.jetty.plus.naming.Resource">
        <Arg>jdbc/buildIdDB</Arg>
        <Arg>
            <New class="org.apache.commons.dbcp.BasicDataSource">
                <Set name="driverClassName">oracle.jdbc.pool.OracleConnectionPoolDataSource</Set>
                <Set name="url">jdbc:oracle:thin:@webqark2p:3800:webqa2</Set>
                <Set name="username">cmxdev_build_owner</Set>
                <Set name="password">XXXXXXXXXX</Set>
            </New>
        </Arg>
    </New> 
    
    <!-- EnvEntry(String jndiName, Object objToBind, boolean overrideWebXml) -->
    <New id="SMTP_HOST_jetty_id" class="org.mortbay.jetty.plus.naming.EnvEntry">
        <Arg>smtp_host</Arg>
        <Arg type="java.lang.String">mailhost.wsgc.com</Arg>
        <Arg type="boolean">true</Arg>
    </New>
    
    <!-- EnvEntry(String jndiName, Object objToBind, boolean overrideWebXml) -->
    <New id="SMTP_SENDER_jetty_id" class="org.mortbay.jetty.plus.naming.EnvEntry">
        <Arg>smtp_sender</Arg>
        <Arg type="java.lang.String">BUILD_NOTIFICATION_SENDER_NOT_SET</Arg>
        <Arg type="boolean">true</Arg>
    </New>   
       
</Configure>