<?xml version="1.0" encoding="UTF-8"?>
<Configuration status="error" name="logdev">
    <Appenders>
        <Console name="stdout" target="system_out">
            <PatternLayout pattern="%d{DEFAULT} [%t] %-5p [%c] %m%n" />
        </Console>
    </Appenders>
    <Loggers>
        <Root level="info">
            <AppenderRef ref="stdout" />
        </Root>
        <Logger name="org.springframework" level="warn" />
        <Logger name="com.wsgc.services" level="debug" />
    </Loggers>
</Configuration>
