<?xml version="1.0" encoding="UTF-8"?>
<project>
  <node name="cassandra-qa1-rk1" description="qa1 cassandra datastax rk1" tags="cassandra,datastax,qa,qa1,rk1" hostname="casrck-vicn015" osArch="amd64" osFamily="unix" osName="Linux" osVersion="2.6.18-274.7.1.el5" username="imageuser" sudo-command-enabled="true" sudo-fail-on-prompt-timeout="false"/>
  <node name="cassandra-qa1-rk2" description="qa1 cassandra datastax rk2" tags="cassandra,datastax,qa,qa1,rk2" hostname="casrck-vicn014" osArch="amd64" osFamily="unix" osName="Linux" osVersion="2.6.18-274.7.1.el5" username="imageuser" sudo-command-enabled="true" sudo-fail-on-prompt-timeout="false"/>
  <node name="cassandra-qa1-rk3" description="qa1 cassandra datastax rk3" tags="cassandra,datastax,qa,qa1,rk3" hostname="casrck-vicn013" osArch="amd64" osFamily="unix" osName="Linux" osVersion="2.6.18-274.7.1.el5" username="imageuser" sudo-command-enabled="true" sudo-fail-on-prompt-timeout="false"/>

  <node name="casrck-vicn001" description="qa2 cassandra datastax rk1" tags="cassandra,datastax,qa,qa2,rk1" hostname="casrck-vicn001" osArch="x86_64" osFamily="unix" osName="Linux" osVersion="3.10.0-693.11.6.el7" username="imageuser" sudo-command-enabled="true" sudo-fail-on-prompt-timeout="false"/>
  <node name="casrck-vicn002" description="qa2 cassandra datastax rk2" tags="cassandra,datastax,qa,qa2,rk2" hostname="casrck-vicn002" osArch="x86_64" osFamily="unix" osName="Linux" osVersion="3.10.0-693.11.6.el7" username="imageuser" sudo-command-enabled="true" sudo-fail-on-prompt-timeout="false"/>
  <node name="casrck-vicn003" description="qa2 cassandra datastax rk3" tags="cassandra,datastax,qa,qa2,rk3" hostname="casrck-vicn003" osArch="x86_64" osFamily="unix" osName="Linux" osVersion="3.10.0-693.11.6.el7" username="imageuser" sudo-command-enabled="true" sudo-fail-on-prompt-timeout="false"/>
  <node name="casrck-vicn004" description="qa2 cassandra datastax rk4" tags="cassandra,datastax,qa,qa2,rk4" hostname="casrck-vicn004" osArch="x86_64" osFamily="unix" osName="Linux" osVersion="3.10.0-693.11.6.el7" username="imageuser" sudo-command-enabled="true" sudo-fail-on-prompt-timeout="false"/>

  <node name="cassac-vicn001" description="qa1 cassandra datastax sac1" tags="cassandra,datastax,qa,qa1,sac,sac1" hostname="cassac-vicn001" osArch="amd64" osFamily="unix" osName="Linux" osVersion="2.6.32-754.17.1.el6" username="imageuser" sudo-command-enabled="true" sudo-fail-on-prompt-timeout="false"/>
  <node name="cassac-vicn002" description="qa1 cassandra datastax sac2" tags="cassandra,datastax,qa,qa1,sac,sac2" hostname="cassac-vicn002" osArch="amd64" osFamily="unix" osName="Linux" osVersion="2.6.32-754.17.1.el6" username="imageuser" sudo-command-enabled="true" sudo-fail-on-prompt-timeout="false"/>
  <node name="cassac-vicn003" description="qa1 cassandra datastax sac3" tags="cassandra,datastax,qa,qa1,sac,sac3" hostname="cassac-vicn003" osArch="amd64" osFamily="unix" osName="Linux" osVersion="2.6.32-754.17.1.el6" username="imageuser" sudo-command-enabled="true" sudo-fail-on-prompt-timeout="false"/>
</project>
