<?xml version="1.0" encoding="UTF-8"?>
<project>

  <node name="edam-prd-sac1v" description="Rundeck server node" tags="aem,we,prdsac" hostname="aemsac-vccn001" osArch="amd64" osFamily="unix" osName="Linux" osVersion="3.10.0-862.3.2.el7" username="imageuser" sudo-command-enabled="true" sudo-fail-on-prompt-timeout="false"/>
  <node name="edam-prd-sac2v" description="Rundeck server node" tags="aem,prdsac" hostname="aemsac-vccn002" osArch="amd64" osFamily="unix" osName="Linux" osVersion="3.10.0-862.3.2.el7" username="imageuser" sudo-command-enabled="true" sudo-fail-on-prompt-timeout="false"/>
  <node name="edam-prd-ab1v" description="Rundeck server node" tags="aem,we,prdash" hostname="aemash-vccn001" osArch="amd64" osFamily="unix" osName="Linux" osVersion="3.10.0-862.3.2.el7" username="imageuser" sudo-command-enabled="true" sudo-fail-on-prompt-timeout="false"/>
  <node name="edam-prd-ab2v" description="Rundeck server node" tags="aem,prdash" hostname="aemash-vccn002" osArch="amd64" osFamily="unix" osName="Linux" osVersion="3.10.0-862.3.2.el7" username="imageuser" sudo-command-enabled="true" sudo-fail-on-prompt-timeout="false"/>
  <node name="edam-prd-ab4v" description="Rundeck server node" tags="aem,east,prdash,osm" hostname="aemash-vccn004" osArch="amd64" osFamily="unix" osName="Linux" osVersion="3.10.0-862.3.2.el7" username="imageuser" sudo-command-enabled="true" sudo-fail-on-prompt-timeout="false"/>
  <node name="edam-prd-sac5v" description="Rundeck server node" tags="aem,west,prdsac,osm" hostname="aemsac-vccn005" osArch="amd64" osFamily="unix" osName="Linux" osVersion="3.10.0-862.3.2.el7" username="imageuser" sudo-command-enabled="true" sudo-fail-on-prompt-timeout="false"/>


  <node name="ecmagentprdrk1v" description="ECMagent BGB Production node" tags="prdold,prdrkold,ecmagent-svc,ecmagent-bgb" hostname="ecmagentprdrk1v" osArch="amd64" osFamily="unix" osName="Linux" osVersion="2.6.18-412.el5" username="imageuser" sudo-command-enabled="true" sudo-fail-on-prompt-timeout="false"/>
  <node name="ecmagent-prd-rk1v" description="ECMagent BGB Production node" tags="prd,prdrk,ecmagent-svc" hostname="ecmrck-vccn004" osArch="amd64" osFamily="unix" osName="Linux" osVersion="2.6.18-412.el5" username="imageuser" sudo-command-enabled="true" sudo-fail-on-prompt-timeout="false"/>
  <node name="ecmagent-bgb-prd-rk1v" description="ECMagent BGB Production node" tags="prd,prdrk,ecmagent-bgb" hostname="ecmrck-vccn004" osArch="amd64" osFamily="unix" osName="Linux" osVersion="2.6.18-412.el5" username="imageuser" sudo-command-enabled="true" sudo-fail-on-prompt-timeout="false"/>

  <node name="ecmagent-ca-prd-rk1v" description="ECMagent CA Production node" tags="prd,caprdrk,ca-prdrk,ecmagent-svc" hostname="bgbrck-vccn001" osArch="amd64" osFamily="unix" osName="Linux" osVersion="2.6.18-412.el5" username="imageuser" sudo-command-enabled="true" sudo-fail-on-prompt-timeout="false"/>
  <node name="ecmagent-bgb-ca-prd-rk1v" description="ECMagent CA Production node" tags="prd,caprdrk,ca-prdrk,ecmagent-bgb" hostname="bgbrck-vccn001" osArch="amd64" osFamily="unix" osName="Linux" osVersion="2.6.18-412.el5" username="imageuser" sudo-command-enabled="true" sudo-fail-on-prompt-timeout="false"/>
   <node name="ecmagent-imgproc-ca-prd-rk1v" description="ECMagent CA Production node" tags="prd,caprdrk,ecmagent-imgproc" hostname="bgbrck-vccn001" osArch="amd64" osFamily="unix" osName="Linux" osVersion="2.6.18-412.el5" username="imageuser" sudo-command-enabled="true" sudo-fail-on-prompt-timeout="false"/>

  <node name="invadj-prdab-rk1v" description="Inventory Adjustment Production node" tags="invent-adjustment,prdab" hostname="invadj-prdab-rk1v" osArch="amd64" osFamily="unix" osName="Linux" osVersion="2.6.18-412.el5" username="imageuser" sudo-command-enabled="true" sudo-fail-on-prompt-timeout="false"/>
  <node name="invadj-prdrk-rk1v" description="Inventory Adjustment Production node" tags="invent-adjustment,prdrk" hostname="invadj-prdrk-rk1v" osArch="amd64" osFamily="unix" osName="Linux" osVersion="2.6.18-412.el5" username="imageuser" sudo-command-enabled="true" sudo-fail-on-prompt-timeout="false"/>
  <node name="invadj-ca-prd-ab1v" description="Inventory Adjustment CA Production node" tags="invent-adjustment,ca-prdab" hostname="invash-vpcn002" osArch="amd64" osFamily="unix" osName="Linux" osVersion="3.10.0-862.3.2.el7" username="imageuser" sudo-command-enabled="true" sudo-fail-on-prompt-timeout="false"/>
  <node name="invadj-ca-prd-sac1v" description="Inventory Adjustment CA Production node" tags="invent-adjustment,ca-prdsac" hostname="invsac-vpcn001" osArch="amd64" osFamily="unix" osName="Linux" osVersion="3.10.0-862.3.2.el7" username="imageuser" sudo-command-enabled="true" sudo-fail-on-prompt-timeout="false"/>
  <node name="scmprdrk1v" description="Subversion server node" tags="svn" hostname="scmprdrk1v" osArch="amd64" osFamily="unix" osName="Linux" osVersion="2.6.18-274.7.1.el5" username="imageuser"/>

  <node name="mgecmprv-prd-rk1v" description="Rundeck server node" tags="frontend,ecmprd1,apmagents,mg,ecmprd1-mg" hostname="wcmrck-vccn009" osArch="amd64" osFamily="unix" osName="Linux" osVersion="3.10.0-862.3.2.el7" username="imageuser" sudo-command-enabled="true" sudo-fail-on-prompt-timeout="false"/>
  <node name="pbecmprv-prd-rk1v" description="Rundeck server node" tags="frontend,ecmprd1,apmagents,pb,ecmprd1-pb" hostname="wcmrck-vccn006" osArch="amd64" osFamily="unix" osName="Linux" osVersion="3.10.0-862.3.2.el7" username="imageuser" sudo-command-enabled="true" sudo-fail-on-prompt-timeout="false"/>
  <node name="pkecmprv-prd-rk1" description="Rundeck server node" tags="frontend,ecmprd1,apmagents,pk,ecmprd1-pk" hostname="wcmrck-vccn003" osArch="amd64" osFamily="unix" osName="Linux" osVersion="3.10.0-862.3.2.el7" username="imageuser" sudo-command-enabled="true" sudo-fail-on-prompt-timeout="false"/>
  <node name="ptecmprv-prd-rk1v" description="Rundeck server node" tags="frontend,ecmprd1,apmagents,pt,ecmprd1-pt" hostname="ecmrck-vccn003" osArch="amd64" osFamily="unix" osName="Linux" osVersion="3.10.0-862.3.2.el7" username="imageuser" sudo-command-enabled="true" sudo-fail-on-prompt-timeout="false"/>
  <node name="weecmprv-prd-rk1v" description="Rundeck server node" tags="frontend,ecmprd1,apmagents,we,ecmprd1-we" hostname="wcmrck-vccn005" osArch="amd64" osFamily="unix" osName="Linux" osVersion="3.10.0-862.3.2.el7" username="imageuser" sudo-command-enabled="true" sudo-fail-on-prompt-timeout="false"/>
<!--  <node name="weecmprvprdrk1v" description="Rundeck server node" tags="frontend,ecmprd1,apmagents,we,ecmprd1-we" hostname="weecmprvprdrk1v" osArch="amd64" osFamily="unix" osName="Linux" osVersion="3.10.0-862.3.2.el7" username="imageuser" sudo-command-enabled="true" sudo-fail-on-prompt-timeout="false"/> -->
  <node name="wsecmprv-prd-rk1v" description="Rundeck server node" tags="frontend,ecmprd1,apmagents,ws,ecmprd1-ws" hostname="ecmrck-vccn002" osArch="amd64" osFamily="unix" osName="Linux" osVersion="3.10.0-862.3.2.el7" username="imageuser" sudo-command-enabled="true" sudo-fail-on-prompt-timeout="false"/>

  <node name="gr-wcm-prd1-rk1v" description="gr wcm prdrk node" tags="wcm,gr,apmagents,prd,prdrk" hostname="aemrck-vccn001" osArch="amd64" osFamily="unix" osName="Linux" osVersion="2.6.18-274.7.1.el5" username="imageuser" sudo-command-enabled="true" sudo-fail-on-prompt-timeout="false"/>
  <node name="pb-wcm-prd1-rk1v" description="pb wcm prdrk node" tags="wcm,pb,apmagents,prd,prdrk" hostname="wcmrck-vpcn007" osArch="amd64" osFamily="unix" osName="Linux" osVersion="2.6.18-274.7.1.el5" username="imageuser" sudo-command-enabled="true" sudo-fail-on-prompt-timeout="false"/>
  <node name="pk-wcm-prd1-rk1v" description="pk wcm prdrk node" tags="wcm,pk,apmagents,prd,prdrk" hostname="wcmrck-vpcn008" osArch="amd64" osFamily="unix" osName="Linux" osVersion="2.6.18-274.7.1.el5" username="imageuser" sudo-command-enabled="true" sudo-fail-on-prompt-timeout="false"/>
  <node name="pt-wcm-prd1-rk1v" description="pt wcm prdrk node" tags="wcm,pt,apmagents,prd,prdrk" hostname="wcmrck-vpcn009" osArch="amd64" osFamily="unix" osName="Linux" osVersion="2.6.18-274.7.1.el5" username="imageuser" sudo-command-enabled="true" sudo-fail-on-prompt-timeout="false"/>
  <node name="rj-wcm-prd1-rk1v" description="rj wcm prdrk node" tags="wcm,rj,apmagents,prd,prdrk" hostname="wcmrck-vpcn002" osArch="amd64" osFamily="unix" osName="Linux" osVersion="2.6.18-274.7.1.el5" username="imageuser" sudo-command-enabled="true" sudo-fail-on-prompt-timeout="false"/>
  <node name="we-wcm-prd1-rk1v" description="we wcm prdrk node" tags="wcm,we,apmagents,prd,prdrk" hostname="wcmrck-vpcn010" osArch="amd64" osFamily="unix" osName="Linux" osVersion="2.6.18-274.7.1.el5" username="imageuser" sudo-command-enabled="true" sudo-fail-on-prompt-timeout="false"/>
  <node name="ws-wcm-prd1-rk1v" description="ws wcm prdrk node" tags="wcm,ws,apmagents,prd,prdrk" hostname="wcmrck-vpcn011" osArch="amd64" osFamily="unix" osName="Linux" osVersion="2.6.18-274.7.1.el5" username="imageuser" sudo-command-enabled="true" sudo-fail-on-prompt-timeout="false"/>
  <node name="mg-wcm-prd1-rk1v" description="mg wcm prdrk node" tags="wcm,mg,apmagents,prd,prdrk" hostname="wcmrck-vpcn006" osArch="amd64" osFamily="unix" osName="Linux" osVersion="2.6.18-274.7.1.el5" username="imageuser" sudo-command-enabled="true" sudo-fail-on-prompt-timeout="false"/>

<!-- WCM prod centos7 servers-->
  <node name="wcmrck-vpcn022" description="mg wcm prdrk centos7 node" tags="wcm,mgCentOS7,apmagents,prd,prdrk,centos7" hostname="wcmrck-vpcn022" osArch="amd64" osFamily="unix" osName="Linux" osVersion="2.6.18-274.7.1.el5" username="imageuser" sudo-command-enabled="true" sudo-fail-on-prompt-timeout="false"/>

  <node name="ecinventprdab1v" description="inventory server in prdab" tags="invent,prdab" hostname="ecinventprdab1v" osArch="amd64" osFamily="unix" osName="Linux" osVersion="2.6.18-274.7.1.el5"  username="imageuser" sudo-command-enabled="true" sudo-fail-on-prompt-timeout="false"/>
  <node name="ecinventprdrk1v" description="inventory server in prdrk" tags="invent,prdrk" hostname="ecinventprdrk1v" osArch="amd64" osFamily="unix" osName="Linux" osVersion="2.6.18-274.7.1.el5"  username="imageuser" sudo-command-enabled="true" sudo-fail-on-prompt-timeout="false"/>
    <!-- cpcr aerospike servers prd rk -->
<node name="aerodbprdrk1" description="aerospike server in prdrk" tags="nosql,cpcr,prdrk" hostname="aerodbprdrk1" osArch="amd64" osFamily="unix" osName="Linux" osVersion="2.6.18-274.7.1.el5"  username="imageuser" sudo-command-enabled="true" sudo-fail-on-prompt-timeout="false"/>
<node name="aerodbprdrk2" description="aerospike server in prdrk" tags="nosql,cpcr,prdrk" hostname="aerodbprdrk2" osArch="amd64" osFamily="unix" osName="Linux" osVersion="2.6.18-274.7.1.el5"  username="imageuser" sudo-command-enabled="true" sudo-fail-on-prompt-timeout="false"/>
<node name="aerodbprdrk3" description="aerospike server in prdrk" tags="nosql,cpcr,prdrk" hostname="aerodbprdrk3" osArch="amd64" osFamily="unix" osName="Linux" osVersion="2.6.18-274.7.1.el5"  username="imageuser" sudo-command-enabled="true" sudo-fail-on-prompt-timeout="false"/>
<node name="aerodbprdrk4" description="aerospike server in prdrk" tags="nosql,cpcr,prdrk" hostname="aerodbprdrk4" osArch="amd64" osFamily="unix" osName="Linux" osVersion="2.6.18-274.7.1.el5"  username="imageuser" sudo-command-enabled="true" sudo-fail-on-prompt-timeout="false"/>
<node name="aerodbprdrk5" description="aerospike server in prdrk" tags="nosql,cpcr,prdrk" hostname="aerodbprdrk5" osArch="amd64" osFamily="unix" osName="Linux" osVersion="2.6.18-274.7.1.el5"  username="imageuser" sudo-command-enabled="true" sudo-fail-on-prompt-timeout="false"/>
  <!-- cpcr dataloader servers prd rk -->
<node name="crerck-vccn003" description="cpcr dataloader server in prdrk" tags="dataloader,cpcr,prd,prdrk" hostname="crerck-vccn003" osArch="amd64" osFamily="unix" osName="Linux" osVersion="3.10.0-862.3.2.el7.x86_64"  username="imageuser" sudo-command-enabled="true" sudo-fail-on-prompt-timeout="false"/>
  <!-- cpcr app servers prd rk -->
<node name="creprdrk1v" description="cpcr app server in prdrk" tags="app,cpcr,prdrk" hostname="creprdrk1v" osArch="amd64" osFamily="unix" osName="Linux" osVersion="2.6.18-274.7.1.el5"  username="imageuser" sudo-command-enabled="true" sudo-fail-on-prompt-timeout="false"/>
<node name="creprdrk2v" description="cpcr app server in prdrk" tags="app,cpcr,prdrk" hostname="creprdrk2v" osArch="amd64" osFamily="unix" osName="Linux" osVersion="2.6.18-274.7.1.el5"  username="imageuser" sudo-command-enabled="true" sudo-fail-on-prompt-timeout="false"/>

<node name="cre-prd-rk1v" description="cpcr app server in prdrk" tags="app,cpcr,prdrk" hostname="cre-prd-rk1v" osArch="amd64" osFamily="unix" osName="Linux" osVersion="3.10.0-862.3.2.el7.x86_64"  username="imageuser" sudo-command-enabled="true" sudo-fail-on-prompt-timeout="false"/>
<node name="cre-prd-rk2v" description="cpcr app server in prdrk" tags="app,cpcr,prdrk" hostname="cre-prd-rk2v" osArch="amd64" osFamily="unix" osName="Linux" osVersion="3.10.0-862.3.2.el7.x86_64"  username="imageuser" sudo-command-enabled="true" sudo-fail-on-prompt-timeout="false"/>

<node name="cre-prd-ab1v" description="cpcr app server in prdrk" tags="app,cpcr,prdab" hostname="cre-prd-ab1v" osArch="amd64" osFamily="unix" osName="Linux" osVersion="3.10.0-862.3.2.el7.x86_64"  username="imageuser" sudo-command-enabled="true" sudo-fail-on-prompt-timeout="false"/>
<node name="cre-prd-ab2v" description="cpcr app server in prdrk" tags="app,cpcr,prdab" hostname="cre-prd-ab2v" osArch="amd64" osFamily="unix" osName="Linux" osVersion="3.10.0-862.3.2.el7.x86_64"  username="imageuser" sudo-command-enabled="true" sudo-fail-on-prompt-timeout="false"/>

    <!-- cpcr aerospike servers prd ab -->
<node name="aerodbprdab1" description="aerospike server in prdab" tags="nosql,cpcr,prdab" hostname="aerodbprdab1" osArch="amd64" osFamily="unix" osName="Linux" osVersion="2.6.18-274.7.1.el5"  username="imageuser" sudo-command-enabled="true" sudo-fail-on-prompt-timeout="false"/>
<node name="aerodbprdab2" description="aerospike server in prdab" tags="nosql,cpcr,prdab" hostname="aerodbprdab2" osArch="amd64" osFamily="unix" osName="Linux" osVersion="2.6.18-274.7.1.el5"  username="imageuser" sudo-command-enabled="true" sudo-fail-on-prompt-timeout="false"/>
<node name="aerodbprdab3" description="aerospike server in prdab" tags="nosql,cpcr,prdab" hostname="aerodbprdab3" osArch="amd64" osFamily="unix" osName="Linux" osVersion="2.6.18-274.7.1.el5"  username="imageuser" sudo-command-enabled="true" sudo-fail-on-prompt-timeout="false"/>
<node name="aerodbprdab4" description="aerospike server in prdab" tags="nosql,cpcr,prdab" hostname="aerodbprdab4" osArch="amd64" osFamily="unix" osName="Linux" osVersion="2.6.18-274.7.1.el5"  username="imageuser" sudo-command-enabled="true" sudo-fail-on-prompt-timeout="false"/>
<node name="aerodbprdab5" description="aerospike server in prdab" tags="nosql,cpcr,prdab" hostname="aerodbprdab5" osArch="amd64" osFamily="unix" osName="Linux" osVersion="2.6.18-274.7.1.el5"  username="imageuser" sudo-command-enabled="true" sudo-fail-on-prompt-timeout="false"/>
  <!-- cpcr app servers prd ab -->
<node name="creprdab1v" description="cpcr app server in prdab" tags="app,cpcr,prdab" hostname="creprdab1v" osArch="amd64" osFamily="unix" osName="Linux" osVersion="2.6.18-274.7.1.el5"  username="imageuser" sudo-command-enabled="true" sudo-fail-on-prompt-timeout="false"/>
<node name="creprdab2v" description="cpcr app server in prdab" tags="app,cpcr,prdab" hostname="creprdab2v" osArch="amd64" osFamily="unix" osName="Linux" osVersion="2.6.18-274.7.1.el5"  username="imageuser" sudo-command-enabled="true" sudo-fail-on-prompt-timeout="false"/>

<!-- c3 app servers prd rk -->
<node name="c3svc-prd-rk1v" description="c3 app server in prdrk" tags="c3,prdrk,app" hostname="c3srck-vccn001" osArch="x86_64" osFamily="unix" osName="Linux" osVersion="3.10.0-862.6.3.el7.x86_64"  username="imageuser" sudo-command-enabled="true" sudo-fail-on-prompt-timeout="false"/>
<node name="c3svc-prd-rk2v" description="c3 app server in prdrk" tags="c3,prdrk,app" hostname="c3srck-vccn002" osArch="x86_64" osFamily="unix" osName="Linux" osVersion="3.10.0-862.6.3.el7.x86_64"  username="imageuser" sudo-command-enabled="true" sudo-fail-on-prompt-timeout="false"/>
<node name="c3svc-prd-rk3v" description="c3 app server in prdrk" tags="c3,prdrk,app" hostname="c3srck-vccn003" osArch="x86_64" osFamily="unix" osName="Linux" osVersion="3.10.0-862.6.3.el7.x86_64"  username="imageuser" sudo-command-enabled="true" sudo-fail-on-prompt-timeout="false"/>
<node name="c3svc-prd-rk4v" description="c3 app server in prdrk" tags="c3,prdrk,app" hostname="c3srck-vccn004" osArch="x86_64" osFamily="unix" osName="Linux" osVersion="3.10.0-862.6.3.el7.x86_64"  username="imageuser" sudo-command-enabled="true" sudo-fail-on-prompt-timeout="false"/>

<!-- c3 app servers prd ab -->
<node name="c3svc-prd-ab1v" description="c3 app server in prdrk" tags="c3,prdab,app" hostname="c3sash-vccn001" osArch="x86_64" osFamily="unix" osName="Linux" osVersion="3.10.0-862.6.3.el7.x86_64"  username="imageuser" sudo-command-enabled="true" sudo-fail-on-prompt-timeout="false"/>
<node name="c3svc-prd-ab2v" description="c3 app server in prdrk" tags="c3,prdab,app" hostname="c3sash-vccn002" osArch="x86_64" osFamily="unix" osName="Linux" osVersion="3.10.0-862.6.3.el7.x86_64"  username="imageuser" sudo-command-enabled="true" sudo-fail-on-prompt-timeout="false"/>
<node name="c3svc-prd-ab3v" description="c3 app server in prdrk" tags="c3,prdab,app" hostname="c3sash-vccn003" osArch="x86_64" osFamily="unix" osName="Linux" osVersion="3.10.0-862.6.3.el7.x86_64"  username="imageuser" sudo-command-enabled="true" sudo-fail-on-prompt-timeout="false"/>
<node name="c3svc-prd-ab4v" description="c3 app server in prdrk" tags="c3,prdab,app" hostname="c3sash-vccn004" osArch="x86_64" osFamily="unix" osName="Linux" osVersion="3.10.0-862.6.3.el7.x86_64"  username="imageuser" sudo-command-enabled="true" sudo-fail-on-prompt-timeout="false"/>


<!-- cre app servers prd rk-->
<node name="creadmprdrk1v" description="cre admin server in prdrk" tags="cre,prdrk,admin" hostname="creadmprdrk1v" osArch="amd64" osFamily="unix" osName="Linux" osVersion="2.6.18-274.7.1.el5"  username="imageuser" sudo-command-enabled="true" sudo-fail-on-prompt-timeout="false"/>
<node name="creadm-prd-rk1v" description="cre admin server in prdrk" tags="cre,prdrk,admin,rk1v" hostname="crerck-vccn001" osArch="amd64" osFamily="unix" osName="Linux" osVersion="3.10.0-862.2.3.el7.x86_64"  username="imageuser" sudo-command-enabled="true" sudo-fail-on-prompt-timeout="false"/>
<node name="cre-adm-prd-rk2v" description="cre admin server in prdrk" tags="cre,prdrk,admin" hostname="crerck-vccn002" osArch="amd64" osFamily="unix" osName="Linux" osVersion="3.10.0-862.2.3.el7.x86_64"  username="imageuser" sudo-command-enabled="true" sudo-fail-on-prompt-timeout="false"/>
<node name="cresvcprdrk1v" description="cre app server in prdrk" tags="cre,prdrk,app" hostname="cresvcprdrk1v" osArch="amd64" osFamily="unix" osName="Linux" osVersion="2.6.18-274.7.1.el5"  username="imageuser" sudo-command-enabled="true" sudo-fail-on-prompt-timeout="false"/>
<node name="cresvcprdrk2v" description="cre app server in prdrk" tags="cre,prdrk,app" hostname="cresvcprdrk2v" osArch="amd64" osFamily="unix" osName="Linux" osVersion="2.6.18-274.7.1.el5"  username="imageuser" sudo-command-enabled="true" sudo-fail-on-prompt-timeout="false"/>

<node name="cresvc-prd-rk1v" description="cre app server in prdrk" tags="cre,prdrk,app,rk,rk1v" hostname="crerck-vccn006" osArch="amd64" osFamily="unix" osName="Linux" osVersion="3.10.0-862.3.2.el7.x86_64"  username="imageuser" sudo-command-enabled="true" sudo-fail-on-prompt-timeout="false"/>
<node name="cresvc-prd-rk2v" description="cre app server in prdrk" tags="cre,prdrk,app,rk,rk2v" hostname="crerck-vccn007" osArch="amd64" osFamily="unix" osName="Linux" osVersion="3.10.0-862.3.2.el7.x86_64"  username="imageuser" sudo-command-enabled="true" sudo-fail-on-prompt-timeout="false"/>
<!-- cre app servers prd ab-->
<node name="cresvc-prd-ab1v" description="cre app server in prdab" tags="cre,prdab,app,ab1v" hostname="creash-vccn003" osArch="amd64" osFamily="unix" osName="Linux" osVersion="3.10.0-862.2.3.el7"  username="imageuser" sudo-command-enabled="true" sudo-fail-on-prompt-timeout="false"/>
<node name="cresvc-prd-ab2v" description="cre app server in prdab" tags="cre,prdab,app,ab2v" hostname="creash-vccn004" osArch="amd64" osFamily="unix" osName="Linux" osVersion="3.10.0-862.2.3.el7"  username="imageuser" sudo-command-enabled="true" sudo-fail-on-prompt-timeout="false"/>

<!-- reg admin servers prd rk -->
<node name="regadm-prd-rk1v" description="reg admin app server rocklin" tags="admin,prdrk,registry" hostname="regadm-prd-rk1v" osArch="amd64" osFamily="unix" osName="Linux" osVersion="3.10.0-693.21.1.el7"  username="imageuser" sudo-command-enabled="true" sudo-fail-on-prompt-timeout="false"/>
<node name="regadm-prd-rk2v" description="reg admin app server rocklin" tags="admin,prdrk,registry" hostname="regadm-prd-rk2v" osArch="amd64" osFamily="unix" osName="Linux" osVersion="3.10.0-693.21.1.el7"  username="imageuser" sudo-command-enabled="true" sudo-fail-on-prompt-timeout="false"/>

<node name="mg-prd-rk5v" description="mark and graham frontend production rocklin node" tags="frontend,mg,prdrk" hostname="eferck-vpcn014" osArch="amd64" osFamily="unix" osName="Linux" osVersion="3.10.0-1127.13.1.el7"  username="imageuser" sudo-command-enabled="true" sudo-fail-on-prompt-timeout="false"/>
<node name="mg-prd-rk6v" description="mark and graham frontend production rocklin node" tags="frontend,mg,prdrk" hostname="eferck-vpcn015" osArch="amd64" osFamily="unix" osName="Linux" osVersion="3.10.0-1127.13.1.el7"  username="imageuser" sudo-command-enabled="true" sudo-fail-on-prompt-timeout="false"/>
<node name="mg-prd-rk7v" description="mark and graham frontend production rocklin node" tags="frontend,mg,prdrk" hostname="eferck-vpcn016" osArch="amd64" osFamily="unix" osName="Linux" osVersion="3.10.0-1127.13.1.el7"  username="imageuser" sudo-command-enabled="true" sudo-fail-on-prompt-timeout="false"/>
<node name="mg-prd-rk8v" description="mark and graham frontend production rocklin node" tags="frontend,mg,prdrk" hostname="eferck-vpcn017" osArch="amd64" osFamily="unix" osName="Linux" osVersion="3.10.0-1127.13.1.el7"  username="imageuser" sudo-command-enabled="true" sudo-fail-on-prompt-timeout="false"/>
<node name="mg-prd-rk9v" description="mark and graham frontend production rocklin node" tags="frontend,mg,prdrk" hostname="eferck-vpcn098" osArch="amd64" osFamily="unix" osName="Linux" osVersion="3.10.0-1127.19.1.el7"  username="imageuser" sudo-command-enabled="true" sudo-fail-on-prompt-timeout="false"/> 

<node name="mg-prd-ab5v" description="mark and graham frontend production ashburn node" tags="frontend,mg,prdab" hostname="efeash-vpcn014" osArch="amd64" osFamily="unix" osName="Linux" osVersion="3.10.0-1127.13.1.el7"  username="imageuser" sudo-command-enabled="true" sudo-fail-on-prompt-timeout="false"/>
<node name="mg-prd-ab6v" description="mark and graham frontend production ashburn node" tags="frontend,mg,prdab" hostname="efeash-vpcn015" osArch="amd64" osFamily="unix" osName="Linux" osVersion="3.10.0-1127.13.1.el7"  username="imageuser" sudo-command-enabled="true" sudo-fail-on-prompt-timeout="false"/>
<node name="mg-prd-ab7v" description="mark and graham frontend production ashburn node" tags="frontend,mg,prdab" hostname="efeash-vpcn016" osArch="amd64" osFamily="unix" osName="Linux" osVersion="3.10.0-1127.13.1.el7"  username="imageuser" sudo-command-enabled="true" sudo-fail-on-prompt-timeout="false"/>
<node name="mg-prd-ab8v" description="mark and graham frontend production ashburn node" tags="frontend,mg,prdab" hostname="efeash-vpcn017" osArch="amd64" osFamily="unix" osName="Linux" osVersion="3.10.0-1127.13.1.el7"  username="imageuser" sudo-command-enabled="true" sudo-fail-on-prompt-timeout="false"/>
<node name="mg-prd-ab9v" description="mark and graham frontend production ashburn node" tags="frontend,mg,prdab" hostname="efeash-vpcn070" osArch="amd64" osFamily="unix" osName="Linux" osVersion="3.10.0-1127.19.1.el7"  username="imageuser" sudo-command-enabled="true" sudo-fail-on-prompt-timeout="false"/> 

<node name="gr-prd-ab1v" description="greenrow frontend production ashburn node" tags="frontend,gr,prdab" hostname="dpaash-vpcn031" osArch="amd64" osFamily="unix" osName="Linux" osVersion="3.10.0-1127.13.1.el7"  username="imageuser" sudo-command-enabled="true" sudo-fail-on-prompt-timeout="false"/>
<node name="gr-prd-ab2v" description="greenrow frontend production ashburn node" tags="frontend,gr,prdab" hostname="dpaash-vpcn032" osArch="amd64" osFamily="unix" osName="Linux" osVersion="3.10.0-1127.13.1.el7"  username="imageuser" sudo-command-enabled="true" sudo-fail-on-prompt-timeout="false"/>
<node name="gr-prd-ab3v" description="greenrow frontend production ashburn node" tags="frontend,gr,prdab" hostname="dpaash-vpcn033" osArch="amd64" osFamily="unix" osName="Linux" osVersion="3.10.0-1127.13.1.el7"  username="imageuser" sudo-command-enabled="true" sudo-fail-on-prompt-timeout="false"/>
<node name="gr-prd-ab4v" description="greenrow frontend production ashburn node" tags="frontend,gr,prdab" hostname="dpaash-vpcn034" osArch="amd64" osFamily="unix" osName="Linux" osVersion="3.10.0-1127.13.1.el7"  username="imageuser" sudo-command-enabled="true" sudo-fail-on-prompt-timeout="false"/>

<node name="gr-prd-rk1v" description="greenrow frontend production rocklin node" tags="frontend,gr,prdrk" hostname="dpasac-vpcn023" osArch="amd64" osFamily="unix" osName="Linux" osVersion="3.10.0-1127.13.1.el7"  username="imageuser" sudo-command-enabled="true" sudo-fail-on-prompt-timeout="false"/>
<node name="gr-prd-rk2v" description="greenrow frontend production rocklin node" tags="frontend,gr,prdrk" hostname="dpasac-vpcn024" osArch="amd64" osFamily="unix" osName="Linux" osVersion="3.10.0-1127.13.1.el7"  username="imageuser" sudo-command-enabled="true" sudo-fail-on-prompt-timeout="false"/>
<node name="gr-prd-rk3v" description="greenrow frontend production rocklin node" tags="frontend,gr,prdrk" hostname="dpasac-vpcn025" osArch="amd64" osFamily="unix" osName="Linux" osVersion="3.10.0-1127.13.1.el7"  username="imageuser" sudo-command-enabled="true" sudo-fail-on-prompt-timeout="false"/>
<node name="gr-prd-rk4v" description="greenrow frontend production rocklin node" tags="frontend,gr,prdrk" hostname="dpasac-vpcn026" osArch="amd64" osFamily="unix" osName="Linux" osVersion="3.10.0-1127.13.1.el7"  username="imageuser" sudo-command-enabled="true" sudo-fail-on-prompt-timeout="false"/>

<node name="eferck-vpcn038" description="mark and graham frontend production rocklin node" tags="" hostname="eferck-vpcn038" osArch="amd64" osFamily="unix" osName="Linux" osVersion="3.10.0-957.21.3.el7"  username="imageuser" sudo-command-enabled="true" sudo-fail-on-prompt-timeout="false"/>
<node name="eferck-vpcn039" description="mark and graham frontend production rocklin node" tags="" hostname="eferck-vpcn039" osArch="amd64" osFamily="unix" osName="Linux" osVersion="3.10.0-957.21.3.el7"  username="imageuser" sudo-command-enabled="true" sudo-fail-on-prompt-timeout="false"/>
<node name="eferck-vpcn040" description="mark and graham frontend production rocklin node" tags="" hostname="eferck-vpcn040" osArch="amd64" osFamily="unix" osName="Linux" osVersion="3.10.0-957.21.3.el7"  username="imageuser" sudo-command-enabled="true" sudo-fail-on-prompt-timeout="false"/>

<node name="efeash-vpcn054" description="mark and graham frontend production ashburn node" tags="" hostname="efeash-vpcn054" osArch="amd64" osFamily="unix" osName="Linux" osVersion="3.10.0-957.21.3.el7"  username="imageuser" sudo-command-enabled="true" sudo-fail-on-prompt-timeout="false"/>
<node name="efeash-vpcn055" description="mark and graham frontend production ashburn node" tags="" hostname="efeash-vpcn055" osArch="amd64" osFamily="unix" osName="Linux" osVersion="3.10.0-957.21.3.el7"  username="imageuser" sudo-command-enabled="true" sudo-fail-on-prompt-timeout="false"/>
<node name="efeash-vpcn056" description="mark and graham frontend production ashburn node" tags="" hostname="efeash-vpcn056" osArch="amd64" osFamily="unix" osName="Linux" osVersion="3.10.0-957.21.3.el7"  username="imageuser" sudo-command-enabled="true" sudo-fail-on-prompt-timeout="false"/>

<node name="pb-prd-rk16v" description="pottery barn frontend production rocklin node" tags="frontend,pb,prdrk" hostname="eferck-vpcn052" osArch="amd64" osFamily="unix" osName="Linux" osVersion="3.10.0-1127.18.2.el7"  username="imageuser" sudo-command-enabled="true" sudo-fail-on-prompt-timeout="false"/>
<node name="pb-prd-rk17v" description="pottery barn frontend production rocklin node" tags="frontend,pb,prdrk" hostname="eferck-vpcn037" osArch="amd64" osFamily="unix" osName="Linux" osVersion="3.10.0-1127.18.2.el7"  username="imageuser" sudo-command-enabled="true" sudo-fail-on-prompt-timeout="false"/>
<node name="pb-prd-rk18v" description="pottery barn frontend production rocklin node" tags="frontend,pb,prdrk" hostname="eferck-vpcn053" osArch="amd64" osFamily="unix" osName="Linux" osVersion="3.10.0-1127.18.2.el7"  username="imageuser" sudo-command-enabled="true" sudo-fail-on-prompt-timeout="false"/>
<node name="pb-prd-rk19v" description="pottery barn frontend production rocklin node" tags="frontend,pb,prdrk" hostname="eferck-vpcn038" osArch="amd64" osFamily="unix" osName="Linux" osVersion="3.10.0-1127.18.2.el7"  username="imageuser" sudo-command-enabled="true" sudo-fail-on-prompt-timeout="false"/>
<node name="pb-prd-rk20v" description="pottery barn frontend production rocklin node" tags="frontend,pb,prdrk" hostname="eferck-vpcn054" osArch="amd64" osFamily="unix" osName="Linux" osVersion="3.10.0-1127.18.2.el7"  username="imageuser" sudo-command-enabled="true" sudo-fail-on-prompt-timeout="false"/>
<node name="pb-prd-rk21v" description="pottery barn frontend production rocklin node" tags="frontend,pb,prdrk" hostname="eferck-vpcn039" osArch="amd64" osFamily="unix" osName="Linux" osVersion="3.10.0-1127.18.2.el7"  username="imageuser" sudo-command-enabled="true" sudo-fail-on-prompt-timeout="false"/>
<node name="pb-prd-rk22v" description="pottery barn frontend production rocklin node" tags="frontend,pb,prdrk" hostname="eferck-vpcn055" osArch="amd64" osFamily="unix" osName="Linux" osVersion="3.10.0-1127.18.2.el7"  username="imageuser" sudo-command-enabled="true" sudo-fail-on-prompt-timeout="false"/>
<node name="pb-prd-rk23v" description="pottery barn frontend production rocklin node" tags="frontend,pb,prdrk" hostname="eferck-vpcn040" osArch="amd64" osFamily="unix" osName="Linux" osVersion="3.10.0-1127.18.2.el7"  username="imageuser" sudo-command-enabled="true" sudo-fail-on-prompt-timeout="false"/>
<node name="pb-prd-rk24v" description="pottery barn frontend production rocklin node" tags="frontend,pb,prdrk" hostname="eferck-vpcn056" osArch="amd64" osFamily="unix" osName="Linux" osVersion="3.10.0-1127.18.2.el7"  username="imageuser" sudo-command-enabled="true" sudo-fail-on-prompt-timeout="false"/>
<node name="pb-prd-rk25v" description="pottery barn frontend production rocklin node" tags="frontend,pb,prdrk" hostname="eferck-vpcn041" osArch="amd64" osFamily="unix" osName="Linux" osVersion="3.10.0-1127.18.2.el7"  username="imageuser" sudo-command-enabled="true" sudo-fail-on-prompt-timeout="false"/>
<node name="pb-prd-rk26v" description="pottery barn frontend production rocklin node" tags="frontend,pb,prdrk" hostname="eferck-vpcn057" osArch="amd64" osFamily="unix" osName="Linux" osVersion="3.10.0-1127.18.2.el7"  username="imageuser" sudo-command-enabled="true" sudo-fail-on-prompt-timeout="false"/>
<node name="pb-prd-rk27v" description="pottery barn frontend production rocklin node" tags="frontend,pb,prdrk" hostname="eferck-vpcn042" osArch="amd64" osFamily="unix" osName="Linux" osVersion="3.10.0-1127.18.2.el7"  username="imageuser" sudo-command-enabled="true" sudo-fail-on-prompt-timeout="false"/>
<node name="pb-prd-rk28v" description="pottery barn frontend production rocklin node" tags="frontend,pb,prdrk" hostname="eferck-vpcn058" osArch="amd64" osFamily="unix" osName="Linux" osVersion="3.10.0-1127.18.2.el7"  username="imageuser" sudo-command-enabled="true" sudo-fail-on-prompt-timeout="false"/>
<node name="pb-prd-rk29v" description="pottery barn frontend production rocklin node" tags="frontend,pb,prdrk" hostname="eferck-vpcn043" osArch="amd64" osFamily="unix" osName="Linux" osVersion="3.10.0-1127.18.2.el7"  username="imageuser" sudo-command-enabled="true" sudo-fail-on-prompt-timeout="false"/>
<node name="pb-prd-rk30v" description="pottery barn frontend production rocklin node" tags="frontend,pb,prdrk" hostname="eferck-vpcn059" osArch="amd64" osFamily="unix" osName="Linux" osVersion="3.10.0-1127.18.2.el7"  username="imageuser" sudo-command-enabled="true" sudo-fail-on-prompt-timeout="false"/>
<node name="pb-prd-rk31v" description="pottery barn frontend production rocklin node" tags="frontend,pb,prdrk" hostname="eferck-vpcn001" osArch="amd64" osFamily="unix" osName="Linux" osVersion="3.10.0-1127.19.1.el7"  username="imageuser" sudo-command-enabled="true" sudo-fail-on-prompt-timeout="false"/>
<node name="pb-prd-rk32v" description="pottery barn frontend production rocklin node" tags="frontend,pb,prdrk" hostname="eferck-vpcn009" osArch="amd64" osFamily="unix" osName="Linux" osVersion="3.10.0-1127.19.1.el7"  username="imageuser" sudo-command-enabled="true" sudo-fail-on-prompt-timeout="false"/>
<node name="pb-prd-rk33v" description="pottery barn frontend production rocklin node" tags="frontend,pb,prdrk" hostname="eferck-vpcn063" osArch="amd64" osFamily="unix" osName="Linux" osVersion="3.10.0-1127.19.1.el7"  username="imageuser" sudo-command-enabled="true" sudo-fail-on-prompt-timeout="false"/>



<node name="pb-prd-ab16v" description="pottery barn frontend production ashburn node" tags="frontend,pb,prdab" hostname="efeash-vpcn074" osArch="amd64" osFamily="unixi" osName="Linux" osVersion="3.10.0-1127.19.1.el7"  username="imageuser" sudo-command-enabled="true" sudo-fail-on-prompt-timeout="false"/>
<node name="pb-prd-ab17v" description="pottery barn frontend production ashburn node" tags="frontend,pb,prdab" hostname="efeash-vpcn075" osArch="amd64" osFamily="unixi" osName="Linux" osVersion="3.10.0-1127.19.1.el7"  username="imageuser" sudo-command-enabled="true" sudo-fail-on-prompt-timeout="false"/>
<node name="pb-prd-ab18v" description="pottery barn frontend production ashburn node" tags="frontend,pb,prdab" hostname="efeash-vpcn076" osArch="amd64" osFamily="unixi" osName="Linux" osVersion="3.10.0-1127.19.1.el7"  username="imageuser" sudo-command-enabled="true" sudo-fail-on-prompt-timeout="false"/>
<node name="pb-prd-ab19v" description="pottery barn frontend production ashburn node" tags="frontend,pb,prdab" hostname="efeash-vpcn077" osArch="amd64" osFamily="unixi" osName="Linux" osVersion="3.10.0-1127.19.1.el7"  username="imageuser" sudo-command-enabled="true" sudo-fail-on-prompt-timeout="false"/>
<node name="pb-prd-ab20v" description="pottery barn frontend production ashburn node" tags="frontend,pb,prdab" hostname="efeash-vpcn078" osArch="amd64" osFamily="unixi" osName="Linux" osVersion="3.10.0-1127.19.1.el7"  username="imageuser" sudo-command-enabled="true" sudo-fail-on-prompt-timeout="false"/>
<node name="pb-prd-ab21v" description="pottery barn frontend production ashburn node" tags="frontend,pb,prdab" hostname="efeash-vpcn079" osArch="amd64" osFamily="unixi" osName="Linux" osVersion="3.10.0-1127.19.1.el7"  username="imageuser" sudo-command-enabled="true" sudo-fail-on-prompt-timeout="false"/>
<node name="pb-prd-ab22v" description="pottery barn frontend production ashburn node" tags="frontend,pb,prdab" hostname="efeash-vpcn080" osArch="amd64" osFamily="unixi" osName="Linux" osVersion="3.10.0-1127.19.1.el7"  username="imageuser" sudo-command-enabled="true" sudo-fail-on-prompt-timeout="false"/>
<node name="pb-prd-ab23v" description="pottery barn frontend production ashburn node" tags="frontend,pb,prdab" hostname="efeash-vpcn081" osArch="amd64" osFamily="unixi" osName="Linux" osVersion="3.10.0-1127.19.1.el7"  username="imageuser" sudo-command-enabled="true" sudo-fail-on-prompt-timeout="false"/>
<node name="pb-prd-ab24v" description="pottery barn frontend production ashburn node" tags="frontend,pb,prdab" hostname="efeash-vpcn082" osArch="amd64" osFamily="unixi" osName="Linux" osVersion="3.10.0-1127.19.1.el7"  username="imageuser" sudo-command-enabled="true" sudo-fail-on-prompt-timeout="false"/>
<node name="pb-prd-ab25v" description="pottery barn frontend production ashburn node" tags="frontend,pb,prdab" hostname="efeash-vpcn083" osArch="amd64" osFamily="unixi" osName="Linux" osVersion="3.10.0-1127.19.1.el7"  username="imageuser" sudo-command-enabled="true" sudo-fail-on-prompt-timeout="false"/>
<node name="pb-prd-ab26v" description="pottery barn frontend production ashburn node" tags="frontend,pb,prdab" hostname="efeash-vpcn084" osArch="amd64" osFamily="unixi" osName="Linux" osVersion="3.10.0-1127.19.1.el7"  username="imageuser" sudo-command-enabled="true" sudo-fail-on-prompt-timeout="false"/>
<node name="pb-prd-ab27v" description="pottery barn frontend production ashburn node" tags="frontend,pb,prdab" hostname="efeash-vpcn085" osArch="amd64" osFamily="unixi" osName="Linux" osVersion="3.10.0-1127.19.1.el7"  username="imageuser" sudo-command-enabled="true" sudo-fail-on-prompt-timeout="false"/>
<node name="pb-prd-ab28v" description="pottery barn frontend production ashburn node" tags="frontend,pb,prdab" hostname="efeash-vpcn086" osArch="amd64" osFamily="unixi" osName="Linux" osVersion="3.10.0-1127.19.1.el7"  username="imageuser" sudo-command-enabled="true" sudo-fail-on-prompt-timeout="false"/>
<node name="pb-prd-ab29v" description="pottery barn frontend production ashburn node" tags="frontend,pb,prdab" hostname="efeash-vpcn087" osArch="amd64" osFamily="unixi" osName="Linux" osVersion="3.10.0-1127.19.1.el7"  username="imageuser" sudo-command-enabled="true" sudo-fail-on-prompt-timeout="false"/>
<node name="pb-prd-ab30v" description="pottery barn frontend production ashburn node" tags="frontend,pb,prdab" hostname="efeash-vpcn088" osArch="amd64" osFamily="unixi" osName="Linux" osVersion="3.10.0-1127.19.1.el7"  username="imageuser" sudo-command-enabled="true" sudo-fail-on-prompt-timeout="false"/>
<node name="pb-prd-ab31v" description="pottery barn frontend production ashburn node" tags="frontend,pb,prdab" hostname="efeash-vpcn001" osArch="amd64" osFamily="unixi" osName="Linux" osVersion="3.10.0-1127.19.1.el7"  username="imageuser" sudo-command-enabled="true" sudo-fail-on-prompt-timeout="false"/>
<node name="pb-prd-ab32v" description="pottery barn frontend production ashburn node" tags="frontend,pb,prdab" hostname="efeash-vpcn009" osArch="amd64" osFamily="unixi" osName="Linux" osVersion="3.10.0-1127.19.1.el7"  username="imageuser" sudo-command-enabled="true" sudo-fail-on-prompt-timeout="false"/>
<node name="pb-prd-ab33v" description="pottery barn frontend production ashburn node" tags="frontend,pb,prdab" hostname="efeash-vpcn036" osArch="amd64" osFamily="unixi" osName="Linux" osVersion="3.10.0-1127.19.1.el7"  username="imageuser" sudo-command-enabled="true" sudo-fail-on-prompt-timeout="false"/>



<!-- pb new centos7 servers -->
<node name="efeash-vpcn044" description="pottery barn frontend production ashburn node" tags="" hostname="efeash-vpcn044" osArch="amd64" osFamily="unix" osName="Linux" osVersion="3.10.0-957.21.3.el7"  username="imageuser" sudo-command-enabled="true" sudo-fail-on-prompt-timeout="false"/>
<node name="efeash-vpcn045" description="pottery barn frontend production ashburn node" tags="" hostname="efeash-vpcn045" osArch="amd64" osFamily="unix" osName="Linux" osVersion="3.10.0-957.21.3.el7"  username="imageuser" sudo-command-enabled="true" sudo-fail-on-prompt-timeout="false"/>
<node name="efeash-vpcn046" description="pottery barn frontend production ashburn node" tags="" hostname="efeash-vpcn046" osArch="amd64" osFamily="unix" osName="Linux" osVersion="3.10.0-957.21.3.el7"  username="imageuser" sudo-command-enabled="true" sudo-fail-on-prompt-timeout="false"/>
<node name="efeash-vpcn047" description="pottery barn frontend production ashburn node" tags="" hostname="efeash-vpcn047" osArch="amd64" osFamily="unix" osName="Linux" osVersion="3.10.0-957.21.3.el7"  username="imageuser" sudo-command-enabled="true" sudo-fail-on-prompt-timeout="false"/>
<node name="efeash-vpcn048" description="pottery barn frontend production ashburn node" tags="" hostname="efeash-vpcn048" osArch="amd64" osFamily="unix" osName="Linux" osVersion="3.10.0-957.21.3.el7"  username="imageuser" sudo-command-enabled="true" sudo-fail-on-prompt-timeout="false"/>
<node name="efeash-vpcn049" description="pottery barn frontend production ashburn node" tags="" hostname="efeash-vpcn049" osArch="amd64" osFamily="unix" osName="Linux" osVersion="3.10.0-957.21.3.el7"  username="imageuser" sudo-command-enabled="true" sudo-fail-on-prompt-timeout="false"/>
<node name="efeash-vpcn050" description="pottery barn frontend production ashburn node" tags="" hostname="efeash-vpcn050" osArch="amd64" osFamily="unix" osName="Linux" osVersion="3.10.0-957.21.3.el7"  username="imageuser" sudo-command-enabled="true" sudo-fail-on-prompt-timeout="false"/>
<node name="efeash-vpcn051" description="pottery barn frontend production ashburn node" tags="" hostname="efeash-vpcn051" osArch="amd64" osFamily="unix" osName="Linux" osVersion="3.10.0-957.21.3.el7"  username="imageuser" sudo-command-enabled="true" sudo-fail-on-prompt-timeout="false"/>
<node name="efeash-vpcn052" description="pottery barn frontend production ashburn node" tags="" hostname="efeash-vpcn052" osArch="amd64" osFamily="unix" osName="Linux" osVersion="3.10.0-957.21.3.el7"  username="imageuser" sudo-command-enabled="true" sudo-fail-on-prompt-timeout="false"/>
<node name="efeash-vpcn053" description="pottery barn frontend production ashburn node" tags="" hostname="efeash-vpcn053" osArch="amd64" osFamily="unix" osName="Linux" osVersion="3.10.0-957.21.3.el7"  username="imageuser" sudo-command-enabled="true" sudo-fail-on-prompt-timeout="false"/>

<node name="eferck-vpcn025" description="pottery barn frontend production rocklin node" tags="" hostname="eferck-vpcn025" osArch="amd64" osFamily="unix" osName="Linux" osVersion="3.10.0-957.21.3.el7"  username="imageuser" sudo-command-enabled="true" sudo-fail-on-prompt-timeout="false"/>
<node name="eferck-vpcn029" description="pottery barn frontend production rocklin node" tags="" hostname="eferck-vpcn029" osArch="amd64" osFamily="unix" osName="Linux" osVersion="3.10.0-957.21.3.el7"  username="imageuser" sudo-command-enabled="true" sudo-fail-on-prompt-timeout="false"/>
<node name="eferck-vpcn044" description="pottery barn frontend production rocklin node" tags="" hostname="eferck-vpcn044" osArch="amd64" osFamily="unix" osName="Linux" osVersion="3.10.0-957.21.3.el7"  username="imageuser" sudo-command-enabled="true" sudo-fail-on-prompt-timeout="false"/>
<node name="eferck-vpcn046" description="pottery barn frontend production rocklin node" tags="" hostname="eferck-vpcn046" osArch="amd64" osFamily="unix" osName="Linux" osVersion="3.10.0-957.21.3.el7"  username="imageuser" sudo-command-enabled="true" sudo-fail-on-prompt-timeout="false"/>
<node name="eferck-vpcn047" description="pottery barn frontend production rocklin node" tags="" hostname="eferck-vpcn047" osArch="amd64" osFamily="unix" osName="Linux" osVersion="3.10.0-957.21.3.el7"  username="imageuser" sudo-command-enabled="true" sudo-fail-on-prompt-timeout="false"/>
<node name="eferck-vpcn048" description="pottery barn frontend production rocklin node" tags="" hostname="eferck-vpcn048" osArch="amd64" osFamily="unix" osName="Linux" osVersion="3.10.0-957.21.3.el7"  username="imageuser" sudo-command-enabled="true" sudo-fail-on-prompt-timeout="false"/>
<node name="eferck-vpcn049" description="pottery barn frontend production rocklin node" tags="" hostname="eferck-vpcn049" osArch="amd64" osFamily="unix" osName="Linux" osVersion="3.10.0-957.21.3.el7"  username="imageuser" sudo-command-enabled="true" sudo-fail-on-prompt-timeout="false"/>
<node name="eferck-vpcn050" description="pottery barn frontend production rocklin node" tags="" hostname="eferck-vpcn050" osArch="amd64" osFamily="unix" osName="Linux" osVersion="3.10.0-957.21.3.el7"  username="imageuser" sudo-command-enabled="true" sudo-fail-on-prompt-timeout="false"/>
<node name="eferck-vpcn051" description="pottery barn frontend production rocklin node" tags="" hostname="eferck-vpcn051" osArch="amd64" osFamily="unix" osName="Linux" osVersion="3.10.0-957.21.3.el7"  username="imageuser" sudo-command-enabled="true" sudo-fail-on-prompt-timeout="false"/>
<node name="eferck-vpcn052" description="pottery barn frontend production rocklin node" tags="" hostname="eferck-vpcn052" osArch="amd64" osFamily="unix" osName="Linux" osVersion="3.10.0-957.21.3.el7"  username="imageuser" sudo-command-enabled="true" sudo-fail-on-prompt-timeout="false"/>

<node name="pt-prd-rk9v" description="potterybarn teen frontend production rocklin node" tags="frontend,pt,prdrk" hostname="eferck-vpcn003" osArch="amd64" osFamily="unix" osName="Linux" osVersion="3.10.0-1127.13.1.el7"  username="imageuser" sudo-command-enabled="true" sudo-fail-on-prompt-timeout="false"/>
<node name="pt-prd-rk10v" description="potterybarn teen frontend production rocklin node" tags="frontend,pt,prdrk" hostname="eferck-vpcn004" osArch="amd64" osFamily="unix" osName="Linux" osVersion="3.10.0-1127.13.1.el7"  username="imageuser" sudo-command-enabled="true" sudo-fail-on-prompt-timeout="false"/>
<node name="pt-prd-rk11v" description="potterybarn teen frontend production rocklin node" tags="frontend,pt,prdrk" hostname="eferck-vpcn005" osArch="amd64" osFamily="unix" osName="Linux" osVersion="3.10.0-1127.13.1.el7"  username="imageuser" sudo-command-enabled="true" sudo-fail-on-prompt-timeout="false"/>
<node name="pt-prd-rk12v" description="potterybarn teen frontend production rocklin node" tags="frontend,pt,prdrk" hostname="eferck-vpcn006" osArch="amd64" osFamily="unix" osName="Linux" osVersion="3.10.0-1127.13.1.el7"  username="imageuser" sudo-command-enabled="true" sudo-fail-on-prompt-timeout="false"/>
<node name="pt-prd-rk13v" description="potterybarn teen frontend production rocklin node" tags="frontend,pt,prdrk" hostname="eferck-vpcn007" osArch="amd64" osFamily="unix" osName="Linux" osVersion="3.10.0-1127.13.1.el7"  username="imageuser" sudo-command-enabled="true" sudo-fail-on-prompt-timeout="false"/>
<node name="pt-prd-rk14v" description="potterybarn teen frontend production rocklin node" tags="frontend,pt,prdrk" hostname="eferck-vpcn008" osArch="amd64" osFamily="unix" osName="Linux" osVersion="3.10.0-1127.13.1.el7"  username="imageuser" sudo-command-enabled="true" sudo-fail-on-prompt-timeout="false"/>
<node name="pt-prd-rk15v" description="potterybarn teen frontend production rocklin node" tags="frontend,pt,prdrk" hostname="eferck-vpcn010" osArch="amd64" osFamily="unix" osName="Linux" osVersion="3.10.0-1127.13.1.el7"  username="imageuser" sudo-command-enabled="true" sudo-fail-on-prompt-timeout="false"/>
<node name="pt-prd-rk16v" description="potterybarn teen frontend production rocklin node" tags="frontend,pt,prdrk" hostname="eferck-vpcn011" osArch="amd64" osFamily="unix" osName="Linux" osVersion="3.10.0-1127.13.1.el7"  username="imageuser" sudo-command-enabled="true" sudo-fail-on-prompt-timeout="false"/>
<node name="pt-prd-rk17v" description="potterybarn teen frontend production rocklin node" tags="frontend,pt,prdrk" hostname="eferck-vpcn093" osArch="amd64" osFamily="unix" osName="Linux" osVersion="3.10.0-1127.19.1.el7"  username="imageuser" sudo-command-enabled="true" sudo-fail-on-prompt-timeout="false"/>


<node name="pt-prd-ab9v" description="potterybarn teen frontend production ashburn node" tags="frontend,pt,prdab" hostname="efeash-vpcn003" osArch="amd64" osFamily="unix" osName="Linux" osVersion="3.10.0-1127.13.1.el7"  username="imageuser" sudo-command-enabled="true" sudo-fail-on-prompt-timeout="false"/>
<node name="pt-prd-ab10v" description="potterybarn teen frontend production ashburn node" tags="frontend,pt,prdab" hostname="efeash-vpcn004" osArch="amd64" osFamily="unix" osName="Linux" osVersion="3.10.0-1127.13.1.el7"  username="imageuser" sudo-command-enabled="true" sudo-fail-on-prompt-timeout="false"/>
<node name="pt-prd-ab11v" description="potterybarn teen frontend production ashburn node" tags="frontend,pt,prdab" hostname="efeash-vpcn005" osArch="amd64" osFamily="unix" osName="Linux" osVersion="3.10.0-1127.13.1.el7"  username="imageuser" sudo-command-enabled="true" sudo-fail-on-prompt-timeout="false"/>
<node name="pt-prd-ab12v" description="potterybarn teen frontend production ashburn node" tags="frontend,pt,prdab" hostname="efeash-vpcn006" osArch="amd64" osFamily="unix" osName="Linux" osVersion="3.10.0-1127.13.1.el7"  username="imageuser" sudo-command-enabled="true" sudo-fail-on-prompt-timeout="false"/>
<node name="pt-prd-ab13v" description="potterybarn teen frontend production ashburn node" tags="frontend,pt,prdab" hostname="efeash-vpcn007" osArch="amd64" osFamily="unix" osName="Linux" osVersion="3.10.0-1127.13.1.el7"  username="imageuser" sudo-command-enabled="true" sudo-fail-on-prompt-timeout="false"/>
<node name="pt-prd-ab14v" description="potterybarn teen frontend production ashburn node" tags="frontend,pt,prdab" hostname="efeash-vpcn008" osArch="amd64" osFamily="unix" osName="Linux" osVersion="3.10.0-1127.13.1.el7"  username="imageuser" sudo-command-enabled="true" sudo-fail-on-prompt-timeout="false"/>
<node name="pt-prd-ab15v" description="potterybarn teen frontend production ashburn node" tags="frontend,pt,prdab" hostname="efeash-vpcn010" osArch="amd64" osFamily="unix" osName="Linux" osVersion="3.10.0-1127.13.1.el7"  username="imageuser" sudo-command-enabled="true" sudo-fail-on-prompt-timeout="false"/>
<node name="pt-prd-ab16v" description="potterybarn teen frontend production ashburn node" tags="frontend,pt,prdab" hostname="efeash-vpcn011" osArch="amd64" osFamily="unix" osName="Linux" osVersion="3.10.0-1127.13.1.el7"  username="imageuser" sudo-command-enabled="true" sudo-fail-on-prompt-timeout="false"/>
<node name="pt-prd-ab17v" description="potterybarn teen frontend production ashburn node" tags="frontend,pt,prdab" hostname="efeash-vpcn065" osArch="amd64" osFamily="unix" osName="Linux" osVersion="3.10.0-1127.19.1.el7"  username="imageuser" sudo-command-enabled="true" sudo-fail-on-prompt-timeout="false"/>

<node name="rj-prd-ab1v" description="rejuvenation frontend production ashburn node" tags="frontend,rj,prdab" hostname="dpaash-vpcn026" osArch="amd64" osFamily="unix" osName="Linux" osVersion="3.10.0-1127.13.1.el7"  username="imageuser" sudo-command-enabled="true" sudo-fail-on-prompt-timeout="false"/>
<node name="rj-prd-ab2v" description="rejuvenation frontend production ashburn node" tags="frontend,rj,prdab" hostname="dpaash-vpcn027" osArch="amd64" osFamily="unix" osName="Linux" osVersion="3.10.0-1127.13.1.el7"  username="imageuser" sudo-command-enabled="true" sudo-fail-on-prompt-timeout="false"/>
<node name="rj-prd-ab3v" description="rejuvenation frontend production ashburn node" tags="frontend,rj,prdab" hostname="dpaash-vpcn028" osArch="amd64" osFamily="unix" osName="Linux" osVersion="3.10.0-1127.13.1.el7"  username="imageuser" sudo-command-enabled="true" sudo-fail-on-prompt-timeout="false"/>

<node name="rj-prd-rk1v" description="rejuvenation frontend production rocklin node" tags="frontend,rj,prdrk" hostname="dparck-vpcn006" osArch="amd64" osFamily="unix" osName="Linux" osVersion="3.10.0-1127.13.1.el7"  username="imageuser" sudo-command-enabled="true" sudo-fail-on-prompt-timeout="false"/>
<node name="rj-prd-rk2v" description="rejuvenation frontend production rocklin node" tags="frontend,rj,prdrk" hostname="dparck-vpcn007" osArch="amd64" osFamily="unix" osName="Linux" osVersion="3.10.0-1127.13.1.el7"  username="imageuser" sudo-command-enabled="true" sudo-fail-on-prompt-timeout="false"/>
<node name="rj-prd-rk3v" description="rejuvenation frontend production rocklin node" tags="frontend,rj,prdrk" hostname="dparck-vpcn008" osArch="amd64" osFamily="unix" osName="Linux" osVersion="3.10.0-1127.13.1.el7"  username="imageuser" sudo-command-enabled="true" sudo-fail-on-prompt-timeout="false"/>

<node name="eferck-vpcn030" description="potterybarn teen frontend production rocklin node" tags="" hostname="eferck-vpcn030" osArch="amd64" osFamily="unix" osName="Linux" osVersion="3.10.0-957.21.3.el7"  username="imageuser" sudo-command-enabled="true" sudo-fail-on-prompt-timeout="false"/>
<node name="eferck-vpcn031" description="potterybarn teen frontend production rocklin node" tags="" hostname="eferck-vpcn031" osArch="amd64" osFamily="unix" osName="Linux" osVersion="3.10.0-957.21.3.el7"  username="imageuser" sudo-command-enabled="true" sudo-fail-on-prompt-timeout="false"/>
<node name="eferck-vpcn032" description="potterybarn teen frontend production rocklin node" tags="" hostname="eferck-vpcn032" osArch="amd64" osFamily="unix" osName="Linux" osVersion="3.10.0-957.21.3.el7"  username="imageuser" sudo-command-enabled="true" sudo-fail-on-prompt-timeout="false"/>
<node name="eferck-vpcn033" description="potterybarn teen frontend production rocklin node" tags="" hostname="eferck-vpcn033" osArch="amd64" osFamily="unix" osName="Linux" osVersion="3.10.0-957.21.3.el7"  username="imageuser" sudo-command-enabled="true" sudo-fail-on-prompt-timeout="false"/>
<node name="eferck-vpcn034" description="potterybarn teen frontend production rocklin node" tags="" hostname="eferck-vpcn034" osArch="amd64" osFamily="unix" osName="Linux" osVersion="3.10.0-957.21.3.el7"  username="imageuser" sudo-command-enabled="true" sudo-fail-on-prompt-timeout="false"/>
<node name="eferck-vpcn035" description="potterybarn teen frontend production rocklin node" tags="" hostname="eferck-vpcn035" osArch="amd64" osFamily="unix" osName="Linux" osVersion="3.10.0-957.21.3.el7"  username="imageuser" sudo-command-enabled="true" sudo-fail-on-prompt-timeout="false"/>

<node name="efeash-vpcn036" description="potterybarn teen frontend production ashburn node" tags="" hostname="efeash-vpcn036" osArch="amd64" osFamily="unix" osName="Linux" osVersion="3.10.0-957.21.3.el7"  username="imageuser" sudo-command-enabled="true" sudo-fail-on-prompt-timeout="false"/>
<node name="efeash-vpcn043" description="potterybarn teen frontend production ashburn node" tags="" hostname="efeash-vpcn043" osArch="amd64" osFamily="unix" osName="Linux" osVersion="3.10.0-957.21.3.el7"  username="imageuser" sudo-command-enabled="true" sudo-fail-on-prompt-timeout="false"/>
<node name="efeash-vpcn069" description="potterybarn teen frontend production ashburn node" tags="" hostname="efeash-vpcn069" osArch="amd64" osFamily="unix" osName="Linux" osVersion="3.10.0-957.21.3.el7"  username="imageuser" sudo-command-enabled="true" sudo-fail-on-prompt-timeout="false"/>
<node name="efeash-vpcn070" description="potterybarn teen frontend production ashburn node" tags="" hostname="efeash-vpcn070" osArch="amd64" osFamily="unix" osName="Linux" osVersion="3.10.0-957.21.3.el7"  username="imageuser" sudo-command-enabled="true" sudo-fail-on-prompt-timeout="false"/>
<node name="efeash-vpcn071" description="potterybarn teen frontend production ashburn node" tags="" hostname="efeash-vpcn071" osArch="amd64" osFamily="unix" osName="Linux" osVersion="3.10.0-957.21.3.el7"  username="imageuser" sudo-command-enabled="true" sudo-fail-on-prompt-timeout="false"/>
<node name="efeash-vpcn072" description="potterybarn teen frontend production ashburn node" tags="" hostname="efeash-vpcn072" osArch="amd64" osFamily="unix" osName="Linux" osVersion="3.10.0-957.21.3.el7"  username="imageuser" sudo-command-enabled="true" sudo-fail-on-prompt-timeout="false"/>


<node name="pk-prd-rk8v" description="potterybarn kids frontend production rocklin node" tags="frontend,pk,prdrk" hostname="eferck-vpcn029" osArch="amd64" osFamily="unix" osName="Linux" osVersion="3.10.0-1127.10.1.el7"  username="imageuser" sudo-command-enabled="true" sudo-fail-on-prompt-timeout="false"/>
<node name="pk-prd-rk9v" description="potterybarn kids frontend production rocklin node" tags="frontend,pk,prdrk" hostname="eferck-vpcn030" osArch="amd64" osFamily="unix" osName="Linux" osVersion="3.10.0-1127.10.1.el7"  username="imageuser" sudo-command-enabled="true" sudo-fail-on-prompt-timeout="false"/>
<node name="pk-prd-rk10v" description="potterybarn kids frontend production rocklin node" tags="frontend,pk,prdrk" hostname="eferck-vpcn031" osArch="amd64" osFamily="unix" osName="Linux" osVersion="3.10.0-1127.10.1.el7"  username="imageuser" sudo-command-enabled="true" sudo-fail-on-prompt-timeout="false"/>
<node name="pk-prd-rk11v" description="potterybarn kids frontend production rocklin node" tags="frontend,pk,prdrk" hostname="eferck-vpcn032" osArch="amd64" osFamily="unix" osName="Linux" osVersion="3.10.0-1127.10.1.el7"  username="imageuser" sudo-command-enabled="true" sudo-fail-on-prompt-timeout="false"/>
<node name="pk-prd-rk12v" description="potterybarn kids frontend production rocklin node" tags="frontend,pk,prdrk" hostname="eferck-vpcn033" osArch="amd64" osFamily="unix" osName="Linux" osVersion="3.10.0-1127.10.1.el7"  username="imageuser" sudo-command-enabled="true" sudo-fail-on-prompt-timeout="false"/>
<node name="pk-prd-rk13v" description="potterybarn kids frontend production rocklin node" tags="frontend,pk,prdrk" hostname="eferck-vpcn034" osArch="amd64" osFamily="unix" osName="Linux" osVersion="3.10.0-1127.10.1.el7"  username="imageuser" sudo-command-enabled="true" sudo-fail-on-prompt-timeout="false"/>
<node name="pk-prd-rk14v" description="potterybarn kids frontend production rocklin node" tags="frontend,pk,prdrk" hostname="eferck-vpcn035" osArch="amd64" osFamily="unix" osName="Linux" osVersion="3.10.0-1127.10.1.el7"  username="imageuser" sudo-command-enabled="true" sudo-fail-on-prompt-timeout="false"/>
<node name="pk-prd-rk15v" description="potterybarn kids frontend production rocklin node" tags="frontend,pk,prdrk" hostname="eferck-vpcn086" osArch="amd64" osFamily="unix" osName="Linux" osVersion="3.10.0-1127.19.1.el7"  username="imageuser" sudo-command-enabled="true" sudo-fail-on-prompt-timeout="false"/>
<node name="pk-prd-rk16v" description="potterybarn kids frontend production rocklin node" tags="frontend,pk,prdrk" hostname="eferck-vpcn087" osArch="amd64" osFamily="unix" osName="Linux" osVersion="3.10.0-1127.19.1.el7"  username="imageuser" sudo-command-enabled="true" sudo-fail-on-prompt-timeout="false"/>
<node name="pk-prd-rk17v" description="potterybarn kids frontend production rocklin node" tags="frontend,pk,prdrk" hostname="eferck-vpcn088" osArch="amd64" osFamily="unix" osName="Linux" osVersion="3.10.0-1127.19.1.el7"  username="imageuser" sudo-command-enabled="true" sudo-fail-on-prompt-timeout="false"/>




<node name="pk-prd-ab8v" description="potterybarn kids frontend production ashburn node" tags="frontend,pk,prdab" hostname="efeash-vpcn029" osArch="amd64" osFamily="unix" osName="Linux" osVersion="3.10.0-1127.13.1.el7"  username="imageuser" sudo-command-enabled="true" sudo-fail-on-prompt-timeout="false"/>
<node name="pk-prd-ab9v" description="potterybarn kids frontend production ashburn node" tags="frontend,pk,prdab" hostname="efeash-vpcn030" osArch="amd64" osFamily="unix" osName="Linux" osVersion="3.10.0-1127.13.1.el7"  username="imageuser" sudo-command-enabled="true" sudo-fail-on-prompt-timeout="false"/>
<node name="pk-prd-ab10v" description="potterybarn kids frontend production ashburn node" tags="frontend,pk,prdab" hostname="efeash-vpcn031" osArch="amd64" osFamily="unix" osName="Linux" osVersion="3.10.0-1127.13.1.el7"  username="imageuser" sudo-command-enabled="true" sudo-fail-on-prompt-timeout="false"/>
<node name="pk-prd-ab11v" description="potterybarn kids frontend production ashburn node" tags="frontend,pk,prdab" hostname="efeash-vpcn032" osArch="amd64" osFamily="unix" osName="Linux" osVersion="3.10.0-1127.13.1.el7"  username="imageuser" sudo-command-enabled="true" sudo-fail-on-prompt-timeout="false"/>
<node name="pk-prd-ab12v" description="potterybarn kids frontend production ashburn node" tags="frontend,pk,prdab" hostname="efeash-vpcn033" osArch="amd64" osFamily="unix" osName="Linux" osVersion="3.10.0-1127.13.1.el7"  username="imageuser" sudo-command-enabled="true" sudo-fail-on-prompt-timeout="false"/>
<node name="pk-prd-ab13v" description="potterybarn kids frontend production ashburn node" tags="frontend,pk,prdab" hostname="efeash-vpcn034" osArch="amd64" osFamily="unix" osName="Linux" osVersion="3.10.0-1127.13.1.el7"  username="imageuser" sudo-command-enabled="true" sudo-fail-on-prompt-timeout="false"/>
<node name="pk-prd-ab14v" description="potterybarn kids frontend production ashburn node" tags="frontend,pk,prdab" hostname="efeash-vpcn035" osArch="amd64" osFamily="unix" osName="Linux" osVersion="3.10.0-1127.13.1.el7"  username="imageuser" sudo-command-enabled="true" sudo-fail-on-prompt-timeout="false"/>
<node name="pk-prd-ab15v" description="potterybarn kids frontend production ashburn node" tags="frontend,pk,prdab" hostname="efeash-vpcn059" osArch="amd64" osFamily="unix" osName="Linux" osVersion="3.10.0-1127.19.1.el7"  username="imageuser" sudo-command-enabled="true" sudo-fail-on-prompt-timeout="false"/>
<node name="pk-prd-ab16v" description="potterybarn kids frontend production ashburn node" tags="frontend,pk,prdab" hostname="efeash-vpcn060" osArch="amd64" osFamily="unix" osName="Linux" osVersion="3.10.0-1127.19.1.el7"  username="imageuser" sudo-command-enabled="true" sudo-fail-on-prompt-timeout="false"/>
<node name="pk-prd-ab17v" description="potterybarn kids frontend production ashburn node" tags="frontend,pk,prdab" hostname="efeash-vpcn061" osArch="amd64" osFamily="unix" osName="Linux" osVersion="3.10.0-1127.19.1.el7"  username="imageuser" sudo-command-enabled="true" sudo-fail-on-prompt-timeout="false"/>
<node name="pk-prd-ab18v" description="potterybarn kids frontend production ashburn node" tags="frontend,pk,prdab" hostname="efeash-vpcn040" osArch="amd64" osFamily="unix" osName="Linux" osVersion="3.10.0-1160.42.2.el7"  username="imageuser" sudo-command-enabled="true" sudo-fail-on-prompt-timeout="false"/>


<node name="pkgrck-vccn001" description="potterybarn kids frontend production rocklin node" tags="" hostname="pkgrck-vccn001" osArch="amd64" osFamily="unix" osName="Linux" osVersion="3.10.0-957.21.3.el7"  username="imageuser" sudo-command-enabled="true" sudo-fail-on-prompt-timeout="false"/>
<node name="pkgrck-vccn002" description="potterybarn kids frontend production rocklin node" tags="" hostname="pkgrck-vccn002" osArch="amd64" osFamily="unix" osName="Linux" osVersion="3.10.0-957.21.3.el7"  username="imageuser" sudo-command-enabled="true" sudo-fail-on-prompt-timeout="false"/>
<node name="pkgrck-vccn003" description="potterybarn kids frontend production rocklin node" tags="" hostname="pkgrck-vccn003" osArch="amd64" osFamily="unix" osName="Linux" osVersion="3.10.0-957.21.3.el7"  username="imageuser" sudo-command-enabled="true" sudo-fail-on-prompt-timeout="false"/>
<node name="pkgrck-vccn004" description="potterybarn kids frontend production rocklin node" tags="" hostname="pkgrck-vccn004" osArch="amd64" osFamily="unix" osName="Linux" osVersion="3.10.0-957.21.3.el7"  username="imageuser" sudo-command-enabled="true" sudo-fail-on-prompt-timeout="false"/>
<node name="pkgrck-vccn005" description="potterybarn kids frontend production rocklin node" tags="" hostname="pkgrck-vccn005" osArch="amd64" osFamily="unix" osName="Linux" osVersion="3.10.0-957.21.3.el7"  username="imageuser" sudo-command-enabled="true" sudo-fail-on-prompt-timeout="false"/>
<node name="pkgrck-vccn006" description="potterybarn kids frontend production rocklin node" tags="" hostname="pkgrck-vccn006" osArch="amd64" osFamily="unix" osName="Linux" osVersion="3.10.0-957.21.3.el7"  username="imageuser" sudo-command-enabled="true" sudo-fail-on-prompt-timeout="false"/>
<node name="pkgrck-vccn007" description="potterybarn kids frontend production rocklin node" tags="" hostname="pkgrck-vccn007" osArch="amd64" osFamily="unix" osName="Linux" osVersion="3.10.0-957.21.3.el7"  username="imageuser" sudo-command-enabled="true" sudo-fail-on-prompt-timeout="false"/>
<node name="pkgrck-vccn008" description="potterybarn kids frontend production rocklin node" tags="" hostname="pkgrck-vccn008" osArch="amd64" osFamily="unix" osName="Linux" osVersion="3.10.0-957.21.3.el7"  username="imageuser" sudo-command-enabled="true" sudo-fail-on-prompt-timeout="false"/>

<node name="efeash-vpcn028" description="potterybarn kids frontend production ashburn node" tags="" hostname="efeash-vpcn028" osArch="amd64" osFamily="unix" osName="Linux" osVersion="3.10.0-957.21.3.el7"  username="imageuser" sudo-command-enabled="true" sudo-fail-on-prompt-timeout="false"/>
<node name="efeash-vpcn030" description="potterybarn kids frontend production ashburn node" tags="" hostname="efeash-vpcn030" osArch="amd64" osFamily="unix" osName="Linux" osVersion="3.10.0-957.21.3.el7"  username="imageuser" sudo-command-enabled="true" sudo-fail-on-prompt-timeout="false"/>
<node name="efeash-vpcn037" description="potterybarn kids frontend production ashburn node" tags="" hostname="efeash-vpcn037" osArch="amd64" osFamily="unix" osName="Linux" osVersion="3.10.0-957.21.3.el7"  username="imageuser" sudo-command-enabled="true" sudo-fail-on-prompt-timeout="false"/>
<node name="efeash-vpcn038" description="potterybarn kids frontend production ashburn node" tags="" hostname="efeash-vpcn038" osArch="amd64" osFamily="unix" osName="Linux" osVersion="3.10.0-957.21.3.el7"  username="imageuser" sudo-command-enabled="true" sudo-fail-on-prompt-timeout="false"/>
<node name="efeash-vpcn039" description="potterybarn kids frontend production ashburn node" tags="" hostname="efeash-vpcn039" osArch="amd64" osFamily="unix" osName="Linux" osVersion="3.10.0-957.21.3.el7"  username="imageuser" sudo-command-enabled="true" sudo-fail-on-prompt-timeout="false"/>
<node name="efeash-vpcn040" description="potterybarn kids frontend production ashburn node" tags="" hostname="efeash-vpcn040" osArch="amd64" osFamily="unix" osName="Linux" osVersion="3.10.0-957.21.3.el7"  username="imageuser" sudo-command-enabled="true" sudo-fail-on-prompt-timeout="false"/>
<node name="efeash-vpcn041" description="potterybarn kids frontend production ashburn node" tags="" hostname="efeash-vpcn041" osArch="amd64" osFamily="unix" osName="Linux" osVersion="3.10.0-957.21.3.el7"  username="imageuser" sudo-command-enabled="true" sudo-fail-on-prompt-timeout="false"/>
<node name="efeash-vpcn042" description="potterybarn kids frontend production ashburn node" tags="" hostname="efeash-vpcn042" osArch="amd64" osFamily="unix" osName="Linux" osVersion="3.10.0-957.21.3.el7"  username="imageuser" sudo-command-enabled="true" sudo-fail-on-prompt-timeout="false"/>

<node name="we-prd-rk1v" description="westelm frontend production rocklin node" tags="frontend,we,prdrk" hostname="eferck-vpcn012" osArch="amd64" osFamily="unix" osName="Linux" osVersion="3.10.0-1127.18.2.el7"  username="imageuser" sudo-command-enabled="true" sudo-fail-on-prompt-timeout="false"/>
<node name="we-prd-rk2v" description="westelm frontend production rocklin node" tags="frontend,we,prdrk" hostname="eferck-vpcn101" osArch="amd64" osFamily="unix" osName="Linux" osVersion="3.10.0-1127.18.2.el7"  username="imageuser" sudo-command-enabled="true" sudo-fail-on-prompt-timeout="false"/>
<node name="we-prd-rk3v" description="westelm frontend production rocklin node" tags="frontend,we,prdrk" hostname="eferck-vpcn102" osArch="amd64" osFamily="unix" osName="Linux" osVersion="3.10.0-1127.18.2.el7"  username="imageuser" sudo-command-enabled="true" sudo-fail-on-prompt-timeout="false"/>
<node name="we-prd-rk4v" description="westelm frontend production rocklin node" tags="frontend,we,prdrk" hostname="eferck-vpcn103" osArch="amd64" osFamily="unix" osName="Linux" osVersion="3.10.0-1127.18.2.el7"  username="imageuser" sudo-command-enabled="true" sudo-fail-on-prompt-timeout="false"/>
<node name="we-prd-rk5v" description="westelm frontend production rocklin node" tags="frontend,we,prdrk" hostname="eferck-vpcn104" osArch="amd64" osFamily="unix" osName="Linux" osVersion="3.10.0-1127.18.2.el7"  username="imageuser" sudo-command-enabled="true" sudo-fail-on-prompt-timeout="false"/>
<node name="we-prd-rk6v" description="westelm frontend production rocklin node" tags="frontend,we,prdrk" hostname="eferck-vpcn105" osArch="amd64" osFamily="unix" osName="Linux" osVersion="3.10.0-1127.18.2.el7"  username="imageuser" sudo-command-enabled="true" sudo-fail-on-prompt-timeout="false"/>
<node name="we-prd-rk7v" description="westelm frontend production rocklin node" tags="frontend,we,prdrk" hostname="eferck-vpcn106" osArch="amd64" osFamily="unix" osName="Linux" osVersion="3.10.0-1127.18.2.el7"  username="imageuser" sudo-command-enabled="true" sudo-fail-on-prompt-timeout="false"/>
<node name="we-prd-rk8v" description="westelm frontend production rocklin node" tags="frontend,we,prdrk" hostname="eferck-vpcn107" osArch="amd64" osFamily="unix" osName="Linux" osVersion="3.10.0-1127.18.2.el7"  username="imageuser" sudo-command-enabled="true" sudo-fail-on-prompt-timeout="false"/>
<node name="we-prd-rk9v" description="westelm frontend production rocklin node" tags="frontend,we,prdrk" hostname="eferck-vpcn108" osArch="amd64" osFamily="unix" osName="Linux" osVersion="3.10.0-1127.18.2.el7"  username="imageuser" sudo-command-enabled="true" sudo-fail-on-prompt-timeout="false"/>
<node name="we-prd-rk10v" description="westelm frontend production rocklin node" tags="frontend,we,prdrk" hostname="eferck-vpcn109" osArch="amd64" osFamily="unix" osName="Linux" osVersion="3.10.0-1127.18.2.el7"  username="imageuser" sudo-command-enabled="true" sudo-fail-on-prompt-timeout="false"/>
<node name="we-prd-rk11v" description="westelm frontend production rocklin node" tags="frontend,we,prdrk" hostname="eferck-vpcn060" osArch="amd64" osFamily="unix" osName="Linux" osVersion="3.10.0-1127.18.2.el7"  username="imageuser" sudo-command-enabled="true" sudo-fail-on-prompt-timeout="false"/>
<node name="we-prd-rk12v" description="westelm frontend production rocklin node" tags="frontend,we,prdrk" hostname="eferck-vpcn045" osArch="amd64" osFamily="unix" osName="Linux" osVersion="3.10.0-1127.18.2.el7"  username="imageuser" sudo-command-enabled="true" sudo-fail-on-prompt-timeout="false"/>
<node name="we-prd-rk13v" description="westelm frontend production rocklin node" tags="frontend,we,prdrk" hostname="eferck-vpcn061" osArch="amd64" osFamily="unix" osName="Linux" osVersion="3.10.0-1127.18.2.el7"  username="imageuser" sudo-command-enabled="true" sudo-fail-on-prompt-timeout="false"/>
<node name="we-prd-rk14v" description="westelm frontend production rocklin node" tags="frontend,we,prdrk" hostname="eferck-vpcn046" osArch="amd64" osFamily="unix" osName="Linux" osVersion="3.10.0-1127.18.2.el7"  username="imageuser" sudo-command-enabled="true" sudo-fail-on-prompt-timeout="false"/>
<node name="we-prd-rk15v" description="westelm frontend production rocklin node" tags="frontend,we,prdrk" hostname="eferck-vpcn062" osArch="amd64" osFamily="unix" osName="Linux" osVersion="3.10.0-1127.18.2.el7"  username="imageuser" sudo-command-enabled="true" sudo-fail-on-prompt-timeout="false"/>
<node name="we-prd-rk16v" description="westelm frontend production rocklin node" tags="frontend,we,prdrk" hostname="eferck-vpcn047" osArch="amd64" osFamily="unix" osName="Linux" osVersion="3.10.0-1127.18.2.el7"  username="imageuser" sudo-command-enabled="true" sudo-fail-on-prompt-timeout="false"/>
<node name="we-prd-rk17v" description="westelm frontend production rocklin node" tags="frontend,we,prdrk" hostname="eferck-vpcn048" osArch="amd64" osFamily="unix" osName="Linux" osVersion="3.10.0-1127.18.2.el7"  username="imageuser" sudo-command-enabled="true" sudo-fail-on-prompt-timeout="false"/>
<node name="we-prd-rk18v" description="westelm frontend production rocklin node" tags="frontend,we,prdrk" hostname="eferck-vpcn049" osArch="amd64" osFamily="unix" osName="Linux" osVersion="3.10.0-1127.18.2.el7"  username="imageuser" sudo-command-enabled="true" sudo-fail-on-prompt-timeout="false"/>
<node name="we-prd-rk19v" description="westelm frontend production rocklin node" tags="frontend,we,prdrk" hostname="eferck-vpcn050" osArch="amd64" osFamily="unix" osName="Linux" osVersion="3.10.0-1127.18.2.el7"  username="imageuser" sudo-command-enabled="true" sudo-fail-on-prompt-timeout="false"/>
<node name="we-prd-rk20v" description="westelm frontend production rocklin node" tags="frontend,we,prdrk" hostname="eferck-vpcn051" osArch="amd64" osFamily="unix" osName="Linux" osVersion="3.10.0-1127.18.2.el7"  username="imageuser" sudo-command-enabled="true" sudo-fail-on-prompt-timeout="false"/>
<node name="we-prd-rk21v" description="westelm frontend production rocklin node" tags="frontend,we,prdrk" hostname="eferck-vpcn079" osArch="amd64" osFamily="unix" osName="Linux" osVersion="3.10.0-1127.19.1.el7"  username="imageuser" sudo-command-enabled="true" sudo-fail-on-prompt-timeout="false"/>
<node name="we-prd-rk22v" description="westelm frontend production rocklin node" tags="frontend,we,prdrk" hostname="eferck-vpcn080" osArch="amd64" osFamily="unix" osName="Linux" osVersion="3.10.0-1127.19.1.el7"  username="imageuser" sudo-command-enabled="true" sudo-fail-on-prompt-timeout="false"/>
<node name="we-prd-rk23v" description="westelm frontend production rocklin node" tags="frontend,we,prdrk" hostname="eferck-vpcn081" osArch="amd64" osFamily="unix" osName="Linux" osVersion="3.10.0-1127.19.1.el7"  username="imageuser" sudo-command-enabled="true" sudo-fail-on-prompt-timeout="false"/>



<node name="we-prd-ab1v" description="westelm frontend production ashburn node" tags="frontend,we,prdab" hostname="we-prd-ab1v" osArch="amd64" osFamily="unix" osName="Linux" osVersion="3.10.0-1127.19.1.el7"  username="imageuser" sudo-command-enabled="true" sudo-fail-on-prompt-timeout="false"/>
<node name="we-prd-ab2v" description="westelm frontend production ashburn node" tags="frontend,we,prdab" hostname="we-prd-ab2v" osArch="amd64" osFamily="unix" osName="Linux" osVersion="3.10.0-1127.19.1.el7"  username="imageuser" sudo-command-enabled="true" sudo-fail-on-prompt-timeout="false"/>
<node name="we-prd-ab3v" description="westelm frontend production ashburn node" tags="frontend,we,prdab" hostname="we-prd-ab3v" osArch="amd64" osFamily="unix" osName="Linux" osVersion="3.10.0-1127.19.1.el7"  username="imageuser" sudo-command-enabled="true" sudo-fail-on-prompt-timeout="false"/>
<node name="we-prd-ab4v" description="westelm frontend production ashburn node" tags="frontend,we,prdab" hostname="we-prd-ab4v" osArch="amd64" osFamily="unix" osName="Linux" osVersion="3.10.0-1127.19.1.el7"  username="imageuser" sudo-command-enabled="true" sudo-fail-on-prompt-timeout="false"/>
<node name="we-prd-ab5v" description="westelm frontend production ashburn node" tags="frontend,we,prdab" hostname="we-prd-ab5v" osArch="amd64" osFamily="unix" osName="Linux" osVersion="3.10.0-1127.19.1.el7"  username="imageuser" sudo-command-enabled="true" sudo-fail-on-prompt-timeout="false"/>
<node name="we-prd-ab6v" description="westelm frontend production ashburn node" tags="frontend,we,prdab" hostname="we-prd-ab6v" osArch="amd64" osFamily="unix" osName="Linux" osVersion="3.10.0-1127.19.1.el7"  username="imageuser" sudo-command-enabled="true" sudo-fail-on-prompt-timeout="false"/>
<node name="we-prd-ab7v" description="westelm frontend production ashburn node" tags="frontend,we,prdab" hostname="we-prd-ab7v" osArch="amd64" osFamily="unix" osName="Linux" osVersion="3.10.0-1127.19.1.el7"  username="imageuser" sudo-command-enabled="true" sudo-fail-on-prompt-timeout="false"/>
<node name="we-prd-ab8v" description="westelm frontend production ashburn node" tags="frontend,we,prdab" hostname="we-prd-ab8v" osArch="amd64" osFamily="unix" osName="Linux" osVersion="3.10.0-1127.19.1.el7"  username="imageuser" sudo-command-enabled="true" sudo-fail-on-prompt-timeout="false"/>
<node name="we-prd-ab9v" description="westelm frontend production ashburn node" tags="frontend,we,prdab" hostname="we-prd-ab9v" osArch="amd64" osFamily="unix" osName="Linux" osVersion="3.10.0-1127.19.1.el7"  username="imageuser" sudo-command-enabled="true" sudo-fail-on-prompt-timeout="false"/>
<node name="we-prd-ab10v" description="westelm frontend production ashburn node" tags="frontend,we,prdab" hostname="we-prd-ab10v" osArch="amd64" osFamily="unix" osName="Linux" osVersion="3.10.0-1127.19.1.el7"  username="imageuser" sudo-command-enabled="true" sudo-fail-on-prompt-timeout="false"/>

<node name="we-prd-ab11v" description="westelm frontend production ashburn node" tags="frontend,we,prdab" hostname="efeash-vpcn090" osArch="amd64" osFamily="unix" osName="Linux" osVersion="3.10.0-1127.19.1.el7"  username="imageuser" sudo-command-enabled="true" sudo-fail-on-prompt-timeout="false"/>
<node name="we-prd-ab12v" description="westelm frontend production ashburn node" tags="frontend,we,prdab" hostname="efeash-vpcn091" osArch="amd64" osFamily="unix" osName="Linux" osVersion="3.10.0-1127.19.1.el7"  username="imageuser" sudo-command-enabled="true" sudo-fail-on-prompt-timeout="false"/>
<node name="we-prd-ab13v" description="westelm frontend production ashburn node" tags="frontend,we,prdab" hostname="efeash-vpcn092" osArch="amd64" osFamily="unix" osName="Linux" osVersion="3.10.0-1127.19.1.el7"  username="imageuser" sudo-command-enabled="true" sudo-fail-on-prompt-timeout="false"/>
<node name="we-prd-ab14v" description="westelm frontend production ashburn node" tags="frontend,we,prdab" hostname="efeash-vpcn093" osArch="amd64" osFamily="unix" osName="Linux" osVersion="3.10.0-1127.19.1.el7"  username="imageuser" sudo-command-enabled="true" sudo-fail-on-prompt-timeout="false"/>
<node name="we-prd-ab15v" description="westelm frontend production ashburn node" tags="frontend,we,prdab" hostname="efeash-vpcn094" osArch="amd64" osFamily="unix" osName="Linux" osVersion="3.10.0-1127.19.1.el7"  username="imageuser" sudo-command-enabled="true" sudo-fail-on-prompt-timeout="false"/>
<node name="we-prd-ab16v" description="westelm frontend production ashburn node" tags="frontend,we,prdab" hostname="efeash-vpcn095" osArch="amd64" osFamily="unix" osName="Linux" osVersion="3.10.0-1127.19.1.el7"  username="imageuser" sudo-command-enabled="true" sudo-fail-on-prompt-timeout="false"/>
<node name="we-prd-ab17v" description="westelm frontend production ashburn node" tags="frontend,we,prdab" hostname="efeash-vpcn096" osArch="amd64" osFamily="unix" osName="Linux" osVersion="3.10.0-1127.19.1.el7"  username="imageuser" sudo-command-enabled="true" sudo-fail-on-prompt-timeout="false"/>
<node name="we-prd-ab18v" description="westelm frontend production ashburn node" tags="frontend,we,prdab" hostname="efeash-vpcn097" osArch="amd64" osFamily="unix" osName="Linux" osVersion="3.10.0-1127.19.1.el7"  username="imageuser" sudo-command-enabled="true" sudo-fail-on-prompt-timeout="false"/>
<node name="we-prd-ab19v" description="westelm frontend production ashburn node" tags="frontend,we,prdab" hostname="efeash-vpcn098" osArch="amd64" osFamily="unix" osName="Linux" osVersion="3.10.0-1127.19.1.el7"  username="imageuser" sudo-command-enabled="true" sudo-fail-on-prompt-timeout="false"/>
<node name="we-prd-ab20v" description="westelm frontend production ashburn node" tags="frontend,we,prdab" hostname="efeash-vpcn099" osArch="amd64" osFamily="unix" osName="Linux" osVersion="3.10.0-1127.19.1.el7"  username="imageuser" sudo-command-enabled="true" sudo-fail-on-prompt-timeout="false"/>
<node name="we-prd-ab21v" description="westelm frontend production ashburn node" tags="frontend,we,prdab" hostname="efeash-vpcn052" osArch="amd64" osFamily="unix" osName="Linux" osVersion="3.10.0-1127.19.1.el7"  username="imageuser" sudo-command-enabled="true" sudo-fail-on-prompt-timeout="false"/>
<node name="we-prd-ab22v" description="westelm frontend production ashburn node" tags="frontend,we,prdab" hostname="efeash-vpcn053" osArch="amd64" osFamily="unix" osName="Linux" osVersion="3.10.0-1127.19.1.el7"  username="imageuser" sudo-command-enabled="true" sudo-fail-on-prompt-timeout="false"/>
<node name="we-prd-ab23v" description="westelm frontend production ashburn node" tags="frontend,we,prdab" hostname="efeash-vpcn054" osArch="amd64" osFamily="unix" osName="Linux" osVersion="3.10.0-1127.19.1.el7"  username="imageuser" sudo-command-enabled="true" sudo-fail-on-prompt-timeout="false"/>



<node name="ws-prd-rk10v" description="williams sonoma frontend production rocklin node" tags="frontend,ws,prdrk" hostname="eferck-vpcn019" osArch="amd64" osFamily="unix" osName="Linux" osVersion="3.10.0-1127.13.1.el7"  username="imageuser" sudo-command-enabled="true" sudo-fail-on-prompt-timeout="false"/>
<node name="ws-prd-rk11v" description="williams sonoma frontend production rocklin node" tags="frontend,ws,prdrk" hostname="eferck-vpcn020" osArch="amd64" osFamily="unix" osName="Linux" osVersion="3.10.0-1127.13.1.el7"  username="imageuser" sudo-command-enabled="true" sudo-fail-on-prompt-timeout="false"/>
<node name="ws-prd-rk12v" description="williams sonoma frontend production rocklin node" tags="frontend,ws,prdrk" hostname="eferck-vpcn021" osArch="amd64" osFamily="unix" osName="Linux" osVersion="3.10.0-1127.13.1.el7"  username="imageuser" sudo-command-enabled="true" sudo-fail-on-prompt-timeout="false"/>
<node name="ws-prd-rk13v" description="williams sonoma frontend production rocklin node" tags="frontend,ws,prdrk" hostname="eferck-vpcn022" osArch="amd64" osFamily="unix" osName="Linux" osVersion="3.10.0-1127.13.1.el7"  username="imageuser" sudo-command-enabled="true" sudo-fail-on-prompt-timeout="false"/>
<node name="ws-prd-rk14v" description="williams sonoma frontend production rocklin node" tags="frontend,ws,prdrk" hostname="eferck-vpcn023" osArch="amd64" osFamily="unix" osName="Linux" osVersion="3.10.0-1127.13.1.el7"  username="imageuser" sudo-command-enabled="true" sudo-fail-on-prompt-timeout="false"/>
<node name="ws-prd-rk15v" description="williams sonoma frontend production rocklin node" tags="frontend,ws,prdrk" hostname="eferck-vpcn024" osArch="amd64" osFamily="unix" osName="Linux" osVersion="3.10.0-1127.13.1.el7"  username="imageuser" sudo-command-enabled="true" sudo-fail-on-prompt-timeout="false"/>
<node name="ws-prd-rk16v" description="williams sonoma frontend production rocklin node" tags="frontend,ws,prdrk" hostname="eferck-vpcn025" osArch="amd64" osFamily="unix" osName="Linux" osVersion="3.10.0-1127.13.1.el7"  username="imageuser" sudo-command-enabled="true" sudo-fail-on-prompt-timeout="false"/>
<node name="ws-prd-rk17v" description="williams sonoma frontend production rocklin node" tags="frontend,ws,prdrk" hostname="eferck-vpcn026" osArch="amd64" osFamily="unix" osName="Linux" osVersion="3.10.0-1127.13.1.el7"  username="imageuser" sudo-command-enabled="true" sudo-fail-on-prompt-timeout="false"/>
<node name="ws-prd-rk18v" description="williams sonoma frontend production rocklin node" tags="frontend,ws,prdrk" hostname="eferck-vpcn027" osArch="amd64" osFamily="unix" osName="Linux" osVersion="3.10.0-1127.13.1.el7"  username="imageuser" sudo-command-enabled="true" sudo-fail-on-prompt-timeout="false"/>
<node name="ws-prd-rk19v" description="williams sonoma frontend production rocklin node" tags="frontend,ws,prdrk" hostname="eferck-vpcn072" osArch="amd64" osFamily="unix" osName="Linux" osVersion="3.10.0-1127.19.1.el7"  username="imageuser" sudo-command-enabled="true" sudo-fail-on-prompt-timeout="false"/>
<node name="ws-prd-rk20v" description="williams sonoma frontend production rocklin node" tags="frontend,ws,prdrk" hostname="eferck-vpcn073" osArch="amd64" osFamily="unix" osName="Linux" osVersion="3.10.0-1127.19.1.el7"  username="imageuser" sudo-command-enabled="true" sudo-fail-on-prompt-timeout="false"/>
<node name="ws-prd-rk21v" description="williams sonoma frontend production rocklin node" tags="frontend,ws,prdrk" hostname="eferck-vpcn074" osArch="amd64" osFamily="unix" osName="Linux" osVersion="3.10.0-1127.19.1.el7"  username="imageuser" sudo-command-enabled="true" sudo-fail-on-prompt-timeout="false"/>
<node name="ws-prd-rk22v" description="williams sonoma frontend production rocklin node" tags="frontend,ws,prdrk" hostname="eferck-vpcn075" osArch="amd64" osFamily="unix" osName="Linux" osVersion="3.10.0-1127.19.1.el7"  username="imageuser" sudo-command-enabled="true" sudo-fail-on-prompt-timeout="false"/>


<node name="ws-prd-ab10v" description="williams sonoma frontend production ashburn node" tags="frontend,ws,prdab" hostname="efeash-vpcn019" osArch="amd64" osFamily="unix" osName="Linux" osVersion="3.10.0-1127.13.1.el7"  username="imageuser" sudo-command-enabled="true" sudo-fail-on-prompt-timeout="false"/>
<node name="ws-prd-ab11v" description="williams sonoma frontend production ashburn node" tags="frontend,ws,prdab" hostname="efeash-vpcn020" osArch="amd64" osFamily="unix" osName="Linux" osVersion="3.10.0-1127.13.1.el7"  username="imageuser" sudo-command-enabled="true" sudo-fail-on-prompt-timeout="false"/>
<node name="ws-prd-ab12v" description="williams sonoma frontend production ashburn node" tags="frontend,ws,prdab" hostname="efeash-vpcn021" osArch="amd64" osFamily="unix" osName="Linux" osVersion="3.10.0-1127.13.1.el7"  username="imageuser" sudo-command-enabled="true" sudo-fail-on-prompt-timeout="false"/>
<node name="ws-prd-ab13v" description="williams sonoma frontend production ashburn node" tags="frontend,ws,prdab" hostname="efeash-vpcn022" osArch="amd64" osFamily="unix" osName="Linux" osVersion="3.10.0-1127.13.1.el7"  username="imageuser" sudo-command-enabled="true" sudo-fail-on-prompt-timeout="false"/>
<node name="ws-prd-ab14v" description="williams sonoma frontend production ashburn node" tags="frontend,ws,prdab" hostname="efeash-vpcn023" osArch="amd64" osFamily="unix" osName="Linux" osVersion="3.10.0-1127.13.1.el7"  username="imageuser" sudo-command-enabled="true" sudo-fail-on-prompt-timeout="false"/>
<node name="ws-prd-ab15v" description="williams sonoma frontend production ashburn node" tags="frontend,ws,prdab" hostname="efeash-vpcn024" osArch="amd64" osFamily="unix" osName="Linux" osVersion="3.10.0-1127.13.1.el7"  username="imageuser" sudo-command-enabled="true" sudo-fail-on-prompt-timeout="false"/>
<node name="ws-prd-ab16v" description="williams sonoma frontend production ashburn node" tags="frontend,ws,prdab" hostname="efeash-vpcn025" osArch="amd64" osFamily="unix" osName="Linux" osVersion="3.10.0-1127.13.1.el7"  username="imageuser" sudo-command-enabled="true" sudo-fail-on-prompt-timeout="false"/>
<node name="ws-prd-ab17v" description="williams sonoma frontend production ashburn node" tags="frontend,ws,prdab" hostname="efeash-vpcn026" osArch="amd64" osFamily="unix" osName="Linux" osVersion="3.10.0-1127.13.1.el7"  username="imageuser" sudo-command-enabled="true" sudo-fail-on-prompt-timeout="false"/>
<node name="ws-prd-ab18v" description="williams sonoma frontend production ashburn node" tags="frontend,ws,prdab" hostname="efeash-vpcn027" osArch="amd64" osFamily="unix" osName="Linux" osVersion="3.10.0-1127.13.1.el7"  username="imageuser" sudo-command-enabled="true" sudo-fail-on-prompt-timeout="false"/>
<node name="ws-prd-ab19v" description="williams sonoma frontend production ashburn node" tags="frontend,ws,prdab" hostname="efeash-vpcn045" osArch="amd64" osFamily="unix" osName="Linux" osVersion="3.10.0-1127.19.1.el7"  username="imageuser" sudo-command-enabled="true" sudo-fail-on-prompt-timeout="false"/>
<node name="ws-prd-ab20v" description="williams sonoma frontend production ashburn node" tags="frontend,ws,prdab" hostname="efeash-vpcn046" osArch="amd64" osFamily="unix" osName="Linux" osVersion="3.10.0-1127.19.1.el7"  username="imageuser" sudo-command-enabled="true" sudo-fail-on-prompt-timeout="false"/>
<node name="ws-prd-ab21v" description="williams sonoma frontend production ashburn node" tags="frontend,ws,prdab" hostname="efeash-vpcn047" osArch="amd64" osFamily="unix" osName="Linux" osVersion="3.10.0-1127.19.1.el7"  username="imageuser" sudo-command-enabled="true" sudo-fail-on-prompt-timeout="false"/>
<node name="ws-prd-ab22v" description="williams sonoma frontend production ashburn node" tags="frontend,ws,prdab" hostname="efeash-vpcn048" osArch="amd64" osFamily="unix" osName="Linux" osVersion="3.10.0-1127.19.1.el7"  username="imageuser" sudo-command-enabled="true" sudo-fail-on-prompt-timeout="false"/>
<node name="ws-prd-ab23v" description="williams sonoma frontend production ashburn node" tags="frontend,ws,prdab" hostname="efeash-vpcn041" osArch="amd64" osFamily="unix" osName="Linux" osVersion="3.10.0-1160.42.2.el7"  username="imageuser" sudo-command-enabled="true" sudo-fail-on-prompt-timeout="false"/>
<node name="ws-prd-ab24v" description="williams sonoma frontend production ashburn node" tags="frontend,ws,prdab" hostname="efeash-vpcn042" osArch="amd64" osFamily="unix" osName="Linux" osVersion="3.10.0-1160.42.2.el7"  username="imageuser" sudo-command-enabled="true" sudo-fail-on-prompt-timeout="false"/>

<!-- Note: these are being tagged as 'rk' instead of sac so they get deployed along with the other RCK nodes -->
<node name="pk-prd-sac1v" description="frontend production sac node" tags="frontend,pk,prdrk" hostname="efesac-vpcn004" osArch="amd64" osFamily="unix" osName="Linux" osVersion="3.10.0-1127.13.1.el7"  username="imageuser" sudo-command-enabled="true" sudo-fail-on-prompt-timeout="false"/>
<node name="ws-prd-sac1v" description="frontend production sac node" tags="frontend,ws,prdrk" hostname="efesac-vpcn005" osArch="amd64" osFamily="unix" osName="Linux" osVersion="3.10.0-1127.13.1.el7"  username="imageuser" sudo-command-enabled="true" sudo-fail-on-prompt-timeout="false"/>
<node name="ws-prd-sac2v" description="frontend production sac node" tags="frontend,ws,prdrk" hostname="efesac-vpcn006" osArch="amd64" osFamily="unix" osName="Linux" osVersion="3.10.0-1127.13.1.el7"  username="imageuser" sudo-command-enabled="true" sudo-fail-on-prompt-timeout="false"/>

<!-- esre-portal nodes -->
<node name="xcarck-vpcn003" description="ESRE portal" tags="esre,portal,prdrk" hostname="xcarck-vpcn003" osArch="amd64" osFamily="unix" osName="Linux" osVersion="3.10.0-862.3.2.el7" username="imageuser" sudo-command-enabled="true" sudo-fail-on-prompt-timeout="false"/>
<node name="xcarck-vpcn002" description="ESRE portal" tags="esre,portal,prdrk" hostname="xcarck-vpcn002" osArch="amd64" osFamily="unix" osName="Linux" osVersion="3.10.0-862.3.2.el7" username="imageuser" sudo-command-enabled="true" sudo-fail-on-prompt-timeout="false"/>
<node name="xcarck-vpcn001" description="ESRE portal" tags="esre,portal,prdrk" hostname="xcarck-vpcn001" osArch="amd64" osFamily="unix" osName="Linux" osVersion="3.10.0-862.3.2.el7" username="imageuser" sudo-command-enabled="true" sudo-fail-on-prompt-timeout="false"/>

<node name="xcaash-vccn002" description="ESRE portal" tags="esre,portal,prdab" hostname="xcaash-vccn002" osArch="amd64" osFamily="unix" osName="Linux" osVersion="3.10.0-862.3.2.el7" username="imageuser" sudo-command-enabled="true" sudo-fail-on-prompt-timeout="false"/>
<node name="xcaash-vccn003" description="ESRE portal" tags="esre,portal,prdab" hostname="xcaash-vccn003" osArch="amd64" osFamily="unix" osName="Linux" osVersion="3.10.0-862.3.2.el7" username="imageuser" sudo-command-enabled="true" sudo-fail-on-prompt-timeout="false"/>
<node name="xcaash-vccn004" description="ESRE portal" tags="esre,portal,prdab" hostname="xcaash-vccn004" osArch="amd64" osFamily="unix" osName="Linux" osVersion="3.10.0-862.3.2.el7" username="imageuser" sudo-command-enabled="true" sudo-fail-on-prompt-timeout="false"/>

</project>
