<project basedir="." name="contentbuild2">

	<target name="bs2.contentBuildActivate" depends="init">
		<trycatch property="error.url.message">
		<try>
			<echo message="Run Content Build..."/>
			<runtarget target="clean.working.dir"/>
			<runtarget target="bs2.releaser2.task"/>
		</try>
		<catch>
			<echo message="***Content Build Failed...Preparing ERROR logs***"/>
			<runtarget target="bs2.buildnumber"/>
			<exec executable = "wget" dir="work"> 
				<arg value= "-O"/>
				<arg value="contentbuild-ERROR.log"/>
				<arg value="http://thevault/buildsystem2/builds/${project}dp/cmx-build-${bnumber}/ERROR.LOG"/>
			</exec>
			<fail>"Please click on the Bamboo Artifacts tab to view ERROR.log OR view at http://thevault/buildsystem2/builds/${project}dp/cmx-build-${bnumber}/ERROR.LOG"</fail>
		</catch>	
		</trycatch>		
	</target>
	
	
	<target name="bs2.commonContentBuildActivate" depends="init">
		<trycatch property="error.url.message">
		<try>
			<echo message="Run Content Build..."/>
			<runtarget target="clean.working.dir"/>
			<runtarget target="bs2.commoncontent.releaser2.task"/>
		</try>
		<catch>
			<echo message="***Content Build Failed...Preparing ERROR logs***"/>
			<runtarget target="bs2.buildnumber"/>
			<exec executable = "wget" dir="work"> 
				<arg value= "-O"/>
				<arg value="contentbuild-ERROR.log"/>
				<arg value="http://thevault/buildsystem2/builds/${project}dp_UI/cmx-build-${bnumber}/ERROR.LOG"/>
			</exec>
			<fail>"Please click on the Bamboo Artifacts tab to view ERROR.log OR view at http://thevault/buildsystem2/builds/${project}dp_UI/cmx-build-${bnumber}/ERROR.LOG"</fail>
		</catch>	
		</trycatch>		
	</target>
	
	<target name="clean.working.dir" depends="init">
			<delete>
				<fileset dir="work" includes="contentbuild-ERROR.log"/>
			</delete>
	</target>
	

    <target name="bs2.commoncontent.releaser2.task" depends="init">
           <echo message="Calling releaser.jar with the following args: ${bsuri} ${hostLogin} ${project}dp_UI ${contentBranch} ${forcebuild} ${revision}"/>
               <record name="./work/content_build_output.txt" action="start"/>
               <java dir="." jar="${ant.home}/lib/build-system-releaser-2.0.1-jar-with-dependencies1.jar" 
                fork="true" 
                failonerror="true" 
                maxmemory="512m">
               <arg value="bsuri=${bsuri}" />
               <arg value="bgburi=${bgburi}" />
               <arg value="login=${hostLogin}" />
               <arg value="password=${LDAPLogin}" />
               <arg value="project=${project}dp_UI" />         
               <arg value="branch=${contentBranch}" />
               <arg value="force=${forcebuild}" />
               <arg value="env=dp${ActInstallation}" />
               <arg value="siteid=${site.id}" />
	    	   <arg value="bgbconcept=${projectAbbr}" />
	    	   <arg value="revision=${revision}" />
	     	   <jvmarg value="-Dlog4j.configuration=file:///${ant.home}/lib/log4j.properties" />
               <classpath>
                   <pathelement path="${java.class.path}" />
               </classpath>
           </java>
           <record name="./work/content_build_output.txt" action="stop"/>
           
           <antcall target="bs2.buildnumber" inheritAll="true"/>
           <antcall target="bs2.activate.content" inheritAll="true"/>
       </target>
       

    <target name="bs2.releaser2.task" depends="init">
           <echo message="Calling releaser.jar with the following args: ${bsuri} ${hostLogin} ${project}dp ${contentBranch} ${forcebuild}"/>
               <record name="./work/content_build_output.txt" action="start"/>
               <java dir="." jar="${ant.home}/lib/build-system-releaser-2.0.1-jar-with-dependencies1.jar" 
                fork="true" 
                failonerror="true" 
                maxmemory="512m">
               <arg value="bsuri=${bsuri}" />
               <arg value="bgburi=${bgburi}" />
               <arg value="login=${hostLogin}" />
               <arg value="password=${LDAPLogin}" />
               <arg value="project=${project}dp" />         
               <arg value="branch=${contentBranch}" />
               <arg value="force=${forcebuild}" />
               <arg value="env=dp${ActInstallation}" />
               <arg value="siteid=${site.id}" />
	    	   <arg value="bgbconcept=${projectAbbr}" />
	     	   <jvmarg value="-Dlog4j.configuration=file:///${ant.home}/lib/log4j.properties" />
               <classpath>
                   <pathelement path="${java.class.path}" />
               </classpath>
           </java>
           <record name="./work/content_build_output.txt" action="stop"/>
           
           <antcall target="bs2.buildnumber" inheritAll="true"/>
           <antcall target="bs2.activate.content" inheritAll="true"/>
       </target>
       
       
       
   	<target name="bs2.buildnumber" depends="init">
		<exec executable ="lib/./grep-bnumber.sh" outputproperty="bnumber-tmp" />
		<propertyregex property="genname-tmp" global="true" input="${bnumber-tmp}" regexp="(\d)(\d)(\d+)-(\d)(\d+)" replace="\1\3\5" casesensitive="false" />
		<propertyregex property="bnumber" global="true" input="${bnumber-tmp}" regexp="\n" replace="" />
		<propertyregex property="genname" global="true" input="${genname-tmp}" regexp="\n" replace="" />
		<echo>***using branch:  ${contentBranch}***</echo>
		<echo>***new build number is: ${bnumber}***</echo>
		<echo>***new generation ID is: ${genname}***</echo>
	</target>   
	

	<target name="bs2.activate.content" depends="init">
		<echo> ***ANTCALLBACK TO RETRIEVE GENAME PROPERTY*** </echo>
		<antcallback target="bs2.buildnumber" inheritAll="true" return="genname,bnumber"/>
		<echo>***Check if we need to activate content***</echo>	
		<svn svnkit="false" javahl="false" username="${hostLogin}" password="${LDAPLogin}">
			 <update revision="HEAD" dir="./build_data/" />
		</svn>
		
		<property file="./build_data/content-deploy/${enviro}/${project}.properties"/>
		<echo>***Previous generation name for ${enviro} from ${contentBranch} : === ${bs2_genname} === ***</echo>	
		<if>
			<equals arg1="${genname}" arg2="${bs2_genname}" trim="true" forcestring="true"/>
			<then>
				<echo message = "***Generation Name matches at ${genname} ...nothing to activate.***"/>
			</then>
			<else>
				<echo message = "***Generation Names do NOT match. OLD:${bs2_genname}  -  NEW:${genname}.***"/> 
				<echo>*************ACTIVATING*************</echo>
				<echo>***NEW GEN:${genname}***</echo>
				<echo>***Site Id:${site.id}***</echo>
				<echo>***Activation Installation:${ActInstallation}***</echo>		
				
				<tempfile property="refresh.stub.tempfile"
				  destdir="work/"
				  prefix="ActivateGen"
				  suffix=".sql"/>

	 			<concat destfile="${refresh.stub.tempfile}">
					<path path="lib/ActivateContentTemplate.sql"/>
					<filterchain>
						<replacetokens>
				 			<token key="genname" value="${genname}"/>
				 			<token key="site.id" value="${site.id}"/>
				 			<token key="ActInstallation" value="${ActInstallation}"/>
						</replacetokens>
			 		</filterchain>
	   			</concat>
		
				<sql driver="oracle.jdbc.driver.OracleDriver" 
					url="jdbc:oracle:thin:@${DBHost}:3800/${DBInst}" 
					userid="${DBUid}" 
					password="${DBPwd}"
					src="${refresh.stub.tempfile}"  
					onerror="abort"
					print="true">
				</sql>
				
			<copy file="${refresh.stub.tempfile}" todir="./lastGen.sql"/>
			
		<echo>***Write activated content to properties file***</echo>
		<delete dir="./build_data/content-deploy/${enviro}/" />
		<svn svnkit="false" javahl="false" username="${hostLogin}" password="${LDAPLogin}">
			 <update revision="HEAD" dir="./build_data/" />
		</svn>
		<mkdir dir="./build_data/content-deploy/${enviro}/" />
		<delete file="./build_data/content-deploy/${enviro}/${project}.properties" />
		<propertyfile file="./build_data/content-deploy/${enviro}/${project}.properties">
			<entry  key="bs2_genname" value="${genname}"/>
			<entry  key="bs2_bnumber" value="${bnumber}"/>		
		</propertyfile>	
		<svn svnkit="false" javahl="false" username="${hostLogin}" password="${LDAPLogin}">
			<add force="true" dir="./build_data/content-deploy/${enviro}/" />
			<propset path="./build_data/content-deploy/${enviro}/${project}.properties" name="svn:mime-type" value="text/plain"/>	
			<propset path="./build_data/content-deploy/${enviro}/${project}.properties" name="svn:eol-style" value="native"/>	
			<propset path="./build_data/content-deploy/${enviro}/${project}.properties" name="svn:keywords" value="Id Author LastChangedDate LastChangedBy"/>					
			<commit dir="./build_data/content-deploy/${enviro}/" message="Writing deployed bs2 content build info for ${project}"/>
		</svn>
			</else>
		</if>
		
	</target>
	
	
	
	<target name="bs2.pull.content" depends="init">
		<svn svnkit="false" javahl="false" username="${hostLogin}" password="${LDAPLogin}">
			 <update revision="HEAD" dir="./build_data/" />
		</svn>
		<property file="./build_data/content-deploy/${pull.enviro}/${project}.properties"/>
		<echo>***The content on ${pull.enviro} is : === ${bs2_genname} === ***</echo>	
				<echo>*************ACTIVATING GENERATION FROM ${pull.enviro}  *************</echo>
				<echo>***NEW GEN:${bs2_genname}***</echo>
				<echo>***Site Id:${site.id}***</echo>
				<echo>***Activation Installation:${ActInstallation}***</echo>		
		<tempfile property="refresh.stub.tempfile"
				destdir="work/"
				prefix="ActivateGen"
				suffix=".sql"
				/>
	 	<concat destfile="${refresh.stub.tempfile}">
			<path path="lib/ActivateContentTemplate.sql"/>
			<filterchain>
					<replacetokens>
				 		<token key="genname" value="${bs2_genname}"/>
				 		<token key="site.id" value="${site.id}"/>
				 		<token key="ActInstallation" value="${ActInstallation}"/>
					</replacetokens>
			</filterchain>
	   	</concat>
		
		<sql driver="oracle.jdbc.driver.OracleDriver" 
				url="jdbc:oracle:thin:@${DBHost}:3800/${DBInst}" 
				userid="${DBUid}" 
				password="${DBPwd}"
				src="${refresh.stub.tempfile}"  
				onerror="abort"
				print="true">
		</sql>
				
		<copy file="${refresh.stub.tempfile}" todir="./lastGen.sql"/>
			
		<echo>***Write activated content to properties file***</echo>
		<delete dir="./build_data/content-deploy/${enviro}/" />
		<svn svnkit="false" javahl="false" username="${hostLogin}" password="${LDAPLogin}">
			 <update revision="HEAD" dir="./build_data/" />
		</svn>
		<mkdir dir="./build_data/content-deploy/${enviro}/" />
		<delete file="./build_data/content-deploy/${enviro}/${project}.properties" />
		<propertyfile file="./build_data/content-deploy/${enviro}/${project}.properties">
			<entry  key="bs2_genname" value="${bs2_genname}"/>	
		</propertyfile>	
		<svn svnkit="false" javahl="false" username="${hostLogin}" password="${LDAPLogin}">
			<add force="true" dir="./build_data/content-deploy/${enviro}/" />
			<propset path="./build_data/content-deploy/${enviro}/${project}.properties" name="svn:mime-type" value="text/plain"/>	
			<propset path="./build_data/content-deploy/${enviro}/${project}.properties" name="svn:eol-style" value="native"/>	
			<propset path="./build_data/content-deploy/${enviro}/${project}.properties" name="svn:keywords" value="Id Author LastChangedDate LastChangedBy"/>					
			<commit dir="./build_data/content-deploy/${enviro}/" message="Writing deployed bs2 content build info for ${project}"/>
		</svn>
	</target>
	
	       
</project>