<project basedir="." default="help" name="deploy">
	
	<import file="./contentbuild.xml"/>
	<import file="./test.xml"/>

	<target name="help">
		<echo message="There is no help for you yet! Use ant -p to see available targets."/>
	</target>	
	
	<target name="init">
		<mkdir dir="./work"/>
	</target>

	<target name="deploy.all">
		<antcall target="deploy.content" inheritAll="true"/>
		<antcall target="get.snapshot.war" inheritAll="true"/>	
		<antcall target="deploy.war" inheritAll="true"/>	
		<antcall target="generate-env-summary" inheritAll="true"/>
	</target>

	<target name="deploy.snapshot.war">
		<antcall target="get.snapshot.war" inheritAll="true"/>	
		<antcall target="deploy.war" inheritAll="true"/>	
		<antcall target="generate-env-summary" inheritAll="true"/>
	</target>
	
	<target name="deploy.snapshot.war.bamboo">
		<antcall target="get.snapshot.war" inheritAll="true"/>	
		<antcall target="deploy.war.bamboo" inheritAll="true"/>	
		<antcall target="generate-env-summary" inheritAll="true"/>
	</target>
	
	<target name="deploy.storeregistry.snapshot.war">
		<antcall target="get.snapshot.war" inheritAll="true"/>	
		<antcall target="deploy.storeregistry.war" inheritAll="true"/>	
		<antcall target="generate-env-summary" inheritAll="true"/>
	</target>

	<target name="deploy.snapshotversion.war">
		<antcall target="get.snapshotversion.war" inheritAll="true"/>	
		<antcall target="deploy.war" inheritAll="true"/>	
		<antcall target="generate-env-summary" inheritAll="true"/>
	</target>
	
	<target name="deploy.snapshotversion.war.bamboo">
		<antcall target="get.snapshotversion.war" inheritAll="true"/>	
		<antcall target="deploy.war" inheritAll="true"/>	
		<antcall target="generate-env-summary" inheritAll="true"/>
	</target>
	
	<target name="deploy.snapshot.service">
		<antcall target="deploy.service.war" inheritAll="true"/>	
	</target>
	
	<target name="deploy.versioned.service">
		<antcall target="deploy.versioned.service.war" inheritAll="true"/>	
	</target>

	<target name="deploy.versioned.war">	
		<antcall target="get.versioned.war" inheritAll="true"/>	
		<antcall target="deploy.war" inheritAll="true"/>	
		<antcall target="write.war.deploy.properties" inheritAll="true"/>
		<antcall target="generate-env-summary" inheritAll="true"/>
	</target>
	
	<target name="deploy.versioned.war.bamboo">	
		<antcall target="get.versioned.war" inheritAll="true"/>	
		<antcall target="deploy.war.bamboo" inheritAll="true"/>	
		<antcall target="write.war.deploy.properties" inheritAll="true"/>
		<antcall target="generate-env-summary" inheritAll="true"/>
	</target>
	
	<target name="pull.content.war">	
		<antcall target="test.snapshotversion" inheritAll="true"/>	
		<antcall target="activate.lastGen.content" inheritAll="true"/>	
		<antcall target="deploy.snapshotversion.war.bamboo" inheritAll="true"/>
		<antcall target="write.content.deploy.properties" inheritAll="true"/>
		<antcall target="write.war.deploy.properties" inheritAll="true"/>
		<antcall target="generate-env-summary" inheritAll="true"/>
	</target>
	
<!-- content related deployment targets -->

	<target name="deploy.content" depends="init">
		<antcall target="ftl-release" inheritAll="true"/>
		<antcall target="buildnumber" inheritAll="true"/>
	</target>

	<target name="build.content" depends="init">
		<antcall target="ftl-release" inheritAll="true"/>
		<antcall target="buildnumber.no.deploy" inheritAll="true"/>
	</target>

	<target name="activate.content" depends="init">
		<runtarget target="buildnumber.no.deploy" />
		<runtarget target="activate.content.NOW" />
	</target>

	<target name="activate.content.id" depends="init">
		<runtarget target="activate.content.NOW" />
	</target>

	<target name="stage.and.activate.content.id" depends="init">
		<runtarget target="bgb" />
	</target>

	<target name="build.stage.content" depends="init">
		<runtarget target="check.content.svn.rev" />
	</target>
	
<!-- Tests -->

	<target name="ftlverify">
		<echo message="Running FTLverify"/>
		<java dir="/usr/local/ftlverify" jar="ftlverify-1.0.12.jar" 
			fork="true" 
			failonerror="true" 
			maxmemory="512m">
			<arg value="-c" />
			<arg value="./" />
		</java>
	</target>

	<target name="check.url">
		<echo>Hitting http://${host}:49444/test to make sure service is up...</echo>		
		<waitfor maxwait="5" maxwaitunit="minute" checkevery="300">
			<http url="http://${host}:49444/test" />
		</waitfor>	
		<echo>http://${host}:49444/test is responding!</echo>
	</target>
	
	<target name="test.path">
		<mkdir dir="buildtestdata"/>
	</target>
	
<!-- SUB TARGETS -->

	<target name="get.versioned.war" depends="init, cleanLocal">
		<get src="${versioned.war.url.base}wsgc-${project}/${war.version}/wsgc-${project}-${war.version}.war"
			 dest="work/wsgc-${project}.war" />
		<property name="war.file" value="wsgc-${project}-${war.version}.war"/>
		
		<propertyfile file="snapshot.properties">
  			<entry  key="war.file" value="${war.file}"/>
		</propertyfile>
		
	</target>
	
	<target name="test.snapshotversion" depends="init, cleanLocal">	
	<!-- This test if the war exist before kicking off a snapshot version war build. If it doesn't exist, fail rather then go through content build. -->
		<get src="${war.url.base}/maven-metadata.xml" 
			 dest="work/wsgc-${project}.xml" />
		
		<!-- This will read the property file from the dependent project's snapshot properties.  -->
		<property file="../${dep.project}/snapshot.properties"/>
		<xmlproperty file="work/wsgc-${project}.xml" />
		
		<property name="war.url" value="${war.url.base}/${war.file}"/>
		
		<get src="${war.url}" dest="work/wsgc-${project}.war" />
		
	</target>

	<target name="get.snapshot.war" depends="init, cleanLocal">	
		<get src="${war.url.base}/maven-metadata.xml" 
			 dest="work/wsgc-${project}.xml" />
			
		<xmlproperty file="work/wsgc-${project}.xml" />
			
		<property name="war.file" value="${metadata.artifactId}-${snapshot.path}-${metadata.versioning.snapshot.timestamp}-${metadata.versioning.snapshot.buildNumber}.war"/>
		<property name="war.url" value="${war.url.base}/${war.file}"/>
		
		<get src="${war.url}" dest="work/wsgc-${project}.war" />
			<echo>metadata.artifactId IS : === ${metadata.artifactId} === </echo>
			<echo>snapshot.path IS : === ${snapshot.path} === </echo>
			<echo>metadata.versioning.snapshot.timestamp IS : === ${metadata.versioning.snapshot.timestamp} === </echo>
			<echo>metadata.versioning.snapshot.buildNumber IS : === ${metadata.versioning.snapshot.buildNumber} === </echo>
			<echo>WAR FILE IS : === ${war.file} === </echo>
			<echo>WAR URL IS : === ${war.url} === </echo>
			
		
		<!--  Write out snapshot war file name for later consumption -->
		<propertyfile file="snapshot.properties">
  			<entry  key="war.file" value="${war.file}"/>
		</propertyfile>
			
	</target>

	<target name="get.snapshotversion.war" depends="init, cleanLocal">	
		<get src="${war.url.base}/maven-metadata.xml" 
			 dest="work/wsgc-${project}.xml" />
		
		<!-- This will read the property file from the dependent project's snapshot properties.  -->
		<property file="../${dep.project}/snapshot.properties"/>
		<xmlproperty file="work/wsgc-${project}.xml" />
		
	<!-- 	<property name="war.file" value="${metadata.artifactId}-${snapshot.path}-${snapshotversion}.war"/> -->
		<property name="war.url" value="${war.url.base}/${war.file}"/>
		
		<get src="${war.url}" dest="work/wsgc-${project}.war" />
			<echo>metadata.artifactId IS : === ${metadata.artifactId} === </echo>
			<echo>snapshot.path IS : === ${snapshot.path} === </echo>
			<echo>metadata.versioning.snapshot.timestamp IS : === ${metadata.versioning.snapshot.timestamp} === </echo>
			<echo>metadata.versioning.snapshot.buildNumber IS : === ${metadata.versioning.snapshot.buildNumber} === </echo>
			<echo>WAR FILE IS : === ${war.file} === </echo>
			<echo>WAR URL IS : === ${war.url} === </echo>
			<echo></echo>
	</target>
	
	<target name="deploy.war" depends="init">	
		<!-- copy staged war file from temp work folder to target server ... -->
		<scp file="work/wsgc-${project}.war" 
			 sftp="true" 
			 trust="true" 
			 todir="imageuser@${host}:${drop.dir}" 
			 keyfile="/home/continuum/.ssh/id_rsa_imageuser_generic_host" 
			 passphrase="" />
	
		<scp file="lib/deployGenWarfile.sh"
			 sftp="true" 
			 trust="true" 
			 todir="imageuser@${host}:${drop.dir}" 
			 keyfile="/home/continuum/.ssh/id_rsa_imageuser_generic_host" 
			 passphrase="" />


		<!-- unpack war from temp folder to tomcat app home -->
		<ssh host="${host}" username="imageuser" keyfile="/home/continuum/.ssh/id_rsa_imageuser_generic_host" verifyhost="false">
			<shell term="vt100">
				<write>chmod 755 ${drop.dir}/deployGenWarfile.sh</write>
				<write>chmod 754 ${drop.dir}/wsgc-${project}.war</write>
				<write>sudo su - tomcat</write>
				<write>cd ${drop.dir}</write>
				<write>./deployGenWarfile.sh ${project}</write>
				<read timeout="100000">War deploy successful</read>
				<read timeout="100000">$</read>
				<write>exit</write>
			</shell>
		</ssh>
	
		<waitfor maxwait="5" maxwaitunit="minute" checkevery="300">
			<http url="http://${host}/summary.html" />
		</waitfor>	

		<!-- get summary page for send notification -->
		
		<get src="http://${host}/index.html" dest="work/index.html" />
		<get src="http://${host}/summary.html" dest="work/summary.html" />
		
		<replaceregexp file="work/summary.html"
		               match="Summary"
		               replace="Summary for war file := wsgc-${project}.war, deployed to host := ${host}"
		               byline="true"
		/>

<!--
		<mail messagefile="work/summary.html" 
			  messagemimetype="text/html" 
			  subject=":: Deployment warfile wsgc-${project} to ${host} SUCCEEDED ! ::" 
			  charset="utf-8" tolist="${mail-list}">
			<from address="noreply@wsgc.com" />
		</mail>
-->
	</target>

	<target name="deploy.war.bamboo" depends="init">	
		<!-- copy staged war file from temp work folder to target server ... -->
		<scp file="work/wsgc-${project}.war" 
			 sftp="true" 
			 trust="true" 
			 todir="imageuser@${host}:${drop.dir}" 
			 keyfile="/home/tomcat/.ssh/id_rsa_imageuser_generic_host" 
			 passphrase="" />
	
		<scp file="lib/deployGenWarfile.sh"
			 sftp="true" 
			 trust="true" 
			 todir="imageuser@${host}:${drop.dir}" 
			 keyfile="/home/tomcat/.ssh/id_rsa_imageuser_generic_host" 
			 passphrase="" />


		<!-- unpack war from temp folder to tomcat app home -->
		<ssh host="${host}" username="imageuser" keyfile="/home/tomcat/.ssh/id_rsa_imageuser_generic_host" verifyhost="false">
			<shell term="vt100">
				<write>chmod 755 ${drop.dir}/deployGenWarfile.sh</write>
				<write>chmod 754 ${drop.dir}/wsgc-${project}.war</write>
				<write>sudo su - tomcat</write>
				<write>cd ${drop.dir}</write>
				<write>./deployGenWarfile.sh ${project}</write>
				<read timeout="100000">War deploy successful</read>
				<read timeout="100000">$</read>
				<write>exit</write>
			</shell>
		</ssh>
	
		<waitfor maxwait="5" maxwaitunit="minute" checkevery="300">
			<http url="http://${host}/summary.html" />
		</waitfor>	

		<!-- get summary page for send notification -->
		
		<get src="http://${host}/index.html" dest="work/index.html" />
		<get src="http://${host}/summary.html" dest="work/summary.html" />
		
		<replaceregexp file="work/summary.html"
		               match="Summary"
		               replace="Summary for war file := wsgc-${project}.war, deployed to host := ${host}"
		               byline="true"
		/>
		
		

	</target>
	
	<target name="deploy.service.war" depends="init">	

		<get src="${war.url.base}/maven-metadata.xml" dest="work/wsgc-${projectAbbr}.xml" />
			
		<xmlproperty file="work/wsgc-${projectAbbr}.xml" />
		
		<property name="war.file" value="${metadata.artifactId}-${snapshot.path}-${metadata.versioning.snapshot.timestamp}-${metadata.versioning.snapshot.buildNumber}.war"/>				
		<property name="war.url" value="${war.url.base}/${war.file}"/>
		
		<get src="${war.url}" dest="work/wsgc-${projectAbbr}.war" />				
		
		<scp file="work/wsgc-${projectAbbr}.war" 
			 sftp="true" 
			 trust="true" 
			 todir="imageuser@${host}:${drop.dir}" 
			 keyfile="/home/continuum/.ssh/id_rsa_imageuser_generic_host" 
			 passphrase="" />

		<scp file="lib/deployServiceWarfile.sh"
			 sftp="true" 
			 trust="true" 
			 todir="imageuser@${host}:${drop.dir}" 
			 keyfile="/home/continuum/.ssh/id_rsa_imageuser_generic_host" 
			 passphrase="" />

		<ssh host="${host}" username="imageuser" keyfile="/home/continuum/.ssh/id_rsa_imageuser_generic_host" verifyhost="false">
			<shell term="vt100">
				<write>chmod 755 ${drop.dir}/deployServiceWarfile.sh</write>
				<write>chmod 754 ${drop.dir}/wsgc-${projectAbbr}.war</write>
				<write>sudo su - tomcat</write>
				<write>cd ${drop.dir}</write>
				<write>./deployServiceWarfile.sh ${projectAbbr} ${tomcat.name}</write>
				<read timeout="100000">War deploy successful</read>
				<read timeout="100000">$</read>
				<write>exit</write>
			</shell>
		</ssh>
	</target>	
	
	<target name="deploy.service.war.tomcat" depends="init">	

		<get src="${war.url.base}/maven-metadata.xml" dest="work/wsgc-${projectAbbr}.xml" />
			
		<xmlproperty file="work/wsgc-${projectAbbr}.xml" />
		
		<property name="war.file" value="${metadata.artifactId}-${snapshot.path}-${metadata.versioning.snapshot.timestamp}-${metadata.versioning.snapshot.buildNumber}.war"/>				
		<property name="war.url" value="${war.url.base}/${war.file}"/>
		
		<get src="${war.url}" dest="work/wsgc-${projectAbbr}.war" />				
		
		<scp file="work/wsgc-${projectAbbr}.war" 
			 sftp="true" 
			 trust="true" 
			 todir="imageuser@${host}:${drop.dir}" 
			 keyfile="/home/tomcat/.ssh/id_rsa_imageuser_generic_host" 
			 passphrase="" />

		<scp file="lib/deployServiceWarfile.sh"
			 sftp="true" 
			 trust="true" 
			 todir="imageuser@${host}:${drop.dir}" 
			 keyfile="/home/tomcat/.ssh/id_rsa_imageuser_generic_host" 
			 passphrase="" />

		<ssh host="${host}" username="imageuser" keyfile="/home/tomcat/.ssh/id_rsa_imageuser_generic_host" verifyhost="false">
			<shell term="vt100">
				<write>chmod 755 ${drop.dir}/deployServiceWarfile.sh</write>
				<write>chmod 754 ${drop.dir}/wsgc-${projectAbbr}.war</write>
				<write>sudo su - tomcat</write>
				<write>cd ${drop.dir}</write>
				<write>./deployServiceWarfile.sh ${projectAbbr} ${tomcat.name}</write>
				<read timeout="100000">War deploy successful</read>
				<read timeout="100000">$</read>
				<write>exit</write>
			</shell>
		</ssh>
	</target>
	
	<target name="deploy.versioned.service.war" depends="init">	

		<get src="${versioned.service.war.url}"
			 dest="work/wsgc-${projectAbbr}.war" />			
		
		<scp file="work/wsgc-${projectAbbr}.war" 
			 sftp="true" 
			 trust="true" 
			 todir="imageuser@${host}:${drop.dir}" 
			 keyfile="/home/continuum/.ssh/id_rsa_imageuser_generic_host" 
			 passphrase="" />

		<scp file="lib/deployServiceWarfile.sh"
			 sftp="true" 
			 trust="true" 
			 todir="imageuser@${host}:${drop.dir}" 
			 keyfile="/home/continuum/.ssh/id_rsa_imageuser_generic_host" 
			 passphrase="" />

		<ssh host="${host}" username="imageuser" keyfile="/home/continuum/.ssh/id_rsa_imageuser_generic_host" verifyhost="false">
			<shell term="vt100">
				<write>chmod 755 ${drop.dir}/deployServiceWarfile.sh</write>
				<write>chmod 754 ${drop.dir}/wsgc-${projectAbbr}.war</write>
				<write>sudo su - tomcat</write>
				<write>cd ${drop.dir}</write>
				<write>./deployServiceWarfile.sh ${projectAbbr} ${tomcat.name}</write>
				<read timeout="100000">War deploy successful</read>
				<read timeout="100000">$</read>
				<write>exit</write>
			</shell>
		</ssh>
	</target>	
	
	<target name="deploy.versioned.service.war.tomcat" depends="init">	

		<get src="${versioned.service.war.url}"
			 dest="work/wsgc-${projectAbbr}.war" />			
		
		<scp file="work/wsgc-${projectAbbr}.war" 
			 sftp="true" 
			 trust="true" 
			 todir="imageuser@${host}:${drop.dir}" 
			 keyfile="/home/tomcat/.ssh/id_rsa_imageuser_generic_host" 
			 passphrase="" />

		<scp file="lib/deployServiceWarfile.sh"
			 sftp="true" 
			 trust="true" 
			 todir="imageuser@${host}:${drop.dir}" 
			 keyfile="/home/tomcat/.ssh/id_rsa_imageuser_generic_host" 
			 passphrase="" />

		<ssh host="${host}" username="imageuser" keyfile="/home/tomcat/.ssh/id_rsa_imageuser_generic_host" verifyhost="false">
			<shell term="vt100">
				<write>chmod 755 ${drop.dir}/deployServiceWarfile.sh</write>
				<write>chmod 754 ${drop.dir}/wsgc-${projectAbbr}.war</write>
				<write>sudo su - tomcat</write>
				<write>cd ${drop.dir}</write>
				<write>./deployServiceWarfile.sh ${projectAbbr} ${tomcat.name}</write>
				<read timeout="100000">War deploy successful</read>
				<read timeout="100000">$</read>
				<write>exit</write>
			</shell>
		</ssh>
	</target>

	<target name="write.build.properties" depends="init">
		
		<!--<echoproperties/> -->
		<echo>clean up - delete branch dir</echo>
		<delete dir="./build_data/${buildtype}/${branch}/" />
		<svn svnkit="false" javahl="false" username="${hostLogin}" password="${LDAPLogin}">
			 <update revision="HEAD" dir="./build_data/${buildtype}" />
		</svn>
		<mkdir dir="./build_data/${buildtype}/${branch}/" />
		<delete file="./build_data/${buildtype}/${branch}/${project}.properties" />
		<propertyfile file="./build_data/${buildtype}/${branch}/${project}.properties">
		<!--<entry  key="buildkey" value="${bamboo.buildKey}"/>
			<entry  key="buildtime" value="${bamboo.buildTimeStamp}"/>
			<entry  key="svnrevlast" value="${bamboo.custom.svn.lastchange.revision.number}"/>
			<entry  key="svnurl" value="${bamboo.repository.svn.repositoryUrl}"/> -->
			<entry  key="svncontntrev" value="${current.content.rev}"/>
			<entry  key="genname" value="${genname}"/>
			<entry  key="bnumber" value="${bnumber}"/>		
		</propertyfile>	
		
		<svn svnkit="false" javahl="false" username="${hostLogin}" password="${LDAPLogin}">
			<add force="true" dir="./build_data/${buildtype}/${branch}/" >
				<!-- <fileset dir="./build_data/${buildtype}/${branch}/">
						<svnUnversioned/>
				</fileset> -->
			</add>

		<propset 
			path="./build_data/${buildtype}/${branch}/${project}.properties"
			name="svn:mime-type" 
			value="text/plain"
			/>	

		<propset 
			path="./build_data/${buildtype}/${branch}/${project}.properties"
			name="svn:eol-style" 
			value="native"
			/>	

		<propset 
			path="./build_data/${buildtype}/${branch}/${project}.properties"
			name="svn:keywords" 
			value="Id Author LastChangedDate LastChangedBy"
			/>				
			
		<commit
			dir="./build_data/${buildtype}/${branch}/" 
			message="Writing content build info for ${project}"/>
		</svn>
	</target>
	
	<target name="read.build.properties" depends="init">
		
		<svn svnkit="false" javahl="false" failonerror="false">
			 <update revision="HEAD" dir="./build_data/${buildtype}/" />
		</svn>
		
		<property file="./build_data/${buildtype}/${branch}/${project}.properties"/>
		<echo>Build GENNAME IS : === ${genname} === </echo>
	</target>
	
	
	<target name="write.content.deploy.properties" depends="init">
		
		<mkdir dir="./build_data/deploy/${enviro}/" />
		<delete file="./build_data/deploy/${enviro}/${project}.properties" />
		<propertyfile file="./build_data/deploy/${enviro}/${project}.properties">
			<entry  key="deployed.genname" value="${genname}"/>
			<entry  key="deployed.bnumber" value="${bnumber}"/>
		</propertyfile>	
		
		<svn svnkit="false" javahl="false" username="${hostLogin}" password="${LDAPLogin}">
			<add force="true" dir="./build_data/deploy/${enviro}/" >
			</add>
			
		<propset 
			path="./build_data/deploy/${enviro}/${project}.properties"
            name="svn:mime-type" 
			value="text/plain"
			/>  
                        
		<propset 
			path="./build_data/deploy/${enviro}/${project}.properties"
			name="svn:eol-style" 
			value="native"
			/>      

        <propset 
        	path="./build_data/deploy/${enviro}/${project}.properties"
			name="svn:keywords" 
			value="Id Author LastChangedDate LastChangedBy"
			/>


		<commit
			dir="./build_data/deploy/${enviro}/" 
			message="Writing content deploy info for ${enviro} ${project}"/>
		</svn>
	</target>
	
	<target name="write.war.deploy.properties" depends="init">
		
		<mkdir dir="./build_data/deploy/${enviro}/" />
		<propertyfile file="./build_data/deploy/${enviro}/${project}.properties">
			<entry  key="deployed.war.file" value="${war.file}"/>
		</propertyfile>	
		
		<svn svnkit="false" javahl="false" username="${hostLogin}" password="${LDAPLogin}">
			<add force="true" dir="./build_data/deploy/${enviro}/" >
			</add>
			
		<propset 
			path="./build_data/deploy/${enviro}/${project}.properties"
            name="svn:mime-type" 
			value="text/plain"
			/>  
                        
		<propset 
			path="./build_data/deploy/${enviro}/${project}.properties"
			name="svn:eol-style" 
			value="native"
			/>      

        <propset 
        	path="./build_data/deploy/${enviro}/${project}.properties"
			name="svn:keywords" 
			value="Id Author LastChangedDate LastChangedBy"
			/>
			
			<commit
				dir="./build_data/deploy/${enviro}/" 
				message="Writing war deploy info for ${enviro} ${project}"/>
		</svn>
	</target>

	<target name="generate-env-summary">

		<echo message="Getting environment summary info..."/>
		<get src="http://${host}.wsgc.com/admin/summary.html" dest="."/>
		<echo message="Grep for data and generating html file....."/>
		<exec executable="lib/./generate-env-summary.sh">
			<arg value="${host}"/>
			<arg value="${buildTime}"/>
			<arg value="${genname}"/>
			<arg value="${war.file}"/>
			<arg value="${enviro}"/>
			<arg value="${bamboo.buildTimeStamp}"/>
			<arg value="${pull.enviro}"/>
		</exec>
	</target>

	
	<target name="read.deploy.properties" depends="init">
		
		<!-- TODO: Need to add checks to se if directory exists in SVN -->
		<svn svnkit="false" javahl="false">
			 <update revision="HEAD" dir="./build_data/deploy/${enviro}/" />
		</svn>
		
		<property file="./build_data/deploy/${enviro}/${project}.properties"/>
		<echo>Deployed Content on ${enviro} ${project} IS : === ${deployed.genname} === </echo>
	</target>
	
	<target name="deploy.latest.content" depends="init">
		
		<antcallback target="read.build.properties" inheritAll="true" return="genname,bnumber"/>
		<antcallback target="read.deploy.properties" inheritAll="true" return="deployed.genname,deployed.war.file"/>
		
		<!-- Activate the latest content if it's different then deployed -->
		<if>
		 <equals arg1="${genname}" arg2="${deployed.genname}" trim="true" forcestring="true"/>
		 <then>
		   <echo message="---------------- The content has not changed. ----------------" />
		 </then>
		 <else>
		   	<echo message="---------------- The content changed. New content will be activated! ----------------" />
		 	<antcall target="bgb.stage" inheritAll="true"/>
		   	<antcall target="activate.content.NOW" inheritAll="true"/>
			<antcall target="write.content.deploy.properties" inheritAll="true"/>
		 </else>
		</if>
		
	</target>
	
	<target name="read.pull.properties" depends="init">
		
		<!-- TODO: Need to add checks to se if directory exists in SVN -->
		<svn svnkit="false" javahl="false">
			 <update revision="HEAD" dir="./build_data/deploy/${pull.enviro}/" />
		</svn>
		
		<property file="./build_data/deploy/${pull.enviro}/${project}.properties"/>
		<echo>Pulling content from ${pull.enviro} ${project} : === ${deployed.genname} === </echo>
		<echo>Pulling bnumber from ${pull.enviro} ${project} : === ${deployed.bnumber} === </echo>
		<echo>Pulling war from ${pull.enviro} ${project} : === ${deployed.war.file} === </echo>
	</target>
	

	<target name="generate.rundeck.snapshot.deploy.properties" depends="init">
           <fail unless="rundeck.deploy.properties.file" message="no rundeck.properties.file property defined"/>
               <antcallback target="read.build.properties" inheritAll="true" return="genname,bnumber"/>
               <antcallback target="read.deploy.properties" inheritAll="true" return="deployed.genname,deployed.war.file"/>
               <antcallback target="get.snapshot.war" inheritAll="true" return="war.url"/>

               <loadresource property="war.url.https">
                   <string>${war.url}</string>
                   <filterchain>
                      <tokenfilter>
                         <stringtokenizer/>
                         <replaceregex pattern="^http(://.*$)" replace="https\1" flags="g"/>
                      </tokenfilter>
                   </filterchain>
                </loadresource>

               <propertyfile file="${rundeck.deploy.properties.file}">
                  <entry key="bamboo_rundeck_plugin.jobArgs.1" value="-warArtifactUrl ${war.url.https}"/>
                  <entry key="bamboo_rundeck_plugin.jobArgs.2" value="-configArtifactUrl NONE"/>
               </propertyfile> 
	</target>
	
	<target name="deploy.latest.snapshot.war" depends="init">
		
		<antcallback target="read.build.properties" inheritAll="true" return="genname,bnumber"/>
		<antcallback target="read.deploy.properties" inheritAll="true" return="deployed.genname,deployed.war.file"/>
		
		<!-- Deploy the latest WAR if it's changed -->
		<antcallback target="get.snapshot.war" inheritAll="true" return="war.file"/>
		<echo message="Latest WAR is ${war.file}" />
		<echo message="Last deployed WAR is ${deployed.war.file}" />
		<if>
		 <equals arg1="${war.file}" arg2="${deployed.war.file}" trim="true" forcestring="true"/>
		 <then>
		   <echo message="---------------- The WAR has not changed. -------------------" />
		 </then>
		 <else>
		   <echo message="---------------- The WAR changed. Deploying new WAR... ----------------" />
			<antcall target="deploy.war.bamboo" inheritAll="true"/>	
			<antcall target="generate-env-summary" inheritAll="true"/>
			<antcall target="write.war.deploy.properties" inheritAll="true"/>
		 </else>
		</if>
		
	</target>
	
	<target name="revert.snapshot" depends="init">

		<antcallback target="read.deploy.properties" inheritAll="true" return="deployed.genname,deployed.bnumber,deployed.war.file"/>

		<property name="genname" value="${deployed.genname}"/>
		<property name="bnumber" value="${deployed.bnumber}"/>
		<property name="war.file" value="${deployed.war.file}"/>

		<antcall target="bgb.stage" inheritAll="true"/>
		<antcall target="activate.content.NOW" inheritAll="true"/>
		<antcall target="write.content.deploy.properties" inheritAll="true"/>
		
		<antcall target="get.snapshot.war" inheritAll="true"/>
		<antcall target="deploy.war.bamboo" inheritAll="true"/>	
		<antcall target="generate-env-summary" inheritAll="true"/>
		<antcall target="write.war.deploy.properties" inheritAll="true"/>

	</target>
	
	<target name="pull.content.snapshot" depends="init">

		<antcallback target="read.pull.properties" inheritAll="true" return="deployed.genname,deployed.bnumber,deployed.war.file"/>

		<property name="genname" value="${deployed.genname}"/>
		<property name="bnumber" value="${deployed.bnumber}"/>
		<property name="war.file" value="${deployed.war.file}"/>

		<echo>Bnumber to use : === ${bnumber} === </echo>
		<antcall target="bgb.stage" inheritAll="true"/>
		<antcall target="activate.content.NOW" inheritAll="true"/>
		<antcall target="write.content.deploy.properties" inheritAll="true"/>

		<antcall target="get.snapshot.war" inheritAll="true"/>
		<antcall target="deploy.war.bamboo" inheritAll="true"/>	
		<antcall target="generate-env-summary" inheritAll="true"/>
		<antcall target="write.war.deploy.properties" inheritAll="true"/>
	</target>
	
	<target name="get.current.content.svn.rev" description="gets current svn revision number for build_data properties file" >
		<echo message = "Get svn revision number from content branch: ${branch}"/>
			<exec executable="./lib/getContentRevNum.sh" outputproperty="current.content.rev" failonerror="true">
			<arg value="${svn.url.base}"/>
			<arg value="${project}"/>
			<arg value="${branch}"/>
			</exec>
		<echo>The current content svn revision number for ${branch}  is ${current.content.rev}</echo>
	</target>
	
	
	
	
	<target name="cleanLocal">
		<delete>
			<fileset dir="work">
				<include name="*.*" />
			</fileset>
		</delete>
	</target>
	

		
</project>
