<project basedir="." default="help" name="deploy2" xmlns:ac="antlib:net.sf.antcontrib">

	<target name="help">
		<echo message="There is no help for you yet! Use ant -p to see available targets."/>
	</target>	
	
	<target name="init">
		<mkdir dir="./work"/>
	</target>
	
<!--Main Tasks-->
	<target name="rdeck.deploy">
		<runtarget target="rdeck.get.snapshot.path.from.pom"/>
		<runtarget target="rdeck.generate.rundeck.deploy.properties"/>
		<runtarget target="rdeck.write.war.deploy.properties"/>		
	</target>
	
	<target name="rdeck.deploy.with.snapshotpath">
		<runtarget target="rdeck.get.snapshot.war"/>
		<runtarget target="rdeck.generate.rundeck.deploy.properties"/>	
	</target>
	
	<target name="rdeck.deploy.with.configs">
		<runtarget target="rdeck.get.snapshot.config"/>
		<runtarget target="rdeck.get.snapshot.path.from.pom"/>
		<runtarget target="rdeck.generate.rundeck.deploy.properties.with.configs"/>
		<runtarget target="rdeck.write.war.deploy.properties"/>		
	</target>
	
	<target name="rdeck.configs">
		<runtarget target="rdeck.get.snapshot.config"/>
		<runtarget target="rdeck.generate.rundeck.config.properties"/>		
	</target>
	
	<target name="rdeck.versioned.deploy">
		<runtarget target="rdeck.get.versioned.war"/>
		<runtarget target="rdeck.generate.rundeck.deploy.properties"/>
		<runtarget target="rdeck.write.war.deploy.properties"/>		
	</target>
	
	<target name="rdeck.versioned.deploy.with.configs">
		<runtarget target="rdeck.get.snapshot.config"/>
		<runtarget target="rdeck.get.versioned.war"/>
		<runtarget target="rdeck.generate.rundeck.deploy.properties.with.configs"/>
		<runtarget target="rdeck.write.war.deploy.properties"/>		
	</target>
	
	<target name="rdeck.services.deploy">
		<runtarget target="rdeck.get.snapshot.service.config"/>
		<runtarget target="rdeck.generate.rundeck.deploy.properties.with.configs"/> 
	</target>
	
	<target name="rdeck.sandbox.deploy">
		<runtarget target="rdeck.get.snapshot.path.from.pom"/>
		<runtarget target="rdeck.generate.rundeck.deploy.properties"/>	
	</target>
	
	
<!--Generates Config Snapshot URL-->
	<target name="rdeck.get.snapshot.config" depends="init, cleanLocal">
		<property name="config.url" value="${secure.snapshot.url.base}/wsgc-frontend-configuration-${enviro}-${wsgc.stack}/1.0-SNAPSHOT/wsgc-frontend-configuration-${enviro}-${wsgc.stack}-1.0-SNAPSHOT-${project}-${wsgc.stack}.zip" />
		<echo>CONFIG URL IS:  == ${config.url} ==</echo>
	</target>

<!--Generates the Versioned WAR Url-->
	<target name="rdeck.get.versioned.war" depends="init, cleanLocal">
		<property name="war.file" value="wsgc-${project}-${war.version}.war"/>
		<property name="war.url" value="${versioned.war.url.base}/${project}/wsgc-${project}/${war.version}/${war.file}"/>
			<echo>WAR FILE IS : === ${war.file} === </echo>
			<echo>WAR URL IS : === ${war.url} === </echo>
		<!--  Write out snapshot war file name for later consumption -->
		<propertyfile file="snapshot.properties">
  			<entry  key="war.file" value="${war.file}"/>
		</propertyfile>		
	</target>


<!--Generates the SNAPSHOT WAR URL-->
	<target name="rdeck.get.snapshot.path.from.pom">
		<if>
            <equals arg1="${warBranch}" arg2="trunk"/>
            <then>
                <property name="fullBranch" value="trunk"/>
            </then>
            
			<else>
                <property name="fullBranch" value="branches/${warBranch}"/>
            </else>
        </if>
        <if>
            <equals arg1="${project}" arg2="ecmagentqa"/>
            <then>
                <property name="svn.site.pom.url" value="https://repos.wsgc.com/svn/contentmanagement/ecom-publishing-agent/${fullBranch}/pom.xml"/>
            </then>

            <else>
                <property name="svn.site.pom.url" value="https://repos.wsgc.com/svn/core/ecommerce/sites/${project}/war/${fullBranch}/pom.xml"/>
            </else>
        </if>
		<echo>export ${project} pom file from svn to get snapshot.path</echo>
            <ac:shellscript shell="bash">
            svn --no-auth-cache export --username ${hostLogin} --password ${LDAPLogin} "${svn.site.pom.url}" ./${project}.pom.xml
            </ac:shellscript>
        <xmlproperty file="./${project}.pom.xml" prefix="getsnappath"/>
        <property name="snapshot.version.path" value="${getsnappath.project.version}"/>
        <loadresource property="snapshot.path">
             <string>${snapshot.version.path}</string>
                   <filterchain>
                      <tokenfilter>
						<stringtokenizer/>
                         <replaceregex pattern="-SNAPSHOT" replace=""/>
                      </tokenfilter>
                   </filterchain>
        </loadresource>
        <property name="groupId" value="${getsnappath.project.groupId}"/>
        <loadresource property="groupId.morphed">
        <string>${groupId}</string>
                   <filterchain>
                      <tokenfilter>
						<stringtokenizer/>
                         <replaceregex pattern="(\.)" replace="/" flags="g"/>
                      </tokenfilter>
                   </filterchain>
         </loadresource>
         
<!--added if statements to the property names to handle ecom-publishing-agents-->
        <if>
            <equals arg1="${project}" arg2="ecmagentqa"/>
            <then>
                <property name="artifactId" value="ecom-publishing-agent-war"/>
            </then>
            <else>
                <property name="artifactId" value="${getsnappath.project.artifactId}"/>
            </else>
        </if>
        
        
        <if>
            <equals arg1="${project}" arg2="ecmagentqa"/>
            <then>
                <property name="packagingTypes" value="war"/>
            </then>
            <else>
                <property name="packagingTypes" value="${getsnappath.project.packaging}"/>
            </else>
        </if>
        
        
        <echo>GroupID URL Path: ${groupId.morphed}</echo>
        <echo>Artifact ID:  ${artifactId}</echo>
        <echo>Artifact Package Type:  ${packagingTypes}</echo>
		<property name="war.url.https" value="https://snapshotrepo.wsgc.com/snapshotrepo/${groupId.morphed}/${artifactId}/${snapshot.path}-SNAPSHOT/${artifactId}-${snapshot.path}-SNAPSHOT.${packagingTypes}"/>
        <echo>WAR URL IS : === ${war.url.https}=== </echo>
	</target>

<!--legacy snapshot file and url-->
	<target name="rdeck.get.snapshot.war" depends="init, cleanLocal">
		<var name="metadata.artifactId" unset="true"/>
		<var name="metadata.versioning.snapshot.timestamp" unset="true"/>
		<var name="metadata.versioning.snapshot.buildNumber" unset="true"/>
		<get src="${war.url.base}/maven-metadata.xml"
			 dest="work/wsgc-${project}.xml" />
		<xmlproperty file="work/wsgc-${project}.xml" />
		<property name="war.file" value="${metadata.artifactId}-${snapshot.path}-${metadata.versioning.snapshot.timestamp}-${metadata.versioning.snapshot.buildNumber}.war"/>
		<property name="war.url" value="${war.url.base}/${war.file}"/>
			<echo>metadata.artifactId IS : === ${metadata.artifactId} === </echo>
			<echo>snapshot.path IS : === ${snapshot.path} === </echo>
			<echo>metadata.versioning.snapshot.timestamp IS : === ${metadata.versioning.snapshot.timestamp} === </echo>
			<echo>metadata.versioning.snapshot.buildNumber IS : === ${metadata.versioning.snapshot.buildNumber} === </echo>
			<echo>WAR FILE IS : === ${war.file} === </echo>
			<echo>WAR URL IS : === ${war.url} === </echo>
		<!--  Write out snapshot war file name for later consumption -->
		<propertyfile file="snapshot.properties">
  			<entry  key="war.file" value="${war.file}"/>
		</propertyfile>
	</target>



<!--Rundeck Property File Task -->

	<target name="rdeck.generate.rundeck.deploy.properties" depends="init">
			<fail unless="rundeck.deploy.properties.file" message="no rundeck.properties.file property defined"/>
               <loadresource property="war.url.https">
                   <string>${war.url}</string>
                   <filterchain>
                      <tokenfilter>
                         <stringtokenizer/>
                         <replaceregex pattern="^http(://.*$)" replace="https\1" flags="g"/>
                      </tokenfilter>
                   </filterchain>
                </loadresource>
            <propertyfile file="${rundeck.deploy.properties.file}">
                  <entry key="bamboo_rundeck_plugin.jobArgs.1" value="-warArtifactUrl ${war.url.https}"/>
                  <entry key="bamboo_rundeck_plugin.jobArgs.2" value="-configArtifactUrl NONE"/>
            </propertyfile> 
	</target>	
	
	<target name="rdeck.generate.rundeck.deploy.properties.with.configs" depends="init">
			<fail unless="rundeck.deploy.properties.file" message="no rundeck.properties.file property defined"/>
               <loadresource property="war.url.https">
                   <string>${war.url}</string>
                   <filterchain>
                      <tokenfilter>
                         <stringtokenizer/>
                         <replaceregex pattern="^http(://.*$)" replace="https\1" flags="g"/>
                      </tokenfilter>
                   </filterchain>
                </loadresource>
            <propertyfile file="${rundeck.deploy.properties.file}">
                  <entry key="bamboo_rundeck_plugin.jobArgs.1" value="-warArtifactUrl ${war.url.https}"/>
<!--To turn off config deploy change value to  "-configArtifactUrl NONE" -->
                  <entry key="bamboo_rundeck_plugin.jobArgs.2" value="-configArtifactUrl ${config.url}"/>
            </propertyfile> 
	</target>
	
	<target name="rdeck.generate.rundeck.config.properties" depends="init">
			<fail unless="rundeck.deploy.properties.file" message="no rundeck.properties.file property defined"/>
               <loadresource property="war.url.https">
                   <string>${war.url}</string>
                   <filterchain>
                      <tokenfilter>
                         <stringtokenizer/>
                         <replaceregex pattern="^http(://.*$)" replace="https\1" flags="g"/>
                      </tokenfilter>
                   </filterchain>
                </loadresource>
            <propertyfile file="${rundeck.deploy.properties.file}">
                  <entry key="bamboo_rundeck_plugin.jobArgs.1" value="-artifactUrl ${config.url}"/>
            </propertyfile> 
	</target>	
      
  <target name= "rdeck.perf.deploy.properties">
   	  <delete file="./perf.properties"/>
      <concat destfile="./perf.properties" append="true">
    	<filelist dir="./build_data/content-deploy/${pull_enviro}" files="${project}.properties"/>
    	<filelist dir="./build_data/deploy/${pull_enviro}" files="${project}.properties"/>
    	<filterchain>
    	<replaceregex pattern="bs2_bnumber=" replace="bamboo_rundeck_plugin.jobArgs.bs2_bnumber=-bs2Bnumber " />
    	</filterchain>
      </concat>
 </target>
 
 	
	
	
	
<!--Write SVN Properties Tasks -->	
	
	<target name="rdeck.write.war.deploy.properties" depends="init">
		<echo>clean up - delete branch dir</echo>
		<delete dir="./build_data/deploy/${enviro}/" />
		<svn svnkit="false" javahl="false" username="${hostLogin}" password="${LDAPLogin}">
			 <update revision="HEAD" dir="./build_data/" />
		</svn>
		<mkdir dir="./build_data/deploy/${enviro}/" />
		<propertyfile file="./build_data/deploy/${enviro}/${project}.properties">
			<entry  key="bamboo_rundeck_plugin.jobArgs.deployed.war.url" value="-warArtifactUrl ${war.url.https}"/>
			<entry  key="deployed.war.file" value="${war.file}"/>
		</propertyfile>	
		<svn svnkit="false" javahl="false" username="${hostLogin}" password="${LDAPLogin}">
			<add force="true" dir="./build_data/deploy/${enviro}/" >
		</add>
		<propset 
			path="./build_data/deploy/${enviro}/${project}.properties"
            name="svn:mime-type" 
			value="text/plain"
			/>             
		<propset 
			path="./build_data/deploy/${enviro}/${project}.properties"
			name="svn:eol-style" 
			value="native"
			/>      
        <propset 
        	path="./build_data/deploy/${enviro}/${project}.properties"
			name="svn:keywords" 
			value="Id Author LastChangedDate LastChangedBy"
			/>
		<commit
			dir="./build_data/deploy/${enviro}/" 
			message="Writing Run Deck war deploy info for ${enviro} ${project}"/>
		</svn>
	</target>
	
	<target name="rdeck.write.pull.war.deploy.properties">
	    <echo>clean up - delete file</echo>
	    <delete file="./build_data/deploy/${enviro}/${project}.properties"/>
	    <copy file="./build_data/deploy/${pull_enviro}/${project}.properties" todir="./build_data/deploy/${enviro}"/>
	    <svn svnkit="false" javahl="false" username="${hostLogin}" password="${LDAPLogin}">
	     <commit
		 dir="./build_data/deploy/${enviro}/" 
		 message="Writing Run Deck Pull war deploy info for ${enviro} ${project}"/>
	    </svn>
    </target>
		
</project>




<!--TO DELETE-->

	<!--
	
	
		<target name="rdeck.sandbox.deploy.with.configs">
		<runtarget target="rdeck.get.snapshot.sandbox.config"/>
		<runtarget target="rdeck.get.snapshot.path.from.pom"/>
		<runtarget target="rdeck.generate.rundeck.deploy.properties.with.configs"/>	
	</target>
	-->


	<!--
	<target name="rdeck.versioned.deploy.old.groupid">
		<runtarget target="rdeck.get.versioned.war.old.groupid"/>
		<runtarget target="rdeck.generate.rundeck.deploy.properties"/>
		<runtarget target="rdeck.write.war.deploy.properties"/>		
	</target>
	-->



<!--  Commenting out for now, since sanboxes are not being used 06/27/13-->	
<!--
	<target name="rdeck.get.snapshot.sandbox.config" depends="init, cleanLocal">
		<exec executable = "wget" dir="work"> 
			<arg value = "-O"/>
			<arg value = "wsgc-config.xml"/>
			<arg value = "${snapshot.url.base}/wsgc-${enviro}-configuration-${wsgc.stack}/1.0-SNAPSHOT/maven-metadata.xml"/>
		</exec>
		<xmlproperty file="work/wsgc-config.xml" />
		<property name="config.file" value="${metadata.artifactId}-1.0-${metadata.versioning.snapshot.timestamp}-${metadata.versioning.snapshot.buildNumber}-${project}-${wsgc.stack}.zip"/>
		<property name="config.url" value="${secure.snapshot.url.base}/wsgc-${enviro}-configuration-${wsgc.stack}/1.0-SNAPSHOT/${config.file}"/>
		<echo>CONFIG FILE IS:  == ${config.file} ==</echo>
		<echo>CONFIG URL IS:  == ${config.url} ==</echo>
	</target>
-->	
<!--
	<target name="rdeck.get.snapshot.service.config" depends="init, cleanLocal">
		<exec executable = "wget" dir="work"> 
			<arg value = "-O"/>
			<arg value = "wsgc-config.xml"/>
			<arg value = "${configuration.url.base}/maven-metadata.xml"/>
		</exec>
		<xmlproperty file="work/wsgc-config.xml" />
		<property name="config.file" value="${metadata.artifactId}-1.0-${metadata.versioning.snapshot.timestamp}-${metadata.versioning.snapshot.buildNumber}.zip"/>
		<property name="config.url" value="${configuration.url.base}/${config.file}"/>
		<echo>CONFIG FILE IS:  == ${config.file} ==</echo>
		<echo>CONFIG URL IS:  == ${config.url} ==</echo>
	</target>
-->	
<!-- Disabling Since we should moved away from old group ID"s by now 06/27/13-->
<!--
	<target name="rdeck.get.versioned.war.old.groupid" depends="init, cleanLocal">
		<property name="war.file" value="wsgc-${project}-${war.version}.war"/>
		<property name="war.url" value="${versioned.war.url.base}/wsgc-${project}/${war.version}/${war.file}"/>
			<echo>WAR FILE IS : === ${war.file} === </echo>
			<echo>WAR URL IS : === ${war.url} === </echo>
		<propertyfile file="snapshot.properties">
  			<entry  key="war.file" value="${war.file}"/>
		</propertyfile>		
	</target>
-->	
	
