<project basedir="." default="help" name="deploy-canadian" xmlns:ac="antlib:net.sf.antcontrib">

	<target name="help">
		<echo message="There is no help for you yet! Use ant -p to see available targets."/>
	</target>	
	
	<target name="init">
		<mkdir dir="./work"/>
	</target>


	<target name="rdeck.deploy.canada">
		<runtarget target="rdeck.canada.get.snapshot.path.from.pom"/>
		<runtarget target="rdeck.generate.rundeck.deploy.properties"/>
	</target>


<target name="rdeck.canada.get.snapshot.path.from.pom">
		<if>
            <equals arg1="${warBranch}" arg2="trunk"/>
            <then>
                <property name="fullBranch" value="trunk"/>
            </then>
            
			<else>
                <property name="fullBranch" value="branches/${warBranch}"/>
            </else>
        </if>
        
        <if>
            <equals arg1="${enviro}" arg2="pk"/>
            <then>
                <property name="ENVIRO" value="PK"/>
            </then>
            
			<elseif>
                <equals arg1="${enviro}" arg2="pb"/>
            <then>
                <property name="ENVIRO" value="PB"/>
            </then>
            </elseif>
            <else>
                <property name="ENVIRO" value="WS"/>
            </else>
            
            
        </if>
        
    
         <property name="svn.site.pom.url" value="https://repos.wsgc.com/svn/core/sites/CanadaRegistry/GiftRegistry/${ENVIRO}/${fullBranch}/pom.xml"/>
       
		<echo>export ${project} pom file from svn to get snapshot.path</echo>
            <ac:shellscript shell="bash">
            svn --no-auth-cache export --username ${hostLogin} --password ${LDAPLogin} "${svn.site.pom.url}" ./${project}.pom.xml
            </ac:shellscript>
        <xmlproperty file="./${project}.pom.xml" prefix="getsnappath"/>
        <property name="snapshot.version.path" value="${getsnappath.project.version}"/>
        <loadresource property="snapshot.path">
             <string>${snapshot.version.path}</string>
                   <filterchain>
                      <tokenfilter>
						<stringtokenizer/>
                         <replaceregex pattern="-SNAPSHOT" replace=""/>
                      </tokenfilter>
                   </filterchain>
        </loadresource>
        <property name="groupId" value="${getsnappath.project.groupId}"/>
        <loadresource property="groupId.morphed">
        <string>${groupId}</string>
                   <filterchain>
                      <tokenfilter>
						<stringtokenizer/>
                         <replaceregex pattern="(\.)" replace="/" flags="g"/>
                      </tokenfilter>
                   </filterchain>
         </loadresource>
         
        <property name="artifactId" value="${getsnappath.project.artifactId}"/>
        <property name="packagingTypes" value="${getsnappath.project.packaging}"/>

         
        <echo>GroupID URL Path: ${groupId.morphed}</echo>
        <echo>Artifact ID:  ${artifactId}</echo>
        <echo>Artifact Package Type:  ${packagingTypes}</echo>
		<property name="war.url.https" value="https://snapshotrepo.wsgc.com/snapshotrepo/${groupId.morphed}/${artifactId}/${snapshot.path}-SNAPSHOT/${artifactId}-${snapshot.path}-SNAPSHOT.${packagingTypes}"/>
        <echo>WAR URL IS : === ${war.url.https}=== </echo>
	</target>
	
</project>	
	