<project basedir="." default="help" name="deploy2-appsettings">


	<target name="help">
		<echo message="There is no help for you yet! Use ant -p to see available targets."/>
	</target>	
	
	<target name="init">
		<mkdir dir="./work"/>
	</target>
	
	<target name="rdeck.deploy.appsettings">
		<runtarget target="rdeck.get.snapshot.appsettings"/>
		<runtarget target="rdeck.generate.rundeck.snapshot.deploy.properties.for.appsettings"/>	
	</target>
	
	<target name="rdeck.get.snapshot.appsettings" depends="init">
			<!-- filename:  wsgc-appsettings-configuration-pb-dtc_app_owner-1.0-20120604.194649-2-r18763.sql -->
		<property name="appsettings.file" value="wsgc-appsettings-configuration-${wsgc.site}-${wsgc.schema}-1.0-SNAPSHOT-${commitNumber}.sql"/>
		<property name="appsettings.url" value="https://snapshotrepo.wsgc.com/snapshotrepo/com/wsgc/devops/appsettings/wsgc-appsettings-configuration-${wsgc.site}-${wsgc.schema}/1.0-SNAPSHOT/${appsettings.file}"/>
		
		<echo>REVISION NUMBER IS:  == ${commitNumber} ==</echo>
		<echo>APPSETTINGS FILE IS:  == ${appsettings.file} ==</echo>
		<echo>APPSETTINGS URL IS: == ${appsettings.url} ==</echo>
	</target>
	
	<target name="rdeck.generate.rundeck.snapshot.deploy.properties.for.appsettings" depends="init">
			<fail unless="rundeck.deploy.properties.file" message="no rundeck.properties.file property defined"/>
            <propertyfile file="${rundeck.deploy.properties.file}">
                  <entry key="bamboo_rundeck_plugin.jobArgs.1" value="-sqlUrl ${appsettings.url}"/>
            </propertyfile> 
	</target>	
	
</project>