{
  "include": [
    "../../common/microservice.json"
  ],
  "name": "/shop/* /.delivery/* /.aecv1/*",
  "criteria": [
    {
      "name": "hostname",
      "options": {
        "matchOperator": "IS_ONE_OF",
        "values": [
          "www.perf.potterybarn.ca"
        ]
      }
    },
    {
      "name": "path",
      "options": {
        "matchCaseSensitive": false,
        "matchOperator": "MATCHES_ONE_OF",
        "values": [
          "/.static/ecmcontent/*",
          "/api/profile/v2/*",
          "/api/registry/*",
          "/api/registry/v1/*",
          "/api/user/v2/*",
          "/customer-service/b2b-order-history.html*",
          "/customer-service/charge-details/*",
          "/customer-service/list-order/*",
          "/customer-service/order-shipment-tracking/*",
          "/customer-service/order-status/",
          "/customer-service/order-status/*",
          "/customer-service/return/*",
          "/index.html",
          "/m/account/.info/summary.html",
          "/m/customer-service/list-order/*",
          "/m/customer-service/order-shipment-tracking/*",
          "/m/customer-service/return/*",
          "/m/products/*",
          "/m/registry/",
          "/m/registry/*/gift-tracker.html",
          "/m/registry/*/gift-tracker.html*",
          "/m/registry/*/registry-checklist.html",
          "/m/registry/*/registry-list.html",
          "/m/registry/*/registry-list.html*",
          "/m/registry/*/update.html",
          "/m/registry/*/update.html*",
          "/m/registry/account-linking-search.html",
          "/m/registry/account-linking-search.html*",
          "/m/registry/create-registry-sign-in.html",
          "/m/registry/create-registry-sign-in.html*",
          "/m/registry/create.html",
          "/m/registry/create.html*",
          "/m/registry/find-registry.html",
          "/m/registry/find-registry.html*",
          "/m/registry/find.html",
          "/m/registry/find.html*",
          "/m/registry/index.html",
          "/m/registry/index.html*",
          "/m/registry/registry-login.html",
          "/m/registry/registry-login.html*",
          "/m/registry/search-registry.html",
          "/m/registry/search-registry.html*",
          "/m/stores*",
          "/m/tips-and-ideas/*",
          "/order-servicing/.info/summary.html",
          "/pages/sickkids-foundation/",
          "/phygital/.info/summary.html",
          "/products/*",
          "/registry/",
          "/registry/*/gift-tracker.html",
          "/registry/*/gift-tracker.html*",
          "/registry/*/registry-checklist.html",
          "/registry/*/registry-list.html",
          "/registry/*/registry-list.html*",
          "/registry/*/update.html",
          "/registry/*/update.html*",
          "/registry/.info/summary.html",
          "/registry/.info/summary.html*",
          "/registry/account-linking-search.html",
          "/registry/account-linking-search.html*",
          "/registry/create-registry-sign-in.html",
          "/registry/create-registry-sign-in.html*",
          "/registry/create.html",
          "/registry/create.html*",
          "/registry/find-registry.html",
          "/registry/find-registry.html*",
          "/registry/find.html",
          "/registry/find.html*",
          "/registry/index.html",
          "/registry/index.html*",
          "/registry/registry-login.html",
          "/registry/registry-login.html*",
          "/registry/search-registry.html",
          "/registry/search-registry.html*",
          "/stores*",
          "/tips-and-ideas/*"
        ],
        "exclude_common_values": [
          "/customer-service/*"
        ]
      }
    },
    {
      "name": "path",
      "options": {
        "matchCaseSensitive": false,
        "matchOperator": "DOES_NOT_MATCH_ONE_OF",
        "values": [
          "/about-us/*",
          "/account/confirm-thanks.html",
          "/account/create.html",
          "/account/emailupdate/confirm-thanks.html",
          "/account/logout.html",
          "/account/updatephonenumber.html",
          "/aos/*",
          "/apple-pay/generate-session.json",
          "/cacheable/availability/getDeliveryInformationByPostalCode.json",
          "/cc/*",
          "/checkout/*",
          "/content/ecm/*",
          "/customer-service/",
          "/customer-service/confirm-mobile-email-signup.html*",
          "/internationalcheckout/*",
          "/m/about-us/*",
          "/m/account/confirm-thanks.html",
          "/m/account/create.html",
          "/m/account/landing.html",
          "/m/account/logout.html",
          "/m/aos/*",
          "/m/cc/*",
          "/m/checkout/*",
          "/m/customer-service/",
          "/m/products/getDeliveryInformation.json",
          "/m/products/getPostalCodeCookie.json",
          "/m/products/getScene7Url.json",
          "/m/promotion/eligibility/group/*",
          "/m/recommendations/*",
          "/m/resources/*",
          "/m/room/*",
          "/m/search/stores.json",
          "/m/services/shoppingcart/*",
          "/m/shopping-cart/*",
          "/m/shoppingcart/*",
          "/m/thekey/*",
          "/products/getPostalCodeCookie.json",
          "/products/getScene7Url.json",
          "/promotion/eligibility/group/*",
          "/recommendations/*",
          "/resources/*",
          "/room/*",
          "/search/stores.json",
          "/services/shoppingcart/*",
          "/shopping-cart/*",
          "/shoppingcart/*",
          "/sitemap.html",
          "/thekey/*",
          "customer-service/shipping-info/"
        ],
        "exclude_common_values": [
          "/customer-service/shipping-info/",
          "/m/customer-service/shipping-info/",
          "/trade-signin/shopnow.html"
        ]
      }
    }
  ],
  "behaviors": [
    {
      "name": "origin",
      "options": {
        "hostname": "perf.origin-svc.potterybarn.com"
      }
    },
    {
      "name": "rewriteUrl",
      "options": {
        "behavior": "PREPEND",
        "keepQueryString": true,
        "targetPathPrepend": "/caperf.potterybarn.ca/"
      }
    }
  ]
}