<?xml version="1.0" encoding="UTF-8"?>
<project>

    <!-- promo admin -->
    <node name="pradmprdrk1v" description="pricing service node" tags="prd,prdrk,pradm,singleuseadm" hostname="pradmprdrk1v" osArch="amd64" osFamily="unix" osName="Linux" osVersion="3.10.0-862.3.2.el7" username="imageuser" sudo-command-enabled="true" sudo-fail-on-prompt-timeout="false"/>
    <node name="pradm-prd-rk1v" description="pricing service node" tags="prd,prdrk,pradm,singleuseadm" hostname="pradm-prd-rk1v" osArch="amd64" osFamily="unix" osName="Linux" osVersion="3.10.0-862.3.2.el7" username="imageuser" sudo-command-enabled="true" sudo-fail-on-prompt-timeout="false"/>
    <node name="prarck-vpcn002" description="pricing service node" tags="prd,prdrk,pradm,singleuseadm,newbox" hostname="prarck-vpcn002" osArch="amd64" osFamily="unix" osName="Linux" osVersion="3.10.0-1127.el7" username="imageuser" sudo-command-enabled="true" sudo-fail-on-prompt-timeout="false"/>

    <node name="prprck-vccn001" description="pricing service node" tags="prd,prdrk,pricing,singleuse,dtcmo" hostname="prprck-vccn001" osArch="amd64" osFamily="unix" osName="Linux" osVersion="3.10.0-862.3.2.el7" username="imageuser" sudo-command-enabled="true" sudo-fail-on-prompt-timeout="false"/>
    <node name="prprck-vccn002" description="pricing service node" tags="prd,prdrk,pricing,sterling" hostname="prprck-vccn002" osArch="amd64" osFamily="unix" osName="Linux" osVersion="3.10.0-862.3.2.el7" username="imageuser" sudo-command-enabled="true" sudo-fail-on-prompt-timeout="false"/>
    <node name="prprck-vccn003" description="pricing service node" tags="prd,prdrk,pricing,sterling" hostname="prprck-vccn003" osArch="amd64" osFamily="unix" osName="Linux" osVersion="3.10.0-862.3.2.el7" username="imageuser" sudo-command-enabled="true" sudo-fail-on-prompt-timeout="false"/>
    <node name="prprck-vccn004" description="pricing service node" tags="prd,prdrk,pricing,sterling" hostname="prprck-vccn004" osArch="amd64" osFamily="unix" osName="Linux" osVersion="3.10.0-862.3.2.el7" username="imageuser" sudo-command-enabled="true" sudo-fail-on-prompt-timeout="false"/>
    <node name="prprck-vccn005" description="pricing service node" tags="prd,prdrk,pricing,sterling" hostname="prprck-vccn005" osArch="amd64" osFamily="unix" osName="Linux" osVersion="3.10.0-862.3.2.el7" username="imageuser" sudo-command-enabled="true" sudo-fail-on-prompt-timeout="false"/>

    <node name="prcrck-vccn001" description="pricing service node" tags="prd,prdrk,pricing,promo-vis-west,promo" hostname="prcrck-vccn001" osArch="amd64" osFamily="unix" osName="Linux" osVersion="3.10.0-862.3.2.el7" username="imageuser" sudo-command-enabled="true" sudo-fail-on-prompt-timeout="false"/>
    <node name="prcrck-vccn002" description="pricing service node" tags="prd,prdrk,pricing,promo-vis-west,promo" hostname="prcrck-vccn002" osArch="amd64" osFamily="unix" osName="Linux" osVersion="3.10.0-862.3.2.el7" username="imageuser" sudo-command-enabled="true" sudo-fail-on-prompt-timeout="false"/>
    <node name="prcrck-vccn003" description="pricing service node" tags="prd,prdrk,pricing,promo-vis-west,promo" hostname="prcrck-vccn003" osArch="amd64" osFamily="unix" osName="Linux" osVersion="3.10.0-862.3.2.el7" username="imageuser" sudo-command-enabled="true" sudo-fail-on-prompt-timeout="false"/>
    <node name="prcrck-vccn004" description="pricing service node" tags="prd,prdrk,pricing,promo-vis-west,promo" hostname="prcrck-vccn004" osArch="amd64" osFamily="unix" osName="Linux" osVersion="3.10.0-862.3.2.el7" username="imageuser" sudo-command-enabled="true" sudo-fail-on-prompt-timeout="false"/>
    <node name="prcrck-vccn005" description="pricing service node" tags="prd,prdrk,pricing,promo-vis-west,promo" hostname="prcrck-vccn005" osArch="amd64" osFamily="unix" osName="Linux" osVersion="3.10.0-862.3.2.el7" username="imageuser" sudo-command-enabled="true" sudo-fail-on-prompt-timeout="false"/>
    <node name="prcrck-vccn006" description="pricing service node" tags="prd,prdrk,pricing,promo-vis-west,promo" hostname="prcrck-vccn006" osArch="amd64" osFamily="unix" osName="Linux" osVersion="3.10.0-862.3.2.el7" username="imageuser" sudo-command-enabled="true" sudo-fail-on-prompt-timeout="false"/>
    <node name="prcrck-vccn007" description="pricing service node" tags="prd,prdrk,pricing,omsd" hostname="prcrck-vccn007" osArch="amd64" osFamily="unix" osName="Linux" osVersion="3.10.0-862.3.2.el7" username="imageuser" sudo-command-enabled="true" sudo-fail-on-prompt-timeout="false"/>
    <node name="prcrck-vccn008" description="pricing service node" tags="prd,prdrk,pricing,omsd" hostname="prcrck-vccn008" osArch="amd64" osFamily="unix" osName="Linux" osVersion="3.10.0-862.3.2.el7" username="imageuser" sudo-command-enabled="true" sudo-fail-on-prompt-timeout="false"/>
    <node name="prcrck-vccn009" description="pricing service node" tags="prd,prdrk,pricing,omsd" hostname="prcrck-vccn009" osArch="amd64" osFamily="unix" osName="Linux" osVersion="3.10.0-862.3.2.el7" username="imageuser" sudo-command-enabled="true" sudo-fail-on-prompt-timeout="false"/>
    <node name="prcrck-vpcn001" description="pricing service node" tags="prd,prdrk,pricing,omsd" hostname="prcrck-vpcn001" osArch="amd64" osFamily="unix" osName="Linux" osVersion="3.10.0-862.3.2.el7" username="imageuser" sudo-command-enabled="true" sudo-fail-on-prompt-timeout="false"/>
    <node name="prcrck-vpcn002" description="pricing service node" tags="prd,prdrk,pricing,omsd" hostname="prcrck-vpcn002" osArch="amd64" osFamily="unix" osName="Linux" osVersion="3.10.0-862.3.2.el7" username="imageuser" sudo-command-enabled="true" sudo-fail-on-prompt-timeout="false"/>
    <node name="prcrck-vpcn003" description="pricing service node" tags="prd,prdrk,pricing,dfeed-promo" hostname="prcrck-vpcn003" osArch="amd64" osFamily="unix" osName="Linux" osVersion="3.10.0-1160.11.1.el7" username="imageuser" sudo-command-enabled="true" sudo-fail-on-prompt-timeout="false"/>
    <node name="prcrck-vpcn004" description="pricing service node" tags="prd,prdrk,pricing,dfeed-promo" hostname="prcrck-vpcn004" osArch="amd64" osFamily="unix" osName="Linux" osVersion="3.10.0-1160.11.1.el7" username="imageuser" sudo-command-enabled="true" sudo-fail-on-prompt-timeout="false"/>
    <node name="prcrck-vpcn005" description="pricing service node" tags="prd,prdrk,pricing,dfeed-promo" hostname="prcrck-vpcn005" osArch="amd64" osFamily="unix" osName="Linux" osVersion="3.10.0-1160.11.1.el7" username="imageuser" sudo-command-enabled="true" sudo-fail-on-prompt-timeout="false"/>

    <node name="prpsac-vccn001" description="pricing service node" tags="prd,prdsac,pricing" hostname="prpsac-vccn001" osArch="amd64" osFamily="unix" osName="Linux" osVersion="3.10.0-862.3.2.el7" username="imageuser" sudo-command-enabled="true" sudo-fail-on-prompt-timeout="false"/>
    <node name="prpsac-vccn002" description="pricing service node" tags="prd,prdsac,pricing" hostname="prpsac-vccn002" osArch="amd64" osFamily="unix" osName="Linux" osVersion="3.10.0-862.3.2.el7" username="imageuser" sudo-command-enabled="true" sudo-fail-on-prompt-timeout="false"/>
    <node name="prpsac-vccn003" description="pricing service node" tags="prd,prdsac,pricing" hostname="prpsac-vccn003" osArch="amd64" osFamily="unix" osName="Linux" osVersion="3.10.0-862.3.2.el7" username="imageuser" sudo-command-enabled="true" sudo-fail-on-prompt-timeout="false"/>
    <node name="prpsac-vccn004" description="pricing service node" tags="prd,prdsac,pricing" hostname="prpsac-vccn004" osArch="amd64" osFamily="unix" osName="Linux" osVersion="3.10.0-862.3.2.el7" username="imageuser" sudo-command-enabled="true" sudo-fail-on-prompt-timeout="false"/>
    <node name="prpsac-vccn005" description="pricing service node" tags="prd,prdsac,pricing" hostname="prpsac-vccn005" osArch="amd64" osFamily="unix" osName="Linux" osVersion="3.10.0-862.3.2.el7" username="imageuser" sudo-command-enabled="true" sudo-fail-on-prompt-timeout="false"/>

    <node name="prcash-vccn001" description="pricing service node" tags="prd,prdab,pricing,promo-vis-east,promo" hostname="prcash-vccn001" osArch="amd64" osFamily="unix" osName="Linux" osVersion="3.10.0-862.3.2.el7" username="imageuser" sudo-command-enabled="true" sudo-fail-on-prompt-timeout="false"/>
    <node name="prcash-vccn002" description="pricing service node" tags="prd,prdab,pricing,promo-vis-east,promo" hostname="prcash-vccn002" osArch="amd64" osFamily="unix" osName="Linux" osVersion="3.10.0-862.3.2.el7" username="imageuser" sudo-command-enabled="true" sudo-fail-on-prompt-timeout="false"/>
    <node name="prcash-vccn003" description="pricing service node" tags="prd,prdab,pricing,promo-vis-east,promo" hostname="prcash-vccn003" osArch="amd64" osFamily="unix" osName="Linux" osVersion="3.10.0-862.3.2.el7" username="imageuser" sudo-command-enabled="true" sudo-fail-on-prompt-timeout="false"/>
    <node name="prcash-vccn004" description="pricing service node" tags="prd,prdab,pricing,promo-vis-east,promo" hostname="prcash-vccn004" osArch="amd64" osFamily="unix" osName="Linux" osVersion="3.10.0-862.3.2.el7" username="imageuser" sudo-command-enabled="true" sudo-fail-on-prompt-timeout="false"/>
    <node name="prcash-vccn005" description="pricing service node" tags="prd,prdab,pricing,promo-vis-east,promo" hostname="prcash-vccn005" osArch="amd64" osFamily="unix" osName="Linux" osVersion="3.10.0-862.3.2.el7" username="imageuser" sudo-command-enabled="true" sudo-fail-on-prompt-timeout="false"/>
    <node name="prcash-vccn006" description="pricing service node" tags="prd,prdab,pricing,promo-vis-east,promo" hostname="prcash-vccn006" osArch="amd64" osFamily="unix" osName="Linux" osVersion="3.10.0-862.3.2.el7" username="imageuser" sudo-command-enabled="true" sudo-fail-on-prompt-timeout="false"/>
    <node name="prcash-vccn007" description="pricing service node" tags="prd,prdab,pricing,omsd" hostname="prcash-vccn007" osArch="amd64" osFamily="unix" osName="Linux" osVersion="3.10.0-862.3.2.el7" username="imageuser" sudo-command-enabled="true" sudo-fail-on-prompt-timeout="false"/>
    <node name="prcash-vccn008" description="pricing service node" tags="prd,prdab,pricing,omsd" hostname="prcash-vccn008" osArch="amd64" osFamily="unix" osName="Linux" osVersion="3.10.0-862.3.2.el7" username="imageuser" sudo-command-enabled="true" sudo-fail-on-prompt-timeout="false"/>
    <node name="prcash-vccn009" description="pricing service node" tags="prd,prdab,pricing,omsd" hostname="prcash-vccn009" osArch="amd64" osFamily="unix" osName="Linux" osVersion="3.10.0-862.3.2.el7" username="imageuser" sudo-command-enabled="true" sudo-fail-on-prompt-timeout="false"/>
    <node name="prcash-vpcn001" description="pricing service node" tags="prd,prdab,pricing,omsd" hostname="prcash-vpcn001" osArch="amd64" osFamily="unix" osName="Linux" osVersion="3.10.0-862.3.2.el7" username="imageuser" sudo-command-enabled="true" sudo-fail-on-prompt-timeout="false"/>
    <node name="prcash-vpcn002" description="pricing service node" tags="prd,prdab,pricing,omsd" hostname="prcash-vpcn002" osArch="amd64" osFamily="unix" osName="Linux" osVersion="3.10.0-862.3.2.el7" username="imageuser" sudo-command-enabled="true" sudo-fail-on-prompt-timeout="false"/>

    <node name="pricing-prd-rk1v" description="pricing service node" tags="prd,prdrk,pricing,omsd,omsd-west" hostname="pricing-prd-rk1v" osArch="amd64" osFamily="unix" osName="Linux" osVersion="3.10.0-862.3.2.el7" username="imageuser" sudo-command-enabled="true" sudo-fail-on-prompt-timeout="false"/>
    <node name="pricing-prd-rk2v" description="pricing service node" tags="prd,prdrk,pricing,omsd,omsd-west" hostname="pricing-prd-rk2v" osArch="amd64" osFamily="unix" osName="Linux" osVersion="3.10.0-862.3.2.el7" username="imageuser" sudo-command-enabled="true" sudo-fail-on-prompt-timeout="false"/>

    <node name="pricing-prd-ab1v" description="pricing service node" tags="prd,prdab,pricing,omsd,omsd-east" hostname="pricing-prd-ab1v" osArch="amd64" osFamily="unix" osName="Linux" osVersion="3.10.0-862.3.2.el7" username="imageuser" sudo-command-enabled="true" sudo-fail-on-prompt-timeout="false"/>
    <node name="pricing-prd-ab2v" description="pricing service node" tags="prd,prdab,pricing,omsd,omsd-east" hostname="pricing-prd-ab2v" osArch="amd64" osFamily="unix" osName="Linux" osVersion="3.10.0-862.3.2.el7" username="imageuser" sudo-command-enabled="true" sudo-fail-on-prompt-timeout="false"/>
</project>
