<?xml version='1.0' encoding='UTF-8'?>
<flow-definition plugin="workflow-job@1.11">
  <actions/>
<!--
    git url: 'git@github.wsgc.com:eCommerce-DevOps/wsgc-devops-root.git'
-->
  <description></description>
  <keepDependencies>false</keepDependencies>
  <properties>
    <hudson.plugins.buildblocker.BuildBlockerProperty plugin="build-blocker-plugin@1.7.1">
      <useBuildBlocker>false</useBuildBlocker>
      <blockLevel>GLOBAL</blockLevel>
      <scanQueueFor>DISABLED</scanQueueFor>
      <blockingJobs></blockingJobs>
    </hudson.plugins.buildblocker.BuildBlockerProperty>
  </properties>
  <definition class="org.jenkinsci.plugins.workflow.cps.CpsFlowDefinition" plugin="workflow-cps@1.11">
    <script><![CDATA[
node {
    git url: '@GIT_URL@'
    def mvnHome = tool 'Maven3'
    sh "${mvnHome}/bin/mvn -B verify"
}
]]>
    </script>
    <sandbox>false</sandbox>
  </definition>
  <triggers/>
</flow-definition>
