<?xml version="1.0" encoding="UTF-8"?>
<ns2:OrderPricingRequest xmlns:ns2="http://services.wsgc.com/2014/Order" version="1.0.0">
    <SystemContext>
        <EnvironmentIdentifier>regression</EnvironmentIdentifier>
        <RegionIdentifier>WEST</RegionIdentifier>
        <SourceSystemIdentifier>pt1rgs</SourceSystemIdentifier>
        <TransactionId>pt1rgs/f33647d5b2244e38acd9d724632b762b</TransactionId>
        <TransactionTime>2020-01-05T13:13:36.000-08:00</TransactionTime>
        <TestingMode>false</TestingMode>
    </SystemContext>
    <OrderContext conceptCode="PT" omsOrderId="993091470548" type="Normal">
        <OrderTime>2020-01-05T13:13:36.000-08:00</OrderTime>
        <BillingAddress>
            <Address>
                <AddressLine>10833 Folsom Blvd</AddressLine>
                <City>Rancho Cordova</City>
                <StateProvince>CA</StateProvince>
                <PostalCode>95670</PostalCode>
                <Country>US</Country>
                <VerificationStatus>unverified</VerificationStatus>
                <Classification></Classification>
            </Address>
        </BillingAddress>
    </OrderContext>
    <Features>
        <PreviewOnly>false</PreviewOnly>
        <IncludeAllCharges>true</IncludeAllCharges>
        <IncludeSubOrderTotals>true</IncludeSubOrderTotals>
        <IncludeOrderTotals>true</IncludeOrderTotals>
        <UseTaxEngine>VERTEX</UseTaxEngine>
    </Features>
    <SubOrder omsSubOrderId="1">
        <ShipTo>
            <Address>
                <AddressLine>Route 69, Frederiksted</AddressLine>
                <City>St Croix</City>
                <StateProvince>VI</StateProvince>
                <PostalCode>00840</PostalCode>
                <Country>US</Country>
                <VerificationStatus>unverified</VerificationStatus>
                <Classification></Classification>
            </Address>
        </ShipTo>
        <ServiceLevel>Standard</ServiceLevel>
        <ValueAddedService type="giftmessage">
            <Property name="message">Congratulations</Property>
        </ValueAddedService>
        <Gift>
            <Item conceptCode="PT" itemId="367123" omsLineId="1">
                <Master>
                    <TypeCode>REG</TypeCode>
                    <Hierarchy>
                        <DepartmentCode>32</DepartmentCode>
                        <ClassCode>1</ClassCode>
                        <SubclassCode>7</SubclassCode>
                    </Hierarchy>
                    <IsInHome>false</IsInHome>
                    <IsDirectShip>false</IsDirectShip>
                    <TaxCategoryCode>L:01|V:172</TaxCategoryCode>
                </Master>
                <ShipFrom>
                    <Address>
                        <PostalCode>967990018</PostalCode>
                    </Address>
                </ShipFrom>
                <Pricing>
                    <Price type="unit" modifier="Regular">69.50</Price>
                    <Price type="unitFull" modifier="Regular">69.50</Price>
                    <Price type="surcharge" modifier="Regular">5.00</Price>
                    <IsFreeShip>false</IsFreeShip>
                    <IsFreePz>false</IsFreePz>
                </Pricing>
                <ValueAddedService type="monogramming">
                    <Price type="unit">20</Price>
                </ValueAddedService>
                <ValueAddedService type="giftwrap">
                    <Price type="line">30</Price>
                </ValueAddedService>
                <Quantity>1</Quantity>
            </Item>
        </Gift>
        <Item conceptCode="PT" itemId="3828493" omsLineId="2">
            <Master>
                <TypeCode>REG</TypeCode>
                <Hierarchy>
                    <DepartmentCode>27</DepartmentCode>
                    <ClassCode>2</ClassCode>
                    <SubclassCode>2</SubclassCode>
                </Hierarchy>
                <IsInHome>false</IsInHome>
                <IsDirectShip>false</IsDirectShip>
                <TaxCategoryCode>L:01|V:171</TaxCategoryCode>
            </Master>
            <ShipFrom>
                <Address>
                    <PostalCode>969104301</PostalCode>
                </Address>
            </ShipFrom>
            <Pricing>
                <Price type="unit" modifier="Discount">24.00</Price>
                <Price type="unitFull" modifier="Discount">32.50</Price>
                <Price type="surcharge" modifier="Discount">0</Price>
                <IsFreeShip>false</IsFreeShip>
                <IsFreePz>false</IsFreePz>
            </Pricing>
            <Quantity>2</Quantity>
        </Item>
        <Item conceptCode="PT" itemId="3828493" omsLineId="3">
            <Master>
                <TypeCode>REG</TypeCode>
                <Hierarchy>
                    <DepartmentCode>27</DepartmentCode>
                    <ClassCode>2</ClassCode>
                    <SubclassCode>2</SubclassCode>
                </Hierarchy>
                <IsInHome>false</IsInHome>
                <IsDirectShip>false</IsDirectShip>
                <TaxCategoryCode>L:01|V:171</TaxCategoryCode>
            </Master>
            <ShipFrom>
                <Address>
                    <PostalCode>969500221</PostalCode>
                </Address>
            </ShipFrom>
            <Pricing>
                <Price type="unit" modifier="Discount">24.00</Price>
                <Price type="unitFull" modifier="Discount">32.50</Price>
                <Price type="surcharge" modifier="Discount">0</Price>
                <IsFreeShip>false</IsFreeShip>
                <IsFreePz>false</IsFreePz>
            </Pricing>
            <Quantity>2</Quantity>
        </Item>
        <Item conceptCode="PT" itemId="3828493" omsLineId="4">
            <Master>
                <TypeCode>REG</TypeCode>
                <Hierarchy>
                    <DepartmentCode>27</DepartmentCode>
                    <ClassCode>2</ClassCode>
                    <SubclassCode>2</SubclassCode>
                </Hierarchy>
                <IsInHome>false</IsInHome>
                <IsDirectShip>false</IsDirectShip>
                <TaxCategoryCode>L:01|V:171</TaxCategoryCode>
            </Master>
            <ShipFrom>
                <Address>
                    <PostalCode>009011105</PostalCode>
                </Address>
            </ShipFrom>
            <Pricing>
                <Price type="unit" modifier="Discount">24.00</Price>
                <Price type="unitFull" modifier="Discount">32.50</Price>
                <Price type="surcharge" modifier="Discount">0</Price>
                <IsFreeShip>false</IsFreeShip>
                <IsFreePz>false</IsFreePz>
            </Pricing>
            <Quantity>2</Quantity>
        </Item>
    </SubOrder>
</ns2:OrderPricingRequest>

