{
  "include": [
    "../../common/microservice.json"
  ],
  "name": "/shop/* /.delivery/* /.aecv1/* /.static/* /m/shop/*",
  "criteria": [
    {
      "name": "hostname",
      "options": {
        "matchOperator": "IS_ONE_OF",
        "values": [
          "www.qa41.potterybarnkids.com"
        ]
      }
    },
    {
      "name": "path",
      "options": {
        "matchCaseSensitive": false,
        "matchOperator": "MATCHES_ONE_OF",
        "values": [
          "/",
          "/.static/ecmcontent/*",
          "/account/check-verification-link.html*",
          "/account/forgotpassword/confirm-forward.html",
          "/account/svc/*",
          "/account/verification.html*",
          "/aos/special-sale/*",
          "/api/.static/ecmcontent/*",
          "/api/registry/v1/*",
          "/authenticate.html*",
          "/cacheable/availability/getDeliveryBuckets.json",
          "/cacheable/availability/getDeliveryInformationByPostalCode.json",
          "/checkout/issue/*",
          "/customer-service/address-change/*",
          "/customer-service/catalog-request/*",
          "/customer-service/email-list/*",
          "/customer-service/email-preferences/*",
          "/customer-service/email-us/*",
          "/customer-service/international-email-list/*",
          "/customer-service/intl-order-tracking/*",
          "/customer-service/list-order/*",
          "/customer-service/mailing-options/*",
          "/customer-service/order-shipment-tracking/*",
          "/customer-service/order-status/*",
          "/customer-service/return/*",
          "/index.html",
          "/m/",
          "/m/account/.info/summary.html",
          "/m/account/svc/*",
          "/m/aos/special-sale/*",
          "/m/checkout/issue/*",
          "/m/customer-service/address-change/*",
          "/m/customer-service/catalog-request/*",
          "/m/customer-service/email-list/*",
          "/m/customer-service/email-preferences/*",
          "/m/customer-service/email-us/*",
          "/m/customer-service/international-email-list/*",
          "/m/customer-service/intl-order-tracking/*",
          "/m/customer-service/list-order/*",
          "/m/customer-service/mailing-options/*",
          "/m/customer-service/order-shipment-tracking/*",
          "/m/customer-service/return/*",
          "/m/index.html",
          "/m/my-design-projects/*",
          "/m/not-me.html",
          "/m/registry/*/registry-list.html",
          "/m/room/shop-by-room/*",
          "/m/stores*",
          "/m/tips-and-ideas/*",
          "/m/trade-signin/login.html*",
          "/my-design-projects/*",
          "/nativeapp*",
          "/not-me.html",
          "/phygital/.info/summary.html",
          "/registry/*/registry-list.html",
          "/room/shop-by-room/*",
          "/services/shoppingcart/v3/index.json",
          "/shopping-cart/add-item.json",
          "/shopping-cart/apply-promotion+.json",
          "/shopping-cart/apply-promotion.json",
          "/shopping-cart/apply-reward.json",
          "/shopping-cart/batch-remove-items.json",
          "/shopping-cart/batch-save-for-later.json",
          "/shopping-cart/index.json",
          "/shopping-cart/move-to-cart.json",
          "/shopping-cart/remove-item.json",
          "/shopping-cart/remove-promotion+.json",
          "/shopping-cart/remove-promotion.json",
          "/shopping-cart/remove-reward.json",
          "/shopping-cart/save-for-later.json",
          "/shopping-cart/update-delivery-method.json",
          "/shopping-cart/update-item.json",
          "/shopping-cart/update-postal-code.json",
          "/shopping-cart/update-quantity.json",
          "/shoppingcart/order/cart.json",
          "/shoppingcart/order/update-and-order.json",
          "/shoppingcart/order/update-service-level.json",
          "/shoppingcart/order/update-shipping-details.json",
          "/style-quiz/*",
          "/svc/recommendation/v2/*/pages",
          "/tips-and-ideas/*",
          "/trade-signin/login.html*",
          "products/getScene7Url.json",
          "promotion/eligibility/group/*/eligiblePromotions.json",
          "search/stores.json"
        ],
        "exclude_common_values": [
          "/account/migrationStatus.html",
          "/account/passwordRequirementsChange.html",
          "/account/svc*",
          "/api/designer/v1/*",
          "/api/registry/*",
          "/design-services/*",
          "/m/account/migrationStatus.html",
          "/m/account/passwordRequirementsChange.html",
          "/m/account/svc*",
          "/m/products/getScene7Url.json",
          "/m/promotion/eligibility/group/*",
          "/m/registry/",
          "/m/registry/*/gift-tracker.html",
          "/m/registry/*/registry-checklist.html",
          "/m/registry/*/registry-list.html*",
          "/m/registry/account-linking-search.html",
          "/m/registry/find-registry.html",
          "/m/registry/find.html",
          "/m/registry/index.html",
          "/m/registry/search-registry.html",
          "/m/shopping-cart/*",
          "/m/stores/*",
          "/my-design-projects/.api/*",
          "/nativeapp/.api/*",
          "/order-servicing/*",
          "/products/getScene7Url.json",
          "/promotion/eligibility/group/*",
          "/registry/",
          "/registry/*/gift-tracker.html",
          "/registry/*/registry-checklist.html",
          "/registry/*/registry-list.html*",
          "/registry/account-linking-search.html",
          "/registry/find-registry.html",
          "/registry/find.html",
          "/registry/index.html",
          "/registry/search-registry.html",
          "/shopping-cart/*",
          "/stores-pb/*",
          "/stores-pk/*",
          "/stores-pt/*"
        ]
      }
    },
    {
      "name": "path",
      "options": {
        "matchCaseSensitive": false,
        "matchOperator": "DOES_NOT_MATCH_ONE_OF",
        "values": [
          "/customer-service/email-list/",
          "/customer-service/join-email-confirm.json",
          "/m/products/getDeliveryInformation.json",
          "/m/products/getPostalCodeCookie.json",
          "/products/getScene7Url.json"
        ],
        "exclude_common_values": [
          "/account/not-me.html",
          "/authenticate.html",
          "/customer-service/coreemail.html",
          "/customer-service/popup/communication-preferences.html*",
          "/customer-service/shipping-info.html",
          "/customer-service/shipping-info/",
          "/customer-service/show-join-email.jsonp",
          "/m/authenticate.html",
          "/m/customer-service/confirm-mobile-email-signup.html*",
          "/m/customer-service/shipping-info/",
          "/m/pages/xbrand-landing/",
          "/m/pages/xbrand-rows/*",
          "/pages/baby.html",
          "/pages/xbrand-landing/",
          "/products/*/minipip.html",
          "/products/*/pip-print.html",
          "/products/*/quicklook.html",
          "/svc/recommendation/*",
          "/trade-signin/shopnow.html"
        ]
      }
    }
  ],
  "behaviors": [
    {
      "name": "origin",
      "options": {
        "hostname": "qa.origin-svc.potterybarnkids.com"
      }
    },
    {
      "name": "rewriteUrl",
      "options": {
        "behavior": "PREPEND",
        "keepQueryString": true,
        "targetPathPrepend": "/{{builtin.AK_DOMAIN}}/"
      }
    }
  ]
}