<?xml version="1.0" encoding="UTF-8"?>
<project>
  <node name="ecmq-prd-rk1v" description="ecmq ecserver and ibm mq node" tags="prdrk,mqm,ecmq" hostname="ecmq-prd-rk1v.wsgc.com" osArch="amd64" osFamily="unix" osName="Linux" osVersion="2.6.18-274.7.1.el5" username="imageuser" sudo-command-enabled="true" sudo-fail-on-prompt-timeout="false"/>
  <node name="ecmq-prd-rk2v" description="ecmq ecserver and ibm mq node" tags="prdrk,mqm,ecmq" hostname="ecmq-prd-rk2v.wsgc.com" osArch="amd64" osFamily="unix" osName="Linux" osVersion="2.6.18-274.7.1.el5" username="imageuser" sudo-command-enabled="true" sudo-fail-on-prompt-timeout="false"/>
  <node name="ecmq-prd-rk3v" description="ecmq ecserver and ibm mq node" tags="prdrk,mqm,ecmq" hostname="ecmq-prd-rk3v.wsgc.com" osArch="amd64" osFamily="unix" osName="Linux" osVersion="2.6.18-274.7.1.el5" username="imageuser" sudo-command-enabled="true" sudo-fail-on-prompt-timeout="false"/>
  <node name="ecmq-prd-rk4v" description="ecmq ecserver and ibm mq node" tags="prdrk,mqm,ecmq" hostname="ecmq-prd-rk4v.wsgc.com" osArch="amd64" osFamily="unix" osName="Linux" osVersion="2.6.18-274.7.1.el5" username="imageuser" sudo-command-enabled="true" sudo-fail-on-prompt-timeout="false"/>
  <node name="ecmq-prd-rk5v" description="ecmq ecserver and ibm mq node" tags="prdrk,mqm,ecmq" hostname="ecmq-prd-rk5v.wsgc.com" osArch="amd64" osFamily="unix" osName="Linux" osVersion="2.6.18-274.7.1.el5" username="imageuser" sudo-command-enabled="true" sudo-fail-on-prompt-timeout="false"/>

  <node name="ecmq-prd-sac1v" description="ecmq ecserver and ibm mq node" tags="prdsac,mqm,ecmq" hostname="ecmq-prd-sac1v.wsgc.com" osArch="amd64" osFamily="unix" osName="Linux" osVersion="2.6.18-274.7.1.el5" username="imageuser" sudo-command-enabled="true" sudo-fail-on-prompt-timeout="false"/>
  <node name="ecmq-prd-sac2v" description="ecmq ecserver and ibm mq node" tags="prdsac,mqm,ecmq" hostname="ecmq-prd-sac2v.wsgc.com" osArch="amd64" osFamily="unix" osName="Linux" osVersion="2.6.18-274.7.1.el5" username="imageuser" sudo-command-enabled="true" sudo-fail-on-prompt-timeout="false"/>
  <node name="ecmq-prd-sac3v" description="ecmq ecserver and ibm mq node" tags="prdsac,mqm,ecmq" hostname="ecmq-prd-sac3v.wsgc.com" osArch="amd64" osFamily="unix" osName="Linux" osVersion="2.6.18-274.7.1.el5" username="imageuser" sudo-command-enabled="true" sudo-fail-on-prompt-timeout="false"/>
  <node name="ecmq-prd-sac4v" description="ecmq ecserver and ibm mq node" tags="prdsac,mqm,ecmq" hostname="ecmq-prd-sac4v.wsgc.com" osArch="amd64" osFamily="unix" osName="Linux" osVersion="2.6.18-274.7.1.el5" username="imageuser" sudo-command-enabled="true" sudo-fail-on-prompt-timeout="false"/>
  <node name="ecmq-prd-sac5v" description="ecmq ecserver and ibm mq node" tags="prdsac,mqm,ecmq" hostname="ecmq-prd-sac5v.wsgc.com" osArch="amd64" osFamily="unix" osName="Linux" osVersion="2.6.18-274.7.1.el5" username="imageuser" sudo-command-enabled="true" sudo-fail-on-prompt-timeout="false"/>
</project>
