{
  "behaviors": [
    {
      "name": "adaptiveAcceleration",
      "options": {
        "abLogic": "DISABLED",
        "abTesting": "",
        "compression": "",
        "enableBrotliCompression": true,
        "enableForNoncacheable": true,
        "enablePreconnect": true,
        "enablePush": false,
        "enableRo": false,
        "preloadEnable": true,
        "source": "mPulse",
        "titleBrotli": "",
        "titleHttp2ServerPush": "",
        "titlePreconnect": "",
        "titlePreload": "",
        "titleRo": ""
      }
    }
  ],
  "name": "Brotli Compression",
  "options": {},
  "criteriaMustSatisfy": "all"
}