{
  "children": [
    {
      "behaviors": [
        {
          "name": "downstreamCache",
          "options": {
            "behavior": "BUST"
          }
        }
      ],
      "criteria": [
        {
          "name": "cacheability",
          "options": {
            "matchOperator": "IS",
            "value": "CACHEABLE"
          }
        }
      ],
      "name": "Cacheable content",
      "options": {},
      "criteriaMustSatisfy": "all"
    },
    {
      "behaviors": [
        {
          "name": "downstreamCache",
          "options": {
            "allowBehavior": "FROM_VALUE",
            "behavior": "ALLOW",
            "sendHeaders": "CACHE_CONTROL",
            "sendPrivate": false,
            "ttl": "180d"
          }
        }
      ],
      "criteria": [
        {
          "name": "path",
          "options": {
            "matchCaseSensitive": false,
            "matchOperator": "MATCHES_ONE_OF",
            "normalize": false,
            "values": [
              "/mgimgs/ab/images/*",
              "/mgimgs/rk/images/*",
              "/mgimgs/qark/images/*"
            ]
          }
        }
      ],
      "name": "/mgimgs/ab/images/*  /mgimgs/rk/images/*",
      "options": {},
      "criteriaMustSatisfy": "all"
    },
    {
      "behaviors": [
        {
          "name": "downstreamCache",
          "options": {
            "allowBehavior": "FROM_VALUE",
            "behavior": "ALLOW",
            "sendHeaders": "CACHE_CONTROL",
            "sendPrivate": false,
            "ttl": "30d"
          }
        }
      ],
      "criteria": [
        {
          "name": "path",
          "options": {
            "matchCaseSensitive": false,
            "matchOperator": "MATCHES_ONE_OF",
            "normalize": false,
            "values": [
              "/favicon.ico",
              "/.static/*"
            ]
          }
        }
      ],
      "name": "30d Cache Control Headers",
      "options": {},
      "criteriaMustSatisfy": "all"
    },
    {
      "behaviors": [
        {
          "name": "downstreamCache",
          "options": {
            "allowBehavior": "FROM_VALUE",
            "behavior": "ALLOW",
            "sendHeaders": "CACHE_CONTROL",
            "sendPrivate": false,
            "ttl": "7d"
          }
        }
      ],
      "criteria": [
        {
          "name": "path",
          "options": {
            "matchCaseSensitive": false,
            "matchOperator": "MATCHES_ONE_OF",
            "normalize": false,
            "values": [
              "/manifest.json"
            ]
          }
        }
      ],
      "name": "7d Cache Control Headers",
      "options": {},
      "criteriaMustSatisfy": "all"
    },
    {
      "behaviors": [
        {
          "name": "downstreamCache",
          "options": {
            "allowBehavior": "FROM_VALUE",
            "behavior": "ALLOW",
            "sendHeaders": "EXPIRES",
            "ttl": "1d"
          }
        }
      ],
      "criteria": [
        {
          "name": "fileExtension",
          "options": {
            "matchCaseSensitive": false,
            "matchOperator": "IS_ONE_OF",
            "values": [
              "css",
              "js"
            ]
          }
        },
        {
          "name": "path",
          "options": {
            "matchCaseSensitive": false,
            "matchOperator": "MATCHES_ONE_OF",
            "normalize": false,
            "values": [
              "/wsimgs/ab/images/*",
              "/wsimgs/rk/images/*"
            ]
          }
        }
      ],
      "name": "1d Expires header",
      "options": {},
      "criteriaMustSatisfy": "all"
    },
    {
      "behaviors": [
        {
          "name": "downstreamCache",
          "options": {
            "allowBehavior": "LESSER",
            "behavior": "ALLOW",
            "sendHeaders": "CACHE_CONTROL",
            "sendPrivate": false
          }
        }
      ],
      "criteria": [
        {
          "name": "path",
          "options": {
            "matchCaseSensitive": false,
            "matchOperator": "MATCHES_ONE_OF",
            "normalize": false,
            "values": [
              "*/promotion/*/eligiblePromotions.json",
              "*/products/*/product-display-locations.json",
              "*/search/stores.json",
              "/storepickup/checkavailability/list.json",
              "*/products/getDeliveryInformation.json",
              "*/products/getPostalCodeCookie.json"
            ]
          }
        }
      ],
      "name": "Default - Cache Control Headers",
      "options": {},
      "criteriaMustSatisfy": "all"
    }
  ],
  "name": "Browser Caching",
  "options": {},
  "criteriaMustSatisfy": "all"
}