{
  "children": [
    {
      "behaviors": [
        {
          "name": "cpCode",
          "options": {
            "value": {
              "cpCodeLimits": null,
              "createdDate": 1341249624000,
              "description": "MGImages",
              "id": 174132,
              "name": "MGImages",
              "products": [
                "SPM"
              ]
            }
          }
        }
      ],
      "criteria": [
        {
          "name": "path",
          "options": {
            "matchCaseSensitive": false,
            "matchOperator": "MATCHES_ONE_OF",
            "normalize": false,
            "values": [
              "/mgimgs/*"
            ]
          }
        }
      ],
      "name": "CP Code: /mgimgs/*",
      "options": {},
      "criteriaMustSatisfy": "all"
    },
    {
      "behaviors": [
        {
          "name": "cpCode",
          "options": {
            "value": {
              "cpCodeLimits": {
                "currentCapacity": -1,
                "limit": 183,
                "limitType": "account"
              },
              "createdDate": 1562864524000,
              "description": "MG - TEST products",
              "id": 872405,
              "name": "MG - TEST products",
              "products": [
                "SPM"
              ]
            }
          }
        }
      ],
      "criteria": [
        {
          "name": "path",
          "options": {
            "matchCaseSensitive": false,
            "matchOperator": "MATCHES_ONE_OF",
            "normalize": false,
            "values": [
              "/products/*",
              "/m/products/*",
              "/AEC/products/*",
              "/AEC/m/products*",
              "/AEC/SEO/products/*",
              "/AEC/SEO/m/products/*",
              "/.aecv1/products/*",
              "/.aecv1/m/products*",
              "/.aecv1/SEO/products/*",
              "/.aecv1/SEO/m/products/*"
            ]
          }
        }
      ],
      "name": "MG - TEST products",
      "options": {},
      "criteriaMustSatisfy": "all"
    },
    {
      "behaviors": [
        {
          "name": "cpCode",
          "options": {
            "value": {
              "cpCodeLimits": {
                "currentCapacity": -2,
                "limit": 183,
                "limitType": "account"
              },
              "createdDate": 1562864558000,
              "description": "MG - TEST browse",
              "id": 872406,
              "name": "MG - TEST browse",
              "products": [
                "SPM"
              ]
            }
          }
        }
      ],
      "criteria": [
        {
          "name": "path",
          "options": {
            "matchCaseSensitive": false,
            "matchOperator": "MATCHES_ONE_OF",
            "normalize": false,
            "values": [
              "/shop/*",
              "/m/shop/*",
              "/AEC/shop/*",
              "/AEC/m/shop/*",
              "/AEC/SEO/shop/*",
              "/AEC/SEO/m/shop/*",
              "/m/cacheable/*",
              "/AEC/m/cachable/*",
              "/AEC/SEO/m/cacheable/*",
              "/shopping/*",
              "/m/shopping/*",
              "/AEC/shopping/*",
              "/AEC/m/shopping/*",
              "/AEC/SEO/shopping/*",
              "/AEC/SEO/m/shopping/*",
              "/search/*",
              "/m/search/*",
              "/AEC/search/*",
              "/AEC/SEO/search/*",
              "/AEC/m/search/*",
              "/AEC/SEO/m/search/*",
              "/promotion/*",
              "/AEC/promotion/*",
              "/AEC/SEO/promotion/*",
              "/pages/*",
              "/m/pages/*",
              "/AEC/pages/*",
              "/AEC/m/pages/*",
              "/AEC/SEO/pages/*",
              "/AEC/SEO/m/pages/*",
              "/storepickup/*",
              "/AEC/storepickup/*",
              "/AEC/SEO/storepickup/*",
              "/services/*",
              "/AEC/riaservices/catalog/*",
              "/AEC/services/catalog/*",
              "/recipe/*",
              "/m/recipe/*",
              "/AEC/recipe/*",
              "/AEC/m/recipe/*",
              "/AEC/SEO/recipe/*",
              "/AEC/SEO/m/recipe/*",
              "/.aecv1/shop/*",
              "/.aecv1/m/shop/*",
              "/.aecv1/SEO/shop/*",
              "/.aecv1/SEO/m/shop/*",
              "/.aecv1/m/cachable/*",
              "/.aecv1/SEO/m/cacheable/*",
              "/.aecv1/shopping/*",
              "/.aecv1/m/shopping/*",
              "/.aecv1/SEO/shopping/*",
              "/.aecv1/SEO/m/shopping/*",
              "/.aecv1/search/*",
              "/.aecv1/SEO/search/*",
              "/.aecv1/m/search/*",
              "/.aecv1/SEO/m/search/*",
              "/.aecv1/promotion/*",
              "/.aecv1/SEO/promotion/*",
              "/.aecv1/pages/*",
              "/.aecv1/m/pages/*",
              "/.aecv1/SEO/pages/*",
              "/.aecv1/SEO/m/pages/*",
              "/.aecv1/storepickup/*",
              "/.aecv1/SEO/storepickup/*",
              "/.aecv1/riaservices/catalog/*",
              "/.aecv1/services/catalog/*",
              "/.aecv1/recipe/*",
              "/.aecv1/m/recipe/*",
              "/.aecv1/SEO/recipe/*",
              "/.aecv1/SEO/m/recipe/*"
            ]
          }
        }
      ],
      "name": "MG - TEST browse",
      "options": {},
      "criteriaMustSatisfy": "all"
    },
    {
      "behaviors": [
        {
          "name": "cpCode",
          "options": {
            "value": {
              "cpCodeLimits": {
                "currentCapacity": -3,
                "limit": 183,
                "limitType": "account"
              },
              "createdDate": 1562864568000,
              "description": "MG - TEST transactions",
              "id": 872408,
              "name": "MG - TEST transactions",
              "products": [
                "SPM"
              ]
            }
          }
        }
      ],
      "criteria": [
        {
          "name": "path",
          "options": {
            "matchCaseSensitive": false,
            "matchOperator": "MATCHES_ONE_OF",
            "normalize": false,
            "values": [
              "/account/*",
              "/registry/*",
              "/favorites/*",
              "/loyalty/*",
              "/personalization/*",
              "/m/personalization/*",
              "/svc/*",
              "/customer-service/*",
              "/checkout/*",
              "/m/checkout/*",
              "/creditcard/*",
              "/plcc/*",
              "/shoppingcart/*",
              "/m/shoppingcart/*"
            ]
          }
        }
      ],
      "name": "MG - TEST transactions",
      "options": {},
      "criteriaMustSatisfy": "all"
    },
    {
      "behaviors": [
        {
          "name": "cpCode",
          "options": {
            "value": {
              "cpCodeLimits": {
                "currentCapacity": -4,
                "limit": 183,
                "limitType": "account"
              },
              "createdDate": 1562864577000,
              "description": "MG - TEST netstorage",
              "id": 872409,
              "name": "MG - TEST netstorage",
              "products": [
                "SPM"
              ]
            }
          }
        }
      ],
      "criteria": [
        {
          "name": "path",
          "options": {
            "matchCaseSensitive": false,
            "matchOperator": "MATCHES_ONE_OF",
            "normalize": false,
            "values": [
              "/netstorage/*",
              "/netstorage/css/*",
              "/netstorage/images/*"
            ]
          }
        }
      ],
      "name": "MG - TEST netstorage",
      "options": {},
      "criteriaMustSatisfy": "all"
    }
  ],
  "name": "CP Code",
  "options": {},
  "criteriaMustSatisfy": "all"
}