{
  "children": [
    {
      "behaviors": [
        {
          "name": "edgeScape",
          "options": {
            "enabled": true
          }
        },
        {
          "name": "edgeSideIncludes",
          "options": {
            "detectInjection": false,
            "enableViaHttp": false,
            "enabled": true,
            "i18nStatus": false,
            "passClientIp": false,
            "passSetCookie": false
          }
        },
        {
          "name": "advanced",
          "options": {
            "description": "display-processing-time",
            "xml": "\u003cedgecomputing:display-processing-time\u003eon\u003c/edgecomputing:display-processing-time\u003e"
          },
          "uuid": "46cdfae4-c370-4489-b0e9-e9451dcf5283"
        }
      ],
      "criteria": [
        {
          "name": "filename",
          "options": {
            "matchCaseSensitive": false,
            "matchOperator": "IS_ONE_OF",
            "values": [
              "EMPTY_STRING"
            ]
          }
        }
      ],
      "name": "Default Rule",
      "options": {},
      "uuid": "8b0129e6-0d01-4ae7-b984-68b046bd62c2",
      "criteriaMustSatisfy": "all"
    },
    {
      "behaviors": [
        {
          "name": "edgeScape",
          "options": {
            "enabled": true
          }
        },
        {
          "name": "edgeSideIncludes",
          "options": {
            "detectInjection": false,
            "enableViaHttp": false,
            "enabled": true,
            "i18nStatus": false,
            "passClientIp": false,
            "passSetCookie": false
          }
        }
      ],
      "criteria": [
        {
          "name": "path",
          "options": {
            "matchCaseSensitive": false,
            "matchOperator": "MATCHES_ONE_OF",
            "normalize": false,
            "values": [
              "/checkbanner.html",
              "/checkcookie.html",
              "/getgtminfo.html",
              "/index.html",
              "/setedgegenerations.html",
              "/sitemap.html",
              "/setedgeschedules.html"
            ]
          }
        }
      ],
      "name": "/checkbanner.html /checkcookie.html /getgtminfo.html /index.html /setedgegenerations.html /sitemap.html",
      "options": {},
      "criteriaMustSatisfy": "all"
    },
    {
      "behaviors": [
        {
          "name": "edgeScape",
          "options": {
            "enabled": true
          }
        },
        {
          "name": "edgeSideIncludes",
          "options": {
            "detectInjection": false,
            "enableViaHttp": false,
            "enabled": true,
            "i18nStatus": false,
            "passClientIp": false,
            "passSetCookie": false
          }
        }
      ],
      "criteria": [
        {
          "name": "path",
          "options": {
            "matchCaseSensitive": false,
            "matchOperator": "MATCHES_ONE_OF",
            "normalize": false,
            "values": [
              "/*"
            ]
          }
        },
        {
          "name": "fileExtension",
          "options": {
            "matchCaseSensitive": false,
            "matchOperator": "IS_ONE_OF",
            "values": [
              "html",
              "json",
              "xml"
            ]
          }
        },
        {
          "name": "path",
          "options": {
            "matchCaseSensitive": false,
            "matchOperator": "DOES_NOT_MATCH_ONE_OF",
            "normalize": false,
            "values": [
              "*/cacheable/*/*.json",
              "*/products/*/email-a-friend-preview.html",
              "*/products/*/email-a-friend.html",
              "/itpm*"
            ]
          }
        }
      ],
      "name": "/*",
      "options": {},
      "criteriaMustSatisfy": "all"
    }
  ],
  "criteria": [
    {
      "name": "path",
      "options": {
        "matchCaseSensitive": false,
        "matchOperator": "DOES_NOT_MATCH_ONE_OF",
        "normalize": false,
        "values": [
          "/authenticate.html",
          "/account/login.html",
          "/registry/index.html",
          "/registry/",
          "/checkout/app/",
          "/checkout/app/payment.html",
          "/checkout/app/billing.html",
          "/checkout/app/delivery.html",
          "/checkout/app/multiple-shipping.html",
          "/checkout/app/shipping.html",
          "/itpm/*",
          "/trade-signin/login.html",
          "/netstorage/*"
        ]
      }
    }
  ],
  "name": "Edge Side Include (ESI) Processing Rules",
  "options": {},
  "uuid": "fd951615-ce5f-4fb2-895f-d0197c89a725",
  "criteriaMustSatisfy": "all"
}