{
  "behaviors": [
    {
      "name": "customBehavior",
      "options": {
        "behaviorId": "cbe_350305593"
      }
    }
  ],
  "criteria": [
    {
      "name": "hostname",
      "options": {
        "matchOperator": "IS_NOT_ONE_OF",
        "values": [
          "dummy.hostname.mg"
        ]
      }
    }
  ],
  "name": "Failover - 404s",
  "options": {},
  "templateLink": "/platformtoolkit/service/ruletemplate/347604368/1?accountId=1-J5YX\u0026gid=22415\u0026ck=22.8.8",
  "criteriaMustSatisfy": "all"
}