{
  "include": [
    "../../common/microservice.json"
  ],
  "name": "/shop/* /.delivery/* /.aecv1/* /.static/* /m/shop/*",
  "criteria": [
    {
      "name": "hostname",
      "options": {
        "matchOperator": "IS_ONE_OF",
        "values": [
          "integration.markandgraham.com"
        ]
      }
    },
    {
      "name": "path",
      "options": {
        "matchCaseSensitive": false,
        "matchOperator": "MATCHES_ONE_OF",
        "values": [
          "/.static/ecmcontent/*",
          "/account/check-verification-link.html*",
          "/account/keyrewards/key-credit-rewards.json",
          "/account/svc/*",
          "/account/verification.html*",
          "/aos/*",
          "/aos/special-sale/*",
          "/appointments/*",
          "/authenticate.html",
          "/customer-service/driver-release/*",
          "/customer-service/order-status/",
          "/events/*",
          "/m/account/.info/summary.html",
          "/m/account/svc/*",
          "/m/aos/*",
          "/m/aos/special-sale/*",
          "/m/appointments/*",
          "/m/authenticate.html",
          "/m/customer-service/charge-details/*",
          "/m/events/*",
          "/m/not-me.html",
          "/m/stores*",
          "/nativeapp/*",
          "/not-me.html",
          "/order-servicing/.info/summary.html",
          "/phygital/.info/summary.html",
          "/registry/*/registry-checklist.html*",
          "/registry/.info/summary.html",
          "/stores*"
        ],
        "exclude_common_values": [
          "/account/migrationStatus.html",
          "/account/passwordRequirementsChange.html",
          "/account/svc*",
          "/api/designer/v1/*",
          "/m/account/migrationStatus.html",
          "/m/account/passwordRequirementsChange.html",
          "/m/account/svc*",
          "/order-servicing/*",
          "/pages/homepage-test/",
          "/pages/kids/",
          "/shopping/*"
        ]
      }
    },
    {
      "name": "path",
      "options": {
        "matchCaseSensitive": false,
        "matchOperator": "DOES_NOT_MATCH_ONE_OF",
        "values": [
          "/cacheable/availability/getDeliveryInformationByPostalCode.json",
          "/customer-service/popup/communication-preferences.html*",
          "/customer-service/popup/communications-preferences-thank-you.html*",
          "/m/customer-service/confirm-mobile-email-signup.html*",
          "/pages/overlay/*",
          "/pages/popups/*"
        ],
        "exclude_common_values": [
          "/customer-service/coreemail.html",
          "/customer-service/shipping-info.html",
          "/customer-service/shipping-info/",
          "/m/customer-service/shipping-info/",
          "/m/pages/xbrand-landing/",
          "/m/pages/xbrand-rows/",
          "/pages/xbrand-landing/",
          "/pages/xbrand-rows/",
          "/products/*/pip-print.html",
          "/trade-signin/shopnow.html"
        ]
      }
    }
  ],
  "behaviors": [
    {
      "name": "origin",
      "options": {
        "hostname": "qa.origin-svc.markandgraham.com"
      }
    },
    {
      "name": "rewriteUrl",
      "options": {
        "behavior": "PREPEND",
        "keepQueryString": true,
        "targetPathPrepend": "/int1.markandgraham.com/"
      }
    }
  ]
}