{
  "include": [
    "../../common/microservice.json"
  ],
  "name": "/shop/* /.delivery/* /.aecv1/* /.static/* /m/shop/*",
  "criteria": [
    {
      "name": "hostname",
      "options": {
        "matchOperator": "IS_ONE_OF",
        "values": [
          "www.qa61.pbteen.com"
        ]
      }
    },
    {
      "name": "path",
      "options": {
        "matchCaseSensitive": false,
        "matchOperator": "MATCHES_ONE_OF",
        "values": [
          "/",
          "/.static/ecmcontent/*",
          "/account/addressbook/*",
          "/account/addressbook/overlay/*",
          "/account/birthday-club/*",
          "/account/check-verification-link.html*",
          "/account/create-account-for-creditcard.html",
          "/account/credit-create-account.html",
          "/account/credit-sign-in.html",
          "/account/creditcard/*",
          "/account/forgotpassword/confirm-forward.html",
          "/account/keyrewards/*",
          "/account/keyrewards/barcode/*",
          "/account/logout.html*",
          "/account/myapps/index.html",
          "/account/myappsconfirm/index.html",
          "/account/oauth2/authorize/index.html",
          "/account/oauth2/login.html",
          "/account/orderhistory/index.json",
          "/account/redirectToBirthdayClub.html",
          "/account/redirectToCreate.html",
          "/account/svc/*",
          "/account/syncUiLoginState/index.json",
          "/account/verification.html*",
          "/aos/special-sale/*",
          "/api/registry/v1/*",
          "/cacheable/availability/getDeliveryInformationByPostalCode.json",
          "/checkout/issue/*",
          "/customer-service/address-change/*",
          "/customer-service/catalog-request/*",
          "/customer-service/charge-details/*",
          "/customer-service/email-list/*",
          "/customer-service/email-preferences/*",
          "/customer-service/email-us/*",
          "/customer-service/gift-services/*",
          "/customer-service/international-email-list/*",
          "/customer-service/intl-order-tracking/*",
          "/customer-service/list-order/*",
          "/customer-service/mailing-options/*",
          "/customer-service/order-inquiries/*",
          "/customer-service/order-shipment-tracking/*",
          "/customer-service/order-status/",
          "/customer-service/order-status/*",
          "/customer-service/order-tracking/*",
          "/customer-service/popup/*",
          "/customer-service/return/*",
          "/customer-service/signup-mobile/*",
          "/customer-service/store-locations/*",
          "/customer-services/*",
          "/index.html",
          "/m",
          "/m//account/forgotpassword/passwordUpdatethanks.html",
          "/m/account/keyrewards/barcode/*",
          "/m/account/keyrewards/faq.html",
          "/m/account/logout.html*",
          "/m/account/recommendations/index.html",
          "/m/account/svc/*",
          "/m/aos/special-sale/*",
          "/m/checkout/issue/*",
          "/m/customer-service/address-change/*",
          "/m/customer-service/catalog-request/*",
          "/m/customer-service/charge-details/*",
          "/m/customer-service/email-list/*",
          "/m/customer-service/email-preferences/*",
          "/m/customer-service/email-us/*",
          "/m/customer-service/international-email-list/*",
          "/m/customer-service/intl-order-tracking/*",
          "/m/customer-service/list-order/*",
          "/m/customer-service/mailing-options/*",
          "/m/customer-service/order-shipment-tracking/*",
          "/m/customer-service/order-tracking/*",
          "/m/customer-service/return/*",
          "/m/customer-service/store-locations/*",
          "/m/customer-services/*",
          "/m/my-design-projects/*",
          "/m/registry/*",
          "/m/registry/*/gift-tracker.html",
          "/m/registry/*/registry-list.html",
          "/m/registry/account-linking-search.html",
          "/m/registry/create-registry-sign-in.html",
          "/m/registry/create.html",
          "/m/registry/find-registry.html",
          "/m/registry/find.html",
          "/m/registry/registry-login.html",
          "/m/registry/search-registry.html",
          "/m/room/shop-by-room/*",
          "/m/tips-and-ideas/*",
          "/my-design-projects/*",
          "/order-servicing/.info/summary.html",
          "/phygital/.info/summary.html",
          "/popup/shoppingcart/*",
          "/registry/*",
          "/registry/*/gift-tracker.html",
          "/registry/*/registry-list.html",
          "/registry/.info/summary.html",
          "/registry/account-linking-search.html",
          "/registry/create-registry-sign-in.html",
          "/registry/create.html",
          "/registry/find-registry.html",
          "/registry/find.html",
          "/registry/registry-login.html",
          "/registry/search-registry.html",
          "/room/shop-by-room/*",
          "/services/shoppingcart/v3/index.json",
          "/shopping-cart/apply-promotion+.json",
          "/shopping-cart/index.json",
          "/shopping-cart/move-to-cart.json",
          "/shopping-cart/remove-item.json",
          "/shopping-cart/remove-promotion+.json",
          "/shopping-cart/save-for-later.json",
          "/shopping-cart/update-postal-code.json",
          "/shopping-cart/update-quantity.json",
          "/shoppingcart/fragment/*",
          "/shoppingcart/order/cart.json",
          "/shoppingcart/order/update-and-order.json",
          "/shoppingcart/order/update-service-level.json",
          "/shoppingcart/order/update-shipping-details.json",
          "/stores/*",
          "/svc/recommendation/v2/*/pages",
          "/tips-and-ideas/*",
          "products/getScene7Url.json",
          "promotion/eligibility/group/(groupId)/eligiblePromotions.json",
          "search/stores.json"
        ],
        "exclude_common_values": [
          "/account/.info/summary.html",
          "/account/addressbook.html",
          "/account/addressbook/",
          "/account/confirm.html",
          "/account/creditcard.html",
          "/account/creditcard/",
          "/account/creditcard/create.html",
          "/account/forgotpassword.html",
          "/account/forgotpassword/confirm.html",
          "/account/index.html",
          "/account/login-attempts.html",
          "/account/login.html",
          "/account/logout.html",
          "/account/migrationStatus.html",
          "/account/passwordRequirementsChange.html",
          "/account/recipe-box/",
          "/account/svc*",
          "/api/designer/v1/*",
          "/cc/*",
          "/design-services/*",
          "/m/account/addressbook.html",
          "/m/account/addressbook/",
          "/m/account/confirm.html",
          "/m/account/creditcard.html",
          "/m/account/creditcard/",
          "/m/account/creditcard/create.html",
          "/m/account/forgotpassword.html",
          "/m/account/forgotpassword/confirm.html",
          "/m/account/forgotpassword/passwordUpdatethanks.html",
          "/m/account/index.html",
          "/m/account/login-attempts.html",
          "/m/account/login.html",
          "/m/account/logout.html",
          "/m/account/migrationStatus.html",
          "/m/account/passwordRequirementsChange.html",
          "/m/account/recipe-box/",
          "/m/account/svc*",
          "/m/account/updateaccount.html",
          "/m/account/updateemail.html",
          "/m/account/updatename.html",
          "/m/account/updatepassword.html",
          "/m/cc/*",
          "/my-design-projects/.api/*",
          "/nativeapp/.api/*",
          "/order-servicing/*",
          "/resources/*",
          "/shopping/*",
          "/stores*"
        ]
      }
    },
    {
      "name": "path",
      "options": {
        "matchCaseSensitive": false,
        "matchOperator": "DOES_NOT_MATCH_ONE_OF",
        "values": [
          "/customer-service/popup/communications-preferences-thank-you.html*"
        ],
        "exclude_common_values": [
          "/customer-service/coreemail.html",
          "/customer-service/shipping-info.html",
          "/customer-service/shipping-info/",
          "/customer-service/show-join-email.jsonp",
          "/m/customer-service/shipping-info/",
          "/m/pages/xbrand-rows/",
          "/pages/fragments/*",
          "/pages/pbdorm/*",
          "/pages/xbrand-landing/",
          "/pages/xbrand-landing/",
          "/pages/xbrand-rows/",
          "/pages/xbrand-rows/*",
          "/products/*/minipip.html",
          "/products/*/pip-print.html",
          "/products/*/quicklook.html",
          "/products/getPostalCodeCookie.json",
          "/svc/recommendation/*",
          "/trade-signin/shopnow.html"
        ]
      }
    }
  ],
  "behaviors": [
    {
      "name": "origin",
      "options": {
        "hostname": "qa.origin-svc.pbteen.com"
      }
    },
    {
      "name": "rewriteUrl",
      "options": {
        "behavior": "PREPEND",
        "keepQueryString": true,
        "targetPathPrepend": "/{{builtin.AK_DOMAIN}}/"
      }
    }
  ]
}