{
  "include": [
    "../../common/microservice.json"
  ],
  "name": "/shop/* /.delivery/* /.aecv1/* /.static/* /m/shop/*",
  "criteria": [
    {
      "name": "hostname",
      "options": {
        "matchOperator": "IS_ONE_OF",
        "values": [
          "www.qa11.markandgraham.com"
        ]
      }
    },
    {
      "name": "path",
      "options": {
        "matchCaseSensitive": false,
        "matchOperator": "MATCHES_ONE_OF",
        "values": [
          "/.static/ecmcontent/*",
          "/account/*",
          "/account/check-verification-link.html*",
          "/account/forgotpassword/confirm-forward.html",
          "/account/migrationStatus.html*",
          "/account/passwordRequirementsChange.html*",
          "/account/svc/*",
          "/account/verification.html*",
          "/api/.static/ecmcontent/*",
          "/api/inventory/*",
          "/api/order-status/v1/svc/claim/*",
          "/api/registry/*",
          "/appointments/*",
          "/customer-service/driver-release/*",
          "/customer-service/order-status/",
          "/customer/*",
          "/design-services/*",
          "/events/*",
          "/m/account/*",
          "/m/account/.info/summary.html",
          "/m/account/svc/*",
          "/m/appointments/*",
          "/m/customer-service/charge-details/*",
          "/m/customer/*",
          "/m/design-services/*",
          "/m/events/*",
          "/m/my-design-projects/*",
          "/m/product/",
          "/m/registry/",
          "/m/registry/*/gift-tracker.html",
          "/m/registry/*/registry-checklist.html",
          "/m/registry/*/registry-list.html*",
          "/m/registry/account-linking-search.html",
          "/m/registry/create-registry-sign-in.html",
          "/m/registry/create.html",
          "/m/registry/find-registry.html",
          "/m/registry/find.html",
          "/m/registry/index.html",
          "/m/registry/registry-login.html",
          "/m/registry/search-registry.html",
          "/m/shop/",
          "/m/stores*",
          "/m/stores/*",
          "/m/tips-and-ideas/*",
          "/my-design-projects/*",
          "/order-servicing/.info/summary.html",
          "/phygital/.info/summary.html",
          "/product/",
          "/registry/",
          "/registry/*/gift-tracker.html",
          "/registry/*/registry-checklist.html",
          "/registry/*/registry-list.html*",
          "/registry/.info/summary.html",
          "/registry/account-linking-search.html",
          "/registry/create-registry-sign-in.html",
          "/registry/create.html",
          "/registry/find-registry.html",
          "/registry/find.html",
          "/registry/index.html",
          "/registry/registry-login.html",
          "/registry/search-registry.html",
          "/shop/",
          "/stores*",
          "/stores-pb/*",
          "/stores-pk/*",
          "/stores-pt/*",
          "/stores/*",
          "/style-quiz/*",
          "/tips-and-ideas/*",
          "/tips-and-ideas/daily-system-tool/",
          "/tips-and-ideas/gabrielle-system-tool/",
          "/tips-and-ideas/monogram-guide/",
          "/tips-and-ideas/my-pottery-barn/",
          "/tips-and-ideas/new-looks-to-love-artisanal-vintage/",
          "/tips-and-ideas/paint-finder/",
          "/tips-and-ideas/resources/",
          "/tips-and-ideas/room-planner-tool/",
          "/tips-and-ideas/tools/"
        ],
        "exclude_common_values": [
          "/about-us/*",
          "/account/confirm-thanks.html",
          "/account/create.html",
          "/account/emailupdate/confirm-thanks.html",
          "/account/logout.html",
          "/account/migrationStatus.html",
          "/account/passwordRequirementsChange.html",
          "/account/svc*",
          "/account/updatephonenumber.html",
          "/api/inventory/v1/*",
          "/cc/*",
          "/checkout/*",
          "/checkout/issue/*",
          "/content/ecm/*",
          "/customer-service/address-change/*",
          "/customer-service/catalog-request/*",
          "/customer-service/email-list/*",
          "/customer-service/email-preferences/*",
          "/customer-service/email-us/*",
          "/customer-service/international-email-list/*",
          "/customer-service/intl-order-tracking/*",
          "/customer-service/mailing-options/*",
          "/index.html",
          "/internationalcheckout/*",
          "/m/",
          "/m/about-us/*",
          "/m/account/confirm-thanks.html",
          "/m/account/create.html",
          "/m/account/landing.html",
          "/m/account/logout.html",
          "/m/account/migrationStatus.html",
          "/m/account/passwordRequirementsChange.html",
          "/m/account/svc*",
          "/m/cc/*",
          "/m/checkout/*",
          "/m/checkout/issue/*",
          "/m/customer-service/address-change/*",
          "/m/customer-service/catalog-request/*",
          "/m/customer-service/email-list/*",
          "/m/customer-service/email-preferences/*",
          "/m/customer-service/email-us/*",
          "/m/customer-service/international-email-list/*",
          "/m/customer-service/intl-order-tracking/*",
          "/m/customer-service/mailing-options/*",
          "/m/index.html",
          "/m/recommendations/*",
          "/m/resources/*",
          "/m/room/*",
          "/m/room/shop-by-room/*",
          "/m/services/shoppingcart/*",
          "/m/shoppingcart/*",
          "/m/thekey/*",
          "/m/trade-signin/*",
          "/order-servicing/*",
          "/pages/homepage-test/",
          "/pages/kids/",
          "/recommendations/*",
          "/resources/*",
          "/room/*",
          "/room/shop-by-room/*",
          "/services/shoppingcart/*",
          "/shopping/*",
          "/shoppingcart/*",
          "/sitemap.html",
          "/thekey/*",
          "/trade-signin/*"
        ]
      }
    },
    {
      "name": "path",
      "options": {
        "matchCaseSensitive": false,
        "matchOperator": "DOES_NOT_MATCH_ONE_OF",
        "values": [
          "/m/products/getDeliveryInformation.json",
          "/m/products/getPostalCodeCookie.json",
          "/m/trade-signin/login.html",
          "/trade-signin/login.html"
        ],
        "exclude_common_values": [
          "/customer-service/coreemail.html",
          "/customer-service/shipping-info.html",
          "/customer-service/shipping-info/",
          "/m/customer-service/shipping-info/",
          "/m/pages/xbrand-landing/",
          "/m/pages/xbrand-rows/",
          "/m/products/getScene7Url.json",
          "/pages/xbrand-landing/",
          "/pages/xbrand-rows/",
          "/products/*/minipip.html",
          "/products/*/pip-print.html",
          "/products/*/quicklook.html",
          "/trade-signin/shopnow.html"
        ]
      }
    }
  ],
  "behaviors": [
    {
      "name": "origin",
      "options": {
        "hostname": "qa.origin-svc.markandgraham.com"
      }
    },
    {
      "name": "rewriteUrl",
      "options": {
        "behavior": "PREPEND",
        "keepQueryString": true,
        "targetPathPrepend": "/{{builtin.AK_DOMAIN}}/"
      }
    }
  ]
}