<?xml version='1.0' encoding='UTF-8'?>
<project>
  <actions/>
  <description>this job executes the rerun module wsgc-jenkins to update branches of all the hotfix-2314 builders.</description>
  <logRotator class="hudson.tasks.LogRotator">     
    <daysToKeep>-1</daysToKeep>    
    <numToKeep>25</numToKeep>    
    <artifactDaysToKeep>-1</artifactDaysToKeep>    
    <artifactNumToKeep>-1</artifactNumToKeep>    
  </logRotator>
  <keepDependencies>false</keepDependencies>
  <properties>
    <hudson.plugins.buildblocker.BuildBlockerProperty plugin="build-blocker-plugin@1.6">
     <useBuildBlocker>true</useBuildBlocker>
     <blockingJobs>.*-branch-update JenkinsJobMgr jenkins-update-frontend-deploy</blockingJobs>
   </hudson.plugins.buildblocker.BuildBlockerProperty>
    <hudson.model.ParametersDefinitionProperty>
      <parameterDefinitions>
        <hudson.scm.listtagsparameter.ListSubversionTagsParameterDefinition plugin="subversion@2.2">
          <name>SHORTCUT_NAME</name>
          <description>Select a Subversion entry</description>
          <tagsDir>https://repos.wsgc.com/svn/shortcuts/evolution/branches</tagsDir>
          <credentialsId>bb7f2475-307d-46ae-bf2c-87791001d4a7</credentialsId>
          <tagsFilter/>
          <reverseByDate>false</reverseByDate>
          <reverseByName>false</reverseByName>
          <defaultValue/>
          <maxTags/>
        </hudson.scm.listtagsparameter.ListSubversionTagsParameterDefinition>
        <hudson.model.StringParameterDefinition>
          <name>TEAM_NAME</name>
          <description>Name of the team that owns the branch</description>
         <defaultValue/>
        </hudson.model.StringParameterDefinition>
      </parameterDefinitions>
    </hudson.model.ParametersDefinitionProperty>
  </properties>
  <scm class="hudson.scm.NullSCM"/>
  <assignedNode>master</assignedNode>
  <canRoam>false</canRoam>
  <disabled>false</disabled>
  <blockBuildWhenDownstreamBuilding>false</blockBuildWhenDownstreamBuilding>
  <blockBuildWhenUpstreamBuilding>false</blockBuildWhenUpstreamBuilding>
  <triggers class="vector"/>
  <concurrentBuild>false</concurrentBuild>
  <builders>
    <hudson.tasks.Shell>
      <!-- Tell Rerun not to delete *this* Jenkins job when it cleans out the old builders, because (a) the
           new job will have the same name anyway so there's no harm leaving us here for a bit, and (b) if it
           did delete us, that would kill Rerun in the middle of its task and it wouldn't complete it.
      -->
      <command>/usr/bin/rerun wsgc-jenkins: update-frontend-builders-shrtct --capability_team hotfix-2314 --shortcut_name ${SHORTCUT_NAME} --team_name hotfix-2314 --keep_jobs hotfix-2314-branch-update</command>
    </hudson.tasks.Shell>
  </builders>
  <publishers>
    <hudson.tasks.BuildTrigger>
      <childProjects>JenkinsJobMgr</childProjects>
      <threshold>
        <name>SUCCESS</name>
        <ordinal>0</ordinal>
        <color>BLUE</color>
        <completeBuild>true</completeBuild>
      </threshold>
    </hudson.tasks.BuildTrigger>
    <hudson.plugins.emailext.ExtendedEmailPublisher plugin="email-ext@2.31">
      <recipientList>$DEFAULT_RECIPIENTS</recipientList>
      <configuredTriggers>
      <hudson.plugins.emailext.plugins.trigger.SuccessTrigger>
          <email>
            <recipientList></recipientList>
            <subject>$PROJECT_DEFAULT_SUBJECT</subject>
            <body>$PROJECT_DEFAULT_CONTENT</body>
            <sendToDevelopers>true</sendToDevelopers>
            <sendToRequester>false</sendToRequester>
            <includeCulprits>false</includeCulprits>
            <sendToRecipientList>false</sendToRecipientList>
            <attachmentsPattern></attachmentsPattern>
            <attachBuildLog>false</attachBuildLog>
            <compressBuildLog>false</compressBuildLog>
            <replyTo>$PROJECT_DEFAULT_REPLYTO</replyTo>
          </email>
        </hudson.plugins.emailext.plugins.trigger.SuccessTrigger>
        <hudson.plugins.emailext.plugins.trigger.FailureTrigger>
          <email>
            <recipientList>$PROJECT_DEFAULT_RECIPIENTS</recipientList>
            <subject>$PROJECT_DEFAULT_SUBJECT</subject>
            <body>$PROJECT_DEFAULT_CONTENT</body>
            <sendToDevelopers>true</sendToDevelopers>
            <sendToRequester>true</sendToRequester>
            <includeCulprits>false</includeCulprits>
            <sendToRecipientList>false</sendToRecipientList>
            <attachmentsPattern></attachmentsPattern>
            <attachBuildLog>false</attachBuildLog>
            <compressBuildLog>false</compressBuildLog>
            <replyTo>$PROJECT_DEFAULT_REPLYTO</replyTo>
          </email>
        </hudson.plugins.emailext.plugins.trigger.FailureTrigger>
      </configuredTriggers>
      <contentType>default</contentType>
      <defaultSubject>$DEFAULT_SUBJECT</defaultSubject>
      <defaultContent>$DEFAULT_CONTENT</defaultContent>
      <attachmentsPattern></attachmentsPattern>
      <presendScript>$DEFAULT_PRESEND_SCRIPT</presendScript>
      <attachBuildLog>false</attachBuildLog>
      <compressBuildLog>false</compressBuildLog>
      <replyTo>$DEFAULT_REPLYTO</replyTo>
      <saveOutput>false</saveOutput>
    </hudson.plugins.emailext.ExtendedEmailPublisher>
  </publishers>
  <buildWrappers>
    <org.jenkinsci.plugins.builduser.BuildUser plugin="build-user-vars-plugin@1.4"/>
  </buildWrappers>
</project>
