<?xml version="1.0" encoding="UTF-8"?>
<project>

    <!-- Vertex nodes -->
    <node name="verrck-vdcn001" description="vertex" tags="vertex,o-series,dev,DEV,dev1,Dev1" hostname="verrck-vdcn001" osArch="amd64" osFamily="unix" osName="Linux" osVersion="2.6.18-274.7.1.el5" username="imageuser" sudo-command-enabled="true" sudo-fail-on-prompt-timeout="false"/> 
    <node name="verrck-vicn001" description="vertex" tags="vertex,taxlink,qa1,test1" hostname="verrck-vicn001" osArch="amd64" osFamily="unix" osName="Linux" osVersion="2.6.18-274.7.1.el5" username="imageuser" sudo-command-enabled="true" sudo-fail-on-prompt-timeout="false"/> 
    <node name="verrck-vicn002" description="vertex" tags="vertex,taxlink,qa2,test2" hostname="verrck-vicn002" osArch="amd64" osFamily="unix" osName="Linux" osVersion="2.6.18-274.7.1.el5" username="imageuser" sudo-command-enabled="true" sudo-fail-on-prompt-timeout="false"/> 
    <node name="verrck-vicn003" description="vertex" tags="vertex,o-series,qa1,test1" hostname="verrck-vicn003" osArch="amd64" osFamily="unix" osName="Linux" osVersion="2.6.18-274.7.1.el5" username="imageuser" sudo-command-enabled="true" sudo-fail-on-prompt-timeout="false"/> 
    <node name="verrck-vicn004" description="vertex" tags="vertex,o-series,qa2,test2" hostname="verrck-vicn004" osArch="amd64" osFamily="unix" osName="Linux" osVersion="2.6.18-274.7.1.el5" username="imageuser" sudo-command-enabled="true" sudo-fail-on-prompt-timeout="false"/> 
    <node name="verrck-vdcn006" description="vertex" tags="vertex,o-series9,dev1,dev" hostname="verrck-vdcn006" osArch="amd64" osFamily="unix" osName="Linux" osVersion="3.10.0-1160.31.1.el7" username="imageuser" sudo-command-enabled="true" sudo-fail-on-prompt-timeout="false"/>
    <node name="verrck-vdcn007" description="vertex" tags="vertex,o-series9,dev2,dev" hostname="verrck-vdcn007" osArch="amd64" osFamily="unix" osName="Linux" osVersion="3.10.0-1160.31.1.el7" username="imageuser" sudo-command-enabled="true" sudo-fail-on-prompt-timeout="false"/>
    <node name="verrck-vicn007" description="vertex" tags="vertex,o-series9,test1,qa1,test" hostname="verrck-vicn007" osArch="amd64" osFamily="unix" osName="Linux" osVersion="3.10.0-1160.31.1.el7" username="imageuser" sudo-command-enabled="true" sudo-fail-on-prompt-timeout="false"/>
    <node name="verrck-vicn008" description="vertex" tags="vertex,o-series9,test2,qa2,test" hostname="verrck-vicn008" osArch="amd64" osFamily="unix" osName="Linux" osVersion="3.10.0-1160.31.1.el7" username="imageuser" sudo-command-enabled="true" sudo-fail-on-prompt-timeout="false"/>

  <!-- pricing nodes -->
  <node name="publisher-qa1-rk1v" description="omsd2 publisher service node" tags="el6,omsd2,qa1,publisher" hostname="pubrck-virk001" osArch="amd64" osFamily="unix" osName="Linux" osVersion="4.18.0-425.19.2.el8" username="imageuser" sudo-command-enabled="true" sudo-fail-on-prompt-timeout="false"/> 

  <node name="prcrck-virk001" description="omsd2 pricing service node" tags="el8,omsd2,qa1,pricing" hostname="prcrck-virk001" osArch="amd64" osFamily="unix" osName="Linux" osVersion="4.18.0-425.19.2.el8" username="imageuser" sudo-command-enabled="true" sudo-fail-on-prompt-timeout="false"/> 

  <!-- promo admin nodes-->
    <node name="pradm-qa1-rk1v" description="promo admin service node" tags="el6,qa1,pradm" hostname="prarck-virk001" osArch="amd64" osFamily="unix" osName="Linux" osVersion="4.18.0-425.19.2.el8" username="imageuser" sudo-command-enabled="true" sudo-fail-on-prompt-timeout="false"/> 

</project>
