<?xml version="1.0" encoding="UTF-8"?>
<project>
	<node name="feedgen-prd-rk1v" description="feedgen prdrk prdrk1" tags="oss-feedgen,prdrk,prdrk1" hostname="feedgen-prd-rk1v" osArch="amd64" osFamily="unix" osName="Linux" osVersion="3.10.0-862.6.3.el7" username="imageuser" sudo-command-enabled="true" sudo-fail-on-prompt-timeout="false"/>
	<node name="search-publisher-prd-rk1v" description="publisher prdrk prdrk1" tags="oss-publisher,prdrk,prdrk1" hostname="search-publisher-prd-rk1v" osArch="amd64" osFamily="unix" osName="Linux" osVersion="3.10.0-862.6.3.el7" username="imageuser" sudo-command-enabled="true" sudo-fail-on-prompt-timeout="false"/>
    <node name="search-orchestrator-prd-rk1v" description="search-orchestrator prd rk1" tags="oss-orchestrator,prd,prd1,rk1,prdrk1,prdrk" hostname="ossrck-vccn007" osArch="amd64" osFamily="unix" osName="Linux" osVersion="3.10.0-862.6.3.el7" username="imageuser" sudo-command-enabled="true" sudo-fail-on-prompt-timeout="false"/>
    <!-- Backup hosts -->
	<node name="feedgen-prd-sac1v" description="feedgen prdsac prdsac1" tags="oss-feedgen,prdsac,prdsac1" hostname="feedgen-prd-sac1v" osArch="amd64" osFamily="unix" osName="Linux" osVersion="3.10.0-862.6.3.el7" username="imageuser" sudo-command-enabled="true" sudo-fail-on-prompt-timeout="false"/>
	<node name="search-publisher-prd-sac1v" description="publisher prdsac prdsac1" tags="oss-publisher,prdsac,prdsac1" hostname="search-publisher-prd-sac1v" osArch="amd64" osFamily="unix" osName="Linux" osVersion="3.10.0-862.6.3.el7" username="imageuser" sudo-command-enabled="true" sudo-fail-on-prompt-timeout="false"/>
    <node name="search-orchestrator-prd-sac1v" description="search-orchestrator prd sac1" tags="oss-orchestrator,prd,prd1,sac1,prdsac1,prdsac" hostname="search-orchestrator-prd-sac1v" osArch="amd64" osFamily="unix" osName="Linux" osVersion="3.10.0-862.6.3.el7" username="imageuser" sudo-command-enabled="true" sudo-fail-on-prompt-timeout="false"/>
	
	<!-- GMTP Canada -->
	<node name="feedgen-ca-prd-sac1v" description="feedgen prdsac prdsac1" tags="oss-feedgen-ca,prdsac-ca,prdsac1-ca" hostname="feedgen-ca-prd-sac1v" osArch="amd64" osFamily="unix" osName="Linux" osVersion="3.10.0-862.6.3.el7" username="imageuser" sudo-command-enabled="true" sudo-fail-on-prompt-timeout="false"/>
	<node name="search-publisher-ca-prd-sac1v" description="publisher prdsac prdsac1" tags="oss-publisher-ca,prdsac-ca,prdsac1-ca" hostname="search-publisher-ca-prd-sac1v" osArch="amd64" osFamily="unix" osName="Linux" osVersion="3.10.0-862.6.3.el7" username="imageuser" sudo-command-enabled="true" sudo-fail-on-prompt-timeout="false"/>
    <node name="search-orchestrator-ca-prd-sac1v" description="search-orchestrator prd sac1" tags="oss-orchestrator-ca,prd-ca,prd1-ca,sac1-ca,prdsac1-ca,prdsac-ca" hostname="search-orchestrator-ca-prd-sac1v" osArch="amd64" osFamily="unix" osName="Linux" osVersion="3.10.0-862.6.3.el7" username="imageuser" sudo-command-enabled="true" sudo-fail-on-prompt-timeout="false"/>	
	
	<node name="feedgen-ca-prd-ab1v" description="feedgen prdab prdab1" tags="oss-feedgen-ca,prdab-ca,prdab1-ca" hostname="feedgen-ca-prd-ab1v" osArch="amd64" osFamily="unix" osName="Linux" osVersion="3.10.0-862.6.3.el7" username="imageuser" sudo-command-enabled="true" sudo-fail-on-prompt-timeout="false"/>
	<node name="search-publisher-ca-prd-ab1v" description="publisher prdab prdab1" tags="oss-publisher-ca,prdab-ca,prdab1-ca" hostname="search-publisher-ca-prd-ab1v" osArch="amd64" osFamily="unix" osName="Linux" osVersion="3.10.0-862.6.3.el7" username="imageuser" sudo-command-enabled="true" sudo-fail-on-prompt-timeout="false"/>
    <node name="search-orchestrator-ca-prd-ab1v" description="search-orchestrator prd ab1" tags="oss-orchestrator-ca,prd-ca,prd1-ca,ab1-ca,prdab1-ca,prdab-ca" hostname="search-orchestrator-ca-prd-ab1v" osArch="amd64" osFamily="unix" osName="Linux" osVersion="3.10.0-862.6.3.el7" username="imageuser" sudo-command-enabled="true" sudo-fail-on-prompt-timeout="false"/>	
</project>
