{
  "include": [
    "../../common/microservice.json"
  ],
  "name": "/shop/* /.delivery/* /.aecv1/* /.static/* /m/shop/*",
  "criteria": [
    {
      "name": "hostname",
      "options": {
        "matchOperator": "IS_ONE_OF",
        "values": [
          "www.qa19.potterybarn.com"
        ]
      }
    },
    {
      "name": "path",
      "options": {
        "matchCaseSensitive": false,
        "matchOperator": "MATCHES_ONE_OF",
        "values": [
          "/.static/ecmcontent/*",
          "/account/check-verification-link.html*",
          "/account/credit-account-lookup.html",
          "/account/svc/*",
          "/account/verification.html*",
          "/api/inventory/*",
          "/api/registry/v1/*",
          "/api/registry/v2/*",
          "/customer-service/",
          "/customer-service/additional-options/",
          "/customer-service/address-change/",
          "/customer-service/business-sales/",
          "/customer-service/catalog-request/",
          "/customer-service/charge-details/*",
          "/customer-service/email-list/",
          "/customer-service/email-preferences/",
          "/customer-service/email-us/",
          "/customer-service/gift-services/",
          "/customer-service/international-email-list/",
          "/customer-service/intl-order-tracking/",
          "/customer-service/list-order/*",
          "/customer-service/mailing-options/",
          "/customer-service/order-shipment-tracking/*",
          "/customer-service/order-status/*",
          "/customer-service/return/*",
          "/m//customer-service/charge-details/*",
          "/m/account/credit-account-lookup.html",
          "/m/account/svc/*",
          "/m/customer-service/",
          "/m/customer-service/address-change/",
          "/m/customer-service/catalog-request/",
          "/m/customer-service/email-list/",
          "/m/customer-service/email-preferences/",
          "/m/customer-service/email-us/",
          "/m/customer-service/international-email-list/",
          "/m/customer-service/intl-order-tracking/",
          "/m/customer-service/list-order/*",
          "/m/customer-service/mailing-options/",
          "/m/customer-service/order-shipment-tracking/*",
          "/m/customer-service/order-tracking/",
          "/m/customer-service/return/*",
          "/m/my-design-projects/*",
          "/m/registry/*/registry-list.html",
          "/m/stores*",
          "/m/tips-and-ideas/*",
          "/m/trade-signin/login.html*",
          "/my-design-projects/*",
          "/order-servicing/.info/summary.html",
          "/pages/design-services-form/*",
          "/phygital/.info/summary.html",
          "/registry/*/registry-list.html",
          "/stores*",
          "/style-quiz/*",
          "/tips-and-ideas/*",
          "/trade-signin/login.html*"
        ],
        "exclude_common_values": [
          "/",
          "/about-us/*",
          "/account/confirm-thanks.html",
          "/account/create.html",
          "/account/emailupdate/confirm-thanks.html",
          "/account/logout.html",
          "/account/migrationStatus.html",
          "/account/passwordRequirementsChange.html",
          "/account/svc*",
          "/account/updatephonenumber.html",
          "/aos/*",
          "/aos/special-sale/*",
          "/api/designer/v1/*",
          "/api/inventory/v1/*",
          "/cc/*",
          "/checkout/*",
          "/checkout/issue/*",
          "/content/ecm/*",
          "/index.html",
          "/internationalcheckout/*",
          "/m/",
          "/m/about-us/*",
          "/m/account/confirm-thanks.html",
          "/m/account/create.html",
          "/m/account/landing.html",
          "/m/account/logout.html",
          "/m/account/migrationStatus.html",
          "/m/account/passwordRequirementsChange.html",
          "/m/account/svc*",
          "/m/aos/*",
          "/m/aos/special-sale/*",
          "/m/cc/*",
          "/m/checkout/*",
          "/m/checkout/issue/*",
          "/m/index.html",
          "/m/pages/*",
          "/m/recommendations/*",
          "/m/registry/",
          "/m/registry/*/registry-checklist.html",
          "/m/registry/*/registry-list.html*",
          "/m/registry/account-linking-search.html",
          "/m/registry/create-registry-sign-in.html",
          "/m/registry/create.html",
          "/m/registry/find-registry.html",
          "/m/registry/find.html",
          "/m/registry/index.html",
          "/m/registry/registry-login.html",
          "/m/registry/search-registry.html",
          "/m/resources/*",
          "/m/room/*",
          "/m/room/shop-by-room/*",
          "/m/services/shoppingcart/*",
          "/m/stores/*",
          "/m/thekey/*",
          "/m/trade-signin/*",
          "/my-design-projects/.api/*",
          "/order-servicing/*",
          "/pages/*",
          "/pages/st-jude/",
          "/recommendations/*",
          "/registry/*/registry-checklist.html",
          "/registry/account-linking-search.html",
          "/registry/find-registry.html",
          "/registry/find.html",
          "/registry/search-registry.html",
          "/resources/*",
          "/room/*",
          "/room/shop-by-room/*",
          "/services/shoppingcart/*",
          "/shopping/*",
          "/sitemap.html",
          "/stores/*",
          "/thekey/*",
          "/trade-signin/*"
        ]
      }
    },
    {
      "name": "path",
      "options": {
        "matchCaseSensitive": false,
        "matchOperator": "DOES_NOT_MATCH_ONE_OF",
        "values": [
          "/m/products/getDeliveryInformation.json",
          "/m/products/getPostalCodeCookie.json"
        ],
        "exclude_common_values": [
          "/account/not-me.html",
          "/authenticate.html",
          "/customer-service/coreemail.html",
          "/customer-service/popup/communication-preferences.html*",
          "/customer-service/shipping-info.html",
          "/customer-service/shipping-info/",
          "/customer-service/show-join-email.jsonp",
          "/m/authenticate.html",
          "/m/customer-service/confirm-mobile-email-signup.html*",
          "/m/customer-service/shipping-info/",
          "/m/pages/xbrand-landing/",
          "/m/pages/xbrand-rows/*",
          "/pages/fragments/*",
          "/pages/overlay/*",
          "/pages/popups/*",
          "/pages/xbrand-landing/",
          "/pages/xbrand-rows/*",
          "/products/*/minipip.html",
          "/products/*/pip-print.html",
          "/products/*/quicklook.html",
          "/trade-signin/shopnow.html"
        ]
      }
    }
  ],
  "behaviors": [
    {
      "name": "origin",
      "options": {
        "hostname": "qa.origin-svc.potterybarn.com"
      }
    },
    {
      "name": "rewriteUrl",
      "options": {
        "behavior": "PREPEND",
        "keepQueryString": true,
        "targetPathPrepend": "/{{builtin.AK_DOMAIN}}/"
      }
    }
  ]
}