Hostname, Cert, NoCert, UAT, EQA, MOB, DEV
www.bpv.greenrow.com,,X,UAT,,,
www.bpv.markandgraham.com,,X,UAT,,,
www.bpv.potterybarn.com,,X,UAT,,,
www.bpv.potterybarnkids.com,,X,UAT,,,
www.bpv.pbteen.com,,X,UAT,,,
www.bpv.rejuvenation.com,,X,UAT,,,
www.bpv.westelm.com,,X,UAT,,,
www.bpv.williams-sonoma.com,,X,UAT,,,
www.bpv.greenrow.ca,,X,UAT,,,
www.bpv.markandgraham.ca,,X,UAT,,,
www.bpv.potterybarn.ca,X,,UAT,,,
www.bpv.potterybarnkids.ca,X,,UAT,,,
www.bpv.pbteen.ca,,X,UAT,,,
www.bpv.rejuvenation.ca,,X,UAT,,,
www.bpv.westelm.ca,X,,UAT,,,
www.bpv.williams-sonoma.ca,X,,UAT,,,
www.perf.greenrow.ca,,X,,,,DEV
www.perf.markandgraham.ca,,X,,,,DEV
www.perf.potterybarn.ca,,X,,,,DEV
www.perf.potterybarnkids.ca,,X,,,,DEV
www.perf.pbteen.ca,,X,,,,DEV
www.perf.rejuvenation.ca,,X,,,,DEV
www.perf.westelm.ca,,X,,,,DEV
www.perf.williams-sonoma.ca,,X,,,,DEV
www.qa10.greenrow.ca,,X,,EQA,,
www.qa10.markandgraham.ca,,X,,EQA,,
www.qa10.potterybarn.ca,X,,,EQA,,
www.qa10.potterybarnkids.ca,X,,,EQA,,
www.qa10.pbteen.ca,,X,,EQA,,
www.qa10.rejuvenation.ca,,X,,EQA,,
www.qa10.westelm.ca,X,,,EQA,,
www.qa10.williams-sonoma.ca,X,,,EQA,,
www.qa11.greenrow.ca,,X,,EQA,,
www.qa11.markandgraham.ca,,X,,EQA,,
www.qa11.potterybarn.ca,X,,,EQA,,
www.qa11.potterybarnkids.ca,X,,,EQA,,
www.qa11.pbteen.ca,,X,,EQA,,
www.qa11.rejuvenation.ca,,X,,EQA,,
www.qa11.westelm.ca,X,,,EQA,,
www.qa11.williams-sonoma.ca,X,,,EQA,,
www.qa31.greenrow.ca,,X,,EQA,,
www.qa31.markandgraham.ca,,X,,EQA,,
www.qa31.potterybarn.ca,X,,,EQA,,
www.qa31.potterybarnkids.ca,X,,,EQA,,
www.qa31.pbteen.ca,,X,,EQA,,
www.qa31.rejuvenation.ca,,X,,EQA,,
www.qa31.westelm.ca,X,,,EQA,,
www.qa31.williams-sonoma.ca,X,,,EQA,,
regression.greenrow.ca,,X,,EQA,,
regression.markandgraham.ca,,X,,EQA,,
regression.potterybarn.ca,X,,,EQA,,
regression.potterybarnkids.ca,X,,,EQA,,
regression.pbteen.ca,,X,,EQA,,
regression.rejuvenation.ca,,X,,EQA,,
regression.westelm.ca,X,,,EQA,,
regression.williams-sonoma.ca,X,,,EQA,,
www.uat.greenrow.ca,,X,UAT,,,
www.uat.markandgraham.ca,,X,UAT,,,
www.uat.potterybarn.ca,X,,UAT,,,
www.uat.potterybarnkids.ca,X,,UAT,,,
www.uat.pbteen.ca,,X,UAT,,,
www.uat.rejuvenation.ca,,X,UAT,,,
www.uat.westelm.ca,X,,UAT,,,
www.uat.williams-sonoma.ca,X,,UAT,,,
www.uat2.greenrow.ca,,X,UAT,,,
www.uat2.markandgraham.ca,,X,UAT,,,
www.uat2.potterybarn.ca,X,,UAT,,,
www.uat2.potterybarnkids.ca,X,,UAT,,,
www.uat2.pbteen.ca,,X,UAT,,,
www.uat2.rejuvenation.ca,,X,UAT,,,
www.uat2.westelm.ca,X,,UAT,,,
www.uat2.williams-sonoma.ca,X,,UAT,,,
www.uat3.greenrow.ca,,X,UAT,,,
www.uat3.markandgraham.ca,,X,UAT,,,
www.uat3.potterybarn.ca,X,,UAT,,,
www.uat3.potterybarnkids.ca,X,,UAT,,,
www.uat3.pbteen.ca,X,,UAT,,,
www.uat3.rejuvenation.ca,,X,UAT,,,
www.uat3.westelm.ca,X,,UAT,,,
www.uat3.williams-sonoma.ca,X,,UAT,,,
www.uat4.greenrow.ca,,X,UAT,,,
www.uat4.markandgraham.ca,,X,UAT,,,
www.uat4.potterybarn.ca,X,,UAT,,,
www.uat4.potterybarnkids.ca,X,,UAT,,,
www.uat4.pbteen.ca,,X,UAT,,,
www.uat4.rejuvenation.ca,,X,UAT,,,
www.uat4.westelm.ca,X,,UAT,,,
www.uat4.williams-sonoma.ca,X,,UAT,,,
www.uat6.greenrow.ca,,X,UAT,,,
www.uat6.markandgraham.ca,,X,UAT,,,
www.uat6.potterybarn.ca,X,,UAT,,,
www.uat6.potterybarnkids.ca,X,,UAT,,,
www.uat6.pbteen.ca,,X,UAT,,,
www.uat6.rejuvenation.ca,,X,UAT,,,
www.uat6.westelm.ca,X,,UAT,,,
www.uat6.williams-sonoma.ca,X,,UAT,,,
www.uat7.greenrow.ca,,X,UAT,,,
www.uat7.markandgraham.ca,,X,UAT,,,
www.uat7.potterybarn.ca,,X,UAT,,,
www.uat7.potterybarnkids.ca,,X,UAT,,,
www.uat7.pbteen.ca,,X,UAT,,,
www.uat7.rejuvenation.ca,,X,UAT,,,
www.uat7.westelm.ca,,X,UAT,,,
www.uat7.williams-sonoma.ca,,X,UAT,,,
www.dev.greenrow.com,,X,,,,DEV
www.dev.markandgraham.com,,X,,,,DEV
www.dev.potterybarn.com,,X,,,,DEV
www.dev.potterybarnkids.com,,X,,,,DEV
www.dev.pbteen.com,,X,,,,DEV
www.dev.rejuvenation.com,,X,,,,DEV
www.dev.westelm.com,,X,,,,DEV
www.dev.williams-sonoma.com,,X,,,,DEV
integration.greenrow.com,,X,,,,DEV
integration.markandgraham.com,X,,,,,DEV
integration.potterybarn.com,X,,,,,DEV
integration.potterybarnkids.com,X,,,,,DEV
integration.pbteen.com,X,,,,,DEV
integration.rejuvenation.com,,X,,,,DEV
integration.westelm.com,X,,,,,DEV
integration.williams-sonoma.com,X,,,,,DEV
integration2.greenrow.com,,X,,,,DEV
integration2.markandgraham.com,X,,,,,DEV
integration2.potterybarn.com,X,,,,,DEV
integration2.potterybarnkids.com,X,,,,,DEV
integration2.pbteen.com,X,,,,,DEV
integration2.rejuvenation.com,,X,,,,DEV
integration2.westelm.com,X,,,,,DEV
integration2.williams-sonoma.com,X,,,,,DEV
www.perf.greenrow.com,,X,,,,DEV
www.perf.markandgraham.com,X,,,,,DEV
www.perf.potterybarn.com,X,,,,,DEV
www.perf.potterybarnkids.com,X,,,,,DEV
www.perf.pbteen.com,X,,,,,DEV
www.perf.rejuvenation.com,,X,,,,DEV
www.perf.westelm.com,X,,,,,DEV
www.perf.williams-sonoma.com,X,,,,,DEV
www.qa.greenrow.com,,X,,,,DEV
www.qa.markandgraham.com,,X,,,,DEV
www.qa.potterybarn.com,,X,,,,DEV
www.qa.potterybarnkids.com,,X,,,,DEV
www.qa.pbteen.com,,X,,,,DEV
www.qa.rejuvenation.com,,X,,,,DEV
www.qa.westelm.com,,X,,,,DEV
www.qa.williams-sonoma.com,,X,,,,DEV
www.qa10.greenrow.com,,X,,EQA,,
www.qa10.markandgraham.com,X,,,EQA,,
www.qa10.potterybarn.com,X,,,EQA,,
www.qa10.potterybarnkids.com,X,,,EQA,,
www.qa10.pbteen.com,X,,,EQA,,
www.qa10.rejuvenation.com,,X,,EQA,,
www.qa10.westelm.com,X,,,EQA,,
www.qa10.williams-sonoma.com,X,,,EQA,,
www.qa11.greenrow.com,,X,,EQA,,
www.qa11.markandgraham.com,X,,,EQA,,
www.qa11.potterybarn.com,X,,,EQA,,
www.qa11.potterybarnkids.com,X,,,EQA,,
www.qa11.pbteen.com,X,,,EQA,,
www.qa11.rejuvenation.com,,X,,EQA,,
www.qa11.westelm.com,X,,,EQA,,
www.qa11.williams-sonoma.com,X,,,EQA,,
www.qa12.greenrow.com,,X,,,,DEV
www.qa12.markandgraham.com,X,,,,,DEV
www.qa12.potterybarn.com,X,,,,,DEV
www.qa12.potterybarnkids.com,X,,,,,DEV
www.qa12.pbteen.com,X,,,,,DEV
www.qa12.rejuvenation.com,,X,,,,DEV
www.qa12.westelm.com,X,,,,,DEV
www.qa12.williams-sonoma.com,X,,,,,DEV
www.qa13.greenrow.com,,X,,,,DEV
www.qa13.markandgraham.com,,X,,,,DEV
www.qa13.potterybarn.com,,X,,,,DEV
www.qa13.potterybarnkids.com,,X,,,,DEV
www.qa13.pbteen.com,,X,,,,DEV
www.qa13.rejuvenation.com,,X,,,,DEV
www.qa13.westelm.com,,X,,,,DEV
www.qa13.williams-sonoma.com,,X,,,,DEV
www.qa14.greenrow.com,,X,,,,DEV
www.qa14.markandgraham.com,,X,,,,DEV
www.qa14.potterybarn.com,,X,,,,DEV
www.qa14.potterybarnkids.com,,X,,,,DEV
www.qa14.pbteen.com,,X,,,,DEV
www.qa14.rejuvenation.com,,X,,,,DEV
www.qa14.westelm.com,,X,,,,DEV
www.qa14.williams-sonoma.com,,X,,,,DEV
www.qa15.greenrow.com,,X,,,,DEV
www.qa15.markandgraham.com,,X,,,,DEV
www.qa15.potterybarn.com,,X,,,,DEV
www.qa15.potterybarnkids.com,,X,,,,DEV
www.qa15.pbteen.com,,X,,,,DEV
www.qa15.rejuvenation.com,,X,,,,DEV
www.qa15.westelm.com,,X,,,,DEV
www.qa15.williams-sonoma.com,,X,,,,DEV
www.qa16.greenrow.com,,X,,,,DEV
www.qa16.markandgraham.com,,X,,,,DEV
www.qa16.potterybarn.com,,X,,,,DEV
www.qa16.potterybarnkids.com,,X,,,,DEV
www.qa16.pbteen.com,,X,,,,DEV
www.qa16.rejuvenation.com,,X,,,,DEV
www.qa16.westelm.com,,X,,,,DEV
www.qa16.williams-sonoma.com,,X,,,,DEV
www.qa17.greenrow.com,,X,,,,DEV
www.qa17.markandgraham.com,,X,,,,DEV
www.qa17.potterybarn.com,,X,,,,DEV
www.qa17.potterybarnkids.com,,X,,,,DEV
www.qa17.pbteen.com,,X,,,,DEV
www.qa17.rejuvenation.com,,X,,,,DEV
www.qa17.westelm.com,,X,,,,DEV
www.qa17.williams-sonoma.com,,X,,,,DEV
www.qa18.greenrow.com,,X,,,,DEV
www.qa18.markandgraham.com,,X,,,,DEV
www.qa18.potterybarn.com,,X,,,,DEV
www.qa18.potterybarnkids.com,,X,,,,DEV
www.qa18.pbteen.com,,X,,,,DEV
www.qa18.rejuvenation.com,,X,,,,DEV
www.qa18.westelm.com,,X,,,,DEV
www.qa18.williams-sonoma.com,,X,,,,DEV
www.qa19.greenrow.com,,X,,,,DEV
www.qa19.markandgraham.com,,X,,,,DEV
www.qa19.potterybarn.com,,X,,,,DEV
www.qa19.potterybarnkids.com,,X,,,,DEV
www.qa19.pbteen.com,,X,,,,DEV
www.qa19.rejuvenation.com,,X,,,,DEV
www.qa19.westelm.com,,X,,,,DEV
www.qa19.williams-sonoma.com,,X,,,,DEV
www.qa2.greenrow.com,,X,,,,DEV
www.qa2.markandgraham.com,X,,,,,DEV
www.qa2.potterybarn.com,X,,,,,DEV
www.qa2.potterybarnkids.com,X,,,,,DEV
www.qa2.pbteen.com,X,,,,,DEV
www.qa2.rejuvenation.com,,X,,,,DEV
www.qa2.westelm.com,X,,,,,DEV
www.qa2.williams-sonoma.com,X,,,,,DEV
www.qa20.greenrow.com,,X,,,,DEV
www.qa20.markandgraham.com,,X,,,,DEV
www.qa20.potterybarn.com,,X,,,,DEV
www.qa20.potterybarnkids.com,,X,,,,DEV
www.qa20.pbteen.com,,X,,,,DEV
www.qa20.rejuvenation.com,,X,,,,DEV
www.qa20.westelm.com,,X,,,,DEV
www.qa20.williams-sonoma.com,,X,,,,DEV
www.qa21.greenrow.com,,X,,,,DEV
www.qa21.markandgraham.com,,X,,,,DEV
www.qa21.potterybarn.com,,X,,,,DEV
www.qa21.potterybarnkids.com,,X,,,,DEV
www.qa21.pbteen.com,,X,,,,DEV
www.qa21.rejuvenation.com,,X,,,,DEV
www.qa21.westelm.com,,X,,,,DEV
www.qa21.williams-sonoma.com,,X,,,,DEV
www.qa22.greenrow.com,,X,,,,DEV
www.qa22.markandgraham.com,,X,,,,DEV
www.qa22.potterybarn.com,,X,,,,DEV
www.qa22.potterybarnkids.com,,X,,,,DEV
www.qa22.pbteen.com,,X,,,,DEV
www.qa22.rejuvenation.com,,X,,,,DEV
www.qa22.westelm.com,,X,,,,DEV
www.qa22.williams-sonoma.com,,X,,,,DEV
www.qa23.greenrow.com,,X,,,,DEV
www.qa23.markandgraham.com,,X,,,,DEV
www.qa23.potterybarn.com,,X,,,,DEV
www.qa23.potterybarnkids.com,,X,,,,DEV
www.qa23.pbteen.com,,X,,,,DEV
www.qa23.rejuvenation.com,,X,,,,DEV
www.qa23.westelm.com,,X,,,,DEV
www.qa23.williams-sonoma.com,,X,,,,DEV
www.qa24.greenrow.com,,X,,,,DEV
www.qa24.markandgraham.com,,X,,,,DEV
www.qa24.potterybarn.com,,X,,,,DEV
www.qa24.potterybarnkids.com,,X,,,,DEV
www.qa24.pbteen.com,,X,,,,DEV
www.qa24.rejuvenation.com,,X,,,,DEV
www.qa24.westelm.com,,X,,,,DEV
www.qa24.williams-sonoma.com,,X,,,,DEV
www.qa25.greenrow.com,,X,,,,DEV
www.qa25.markandgraham.com,,X,,,,DEV
www.qa25.potterybarn.com,,X,,,,DEV
www.qa25.potterybarnkids.com,,X,,,,DEV
www.qa25.pbteen.com,,X,,,,DEV
www.qa25.rejuvenation.com,,X,,,,DEV
www.qa25.westelm.com,,X,,,,DEV
www.qa25.williams-sonoma.com,,X,,,,DEV
www.qa26.greenrow.com,,X,,,,DEV
www.qa26.markandgraham.com,,X,,,,DEV
www.qa26.potterybarn.com,,X,,,,DEV
www.qa26.potterybarnkids.com,,X,,,,DEV
www.qa26.pbteen.com,,X,,,,DEV
www.qa26.rejuvenation.com,,X,,,,DEV
www.qa26.westelm.com,,X,,,,DEV
www.qa26.williams-sonoma.com,,X,,,,DEV
www.qa27.greenrow.com,,X,,,,DEV
www.qa27.markandgraham.com,,X,,,,DEV
www.qa27.potterybarn.com,,X,,,,DEV
www.qa27.potterybarnkids.com,,X,,,,DEV
www.qa27.pbteen.com,,X,,,,DEV
www.qa27.rejuvenation.com,,X,,,,DEV
www.qa27.westelm.com,,X,,,,DEV
www.qa27.williams-sonoma.com,,X,,,,DEV
www.qa28.greenrow.com,,X,,,,DEV
www.qa28.markandgraham.com,,X,,,,DEV
www.qa28.potterybarn.com,,X,,,,DEV
www.qa28.potterybarnkids.com,,X,,,,DEV
www.qa28.pbteen.com,,X,,,,DEV
www.qa28.rejuvenation.com,,X,,,,DEV
www.qa28.westelm.com,,X,,,,DEV
www.qa28.williams-sonoma.com,,X,,,,DEV
www.qa29.greenrow.com,,X,,,,DEV
www.qa29.markandgraham.com,,X,,,,DEV
www.qa29.potterybarn.com,,X,,,,DEV
www.qa29.potterybarnkids.com,,X,,,,DEV
www.qa29.pbteen.com,,X,,,,DEV
www.qa29.rejuvenation.com,,X,,,,DEV
www.qa29.westelm.com,,X,,,,DEV
www.qa29.williams-sonoma.com,,X,,,,DEV
www.qa3.greenrow.com,,X,,,,DEV
www.qa3.markandgraham.com,,X,,,,DEV
www.qa3.potterybarn.com,,X,,,,DEV
www.qa3.potterybarnkids.com,,X,,,,DEV
www.qa3.pbteen.com,,X,,,,DEV
www.qa3.rejuvenation.com,,X,,,,DEV
www.qa3.westelm.com,,X,,,,DEV
www.qa3.williams-sonoma.com,,X,,,,DEV
www.qa30.greenrow.com,,X,,,,DEV
www.qa30.markandgraham.com,,X,,,,DEV
www.qa30.potterybarn.com,,X,,,,DEV
www.qa30.potterybarnkids.com,,X,,,,DEV
www.qa30.pbteen.com,,X,,,,DEV
www.qa30.rejuvenation.com,,X,,,,DEV
www.qa30.westelm.com,,X,,,,DEV
www.qa30.williams-sonoma.com,,X,,,,DEV
www.qa31.greenrow.com,,X,,EQA,,
www.qa31.markandgraham.com,X,,,EQA,,
www.qa31.potterybarn.com,X,,,EQA,,
www.qa31.potterybarnkids.com,X,,,EQA,,
www.qa31.pbteen.com,X,,,EQA,,
www.qa31.rejuvenation.com,,X,,EQA,,
www.qa31.westelm.com,X,,,EQA,,
www.qa31.williams-sonoma.com,X,,,EQA,,
www.qa32.greenrow.com,,X,,EQA,,
www.qa32.markandgraham.com,,X,,EQA,,
www.qa32.potterybarn.com,,X,,EQA,,
www.qa32.potterybarnkids.com,,X,,EQA,,
www.qa32.pbteen.com,,X,,EQA,,
www.qa32.rejuvenation.com,,X,,EQA,,
www.qa32.westelm.com,,X,,EQA,,
www.qa32.williams-sonoma.com,,X,,EQA,,
www.qa33.greenrow.com,,X,,,,DEV
www.qa33.markandgraham.com,,X,,,,DEV
www.qa33.potterybarn.com,,X,,,,DEV
www.qa33.potterybarnkids.com,,X,,,,DEV
www.qa33.pbteen.com,,X,,,,DEV
www.qa33.rejuvenation.com,,X,,,,DEV
www.qa33.westelm.com,,X,,,,DEV
www.qa33.williams-sonoma.com,,X,,,,DEV
www.qa34.greenrow.com,,X,,,MOB,
www.qa34.markandgraham.com,,X,,,MOB,
www.qa34.potterybarn.com,,X,,,MOB,
www.qa34.potterybarnkids.com,,X,,,MOB,
www.qa34.pbteen.com,,X,,,MOB,
www.qa34.rejuvenation.com,,X,,,MOB,
www.qa34.westelm.com,,X,,,MOB,
www.qa34.williams-sonoma.com,,X,,,MOB,
www.qa35.greenrow.com,,X,,,,DEV
www.qa35.markandgraham.com,,X,,,,DEV
www.qa35.potterybarn.com,,X,,,,DEV
www.qa35.potterybarnkids.com,,X,,,,DEV
www.qa35.pbteen.com,,X,,,,DEV
www.qa35.rejuvenation.com,,X,,,,DEV
www.qa35.westelm.com,,X,,,,DEV
www.qa35.williams-sonoma.com,,X,,,,DEV
www.qa36.greenrow.com,,X,,,,DEV
www.qa36.markandgraham.com,,X,,,,DEV
www.qa36.potterybarn.com,,X,,,,DEV
www.qa36.potterybarnkids.com,,X,,,,DEV
www.qa36.pbteen.com,,X,,,,DEV
www.qa36.rejuvenation.com,,X,,,,DEV
www.qa36.westelm.com,,X,,,,DEV
www.qa36.williams-sonoma.com,,X,,,,DEV
www.qa37.greenrow.com,,X,,,,DEV
www.qa37.markandgraham.com,,X,,,,DEV
www.qa37.potterybarn.com,,X,,,,DEV
www.qa37.potterybarnkids.com,,X,,,,DEV
www.qa37.pbteen.com,,X,,,,DEV
www.qa37.rejuvenation.com,,X,,,,DEV
www.qa37.westelm.com,,X,,,,DEV
www.qa37.williams-sonoma.com,,X,,,,DEV
www.qa38.greenrow.com,,X,,,,DEV
www.qa38.markandgraham.com,,X,,,,DEV
www.qa38.potterybarn.com,,X,,,,DEV
www.qa38.potterybarnkids.com,,X,,,,DEV
www.qa38.pbteen.com,,X,,,,DEV
www.qa38.rejuvenation.com,,X,,,,DEV
www.qa38.westelm.com,,X,,,,DEV
www.qa38.williams-sonoma.com,,X,,,,DEV
www.qa39.greenrow.com,,X,,,,DEV
www.qa39.markandgraham.com,,X,,,,DEV
www.qa39.potterybarn.com,,X,,,,DEV
www.qa39.potterybarnkids.com,,X,,,,DEV
www.qa39.pbteen.com,,X,,,,DEV
www.qa39.rejuvenation.com,,X,,,,DEV
www.qa39.westelm.com,,X,,,,DEV
www.qa39.williams-sonoma.com,,X,,,,DEV
www.qa4.greenrow.com,,X,,,,DEV
www.qa4.markandgraham.com,X,,,,,DEV
www.qa4.potterybarn.com,X,,,,,DEV
www.qa4.potterybarnkids.com,X,,,,,DEV
www.qa4.pbteen.com,X,,,,,DEV
www.qa4.rejuvenation.com,,X,,,,DEV
www.qa4.westelm.com,X,,,,,DEV
www.qa4.williams-sonoma.com,X,,,,,DEV
www.qa40.greenrow.com,,X,,,,DEV
www.qa40.markandgraham.com,,X,,,,DEV
www.qa40.potterybarn.com,,X,,,,DEV
www.qa40.potterybarnkids.com,,X,,,,DEV
www.qa40.pbteen.com,,X,,,,DEV
www.qa40.rejuvenation.com,,X,,,,DEV
www.qa40.westelm.com,,X,,,,DEV
www.qa40.williams-sonoma.com,,X,,,,DEV
www.qa41.greenrow.com,,X,,,MOB,
www.qa41.markandgraham.com,X,,,,MOB,
www.qa41.potterybarn.com,X,,,,MOB,
www.qa41.potterybarnkids.com,X,,,,MOB,
www.qa41.pbteen.com,X,,,,MOB,
www.qa41.rejuvenation.com,,X,,,MOB,
www.qa41.westelm.com,X,,,,MOB,
www.qa41.williams-sonoma.com,X,,,,MOB,
www.qa42.greenrow.com,,X,,,,DEV
www.qa42.markandgraham.com,,X,,,,DEV
www.qa42.potterybarn.com,,X,,,,DEV
www.qa42.potterybarnkids.com,,X,,,,DEV
www.qa42.pbteen.com,,X,,,,DEV
www.qa42.rejuvenation.com,,X,,,,DEV
www.qa42.westelm.com,,X,,,,DEV
www.qa42.williams-sonoma.com,,X,,,,DEV
www.qa43.greenrow.com,,X,,,,DEV
www.qa43.markandgraham.com,,X,,,,DEV
www.qa43.potterybarn.com,,X,,,,DEV
www.qa43.potterybarnkids.com,,X,,,,DEV
www.qa43.pbteen.com,,X,,,,DEV
www.qa43.rejuvenation.com,,X,,,,DEV
www.qa43.westelm.com,,X,,,,DEV
www.qa43.williams-sonoma.com,,X,,,,DEV
www.qa44.greenrow.com,,X,,,,DEV
www.qa44.markandgraham.com,,X,,,,DEV
www.qa44.potterybarn.com,,X,,,,DEV
www.qa44.potterybarnkids.com,,X,,,,DEV
www.qa44.pbteen.com,,X,,,,DEV
www.qa44.rejuvenation.com,,X,,,,DEV
www.qa44.westelm.com,,X,,,,DEV
www.qa44.williams-sonoma.com,,X,,,,DEV
www.qa45.greenrow.com,,X,,,,DEV
www.qa45.markandgraham.com,,X,,,,DEV
www.qa45.potterybarn.com,,X,,,,DEV
www.qa45.potterybarnkids.com,,X,,,,DEV
www.qa45.pbteen.com,,X,,,,DEV
www.qa45.rejuvenation.com,,X,,,,DEV
www.qa45.westelm.com,,X,,,,DEV
www.qa45.williams-sonoma.com,,X,,,,DEV
www.qa46.greenrow.com,,X,,,,DEV
www.qa46.markandgraham.com,,X,,,,DEV
www.qa46.potterybarn.com,,X,,,,DEV
www.qa46.potterybarnkids.com,,X,,,,DEV
www.qa46.pbteen.com,,X,,,,DEV
www.qa46.rejuvenation.com,,X,,,,DEV
www.qa46.westelm.com,,X,,,,DEV
www.qa46.williams-sonoma.com,,X,,,,DEV
www.qa47.greenrow.com,,X,,,,DEV
www.qa47.markandgraham.com,,X,,,,DEV
www.qa47.potterybarn.com,,X,,,,DEV
www.qa47.potterybarnkids.com,,X,,,,DEV
www.qa47.pbteen.com,,X,,,,DEV
www.qa47.rejuvenation.com,,X,,,,DEV
www.qa47.westelm.com,,X,,,,DEV
www.qa47.williams-sonoma.com,,X,,,,DEV
www.qa48.greenrow.com,,X,,,,DEV
www.qa48.markandgraham.com,,X,,,,DEV
www.qa48.potterybarn.com,,X,,,,DEV
www.qa48.potterybarnkids.com,,X,,,,DEV
www.qa48.pbteen.com,,X,,,,DEV
www.qa48.rejuvenation.com,,X,,,,DEV
www.qa48.westelm.com,,X,,,,DEV
www.qa48.williams-sonoma.com,,X,,,,DEV
www.qa49.greenrow.com,,X,,,,DEV
www.qa49.markandgraham.com,,X,,,,DEV
www.qa49.potterybarn.com,,X,,,,DEV
www.qa49.potterybarnkids.com,,X,,,,DEV
www.qa49.pbteen.com,,X,,,,DEV
www.qa49.rejuvenation.com,,X,,,,DEV
www.qa49.westelm.com,,X,,,,DEV
www.qa49.williams-sonoma.com,,X,,,,DEV
www.qa5.greenrow.com,,X,,,,DEV
www.qa5.markandgraham.com,,X,,,,DEV
www.qa5.potterybarn.com,,X,,,,DEV
www.qa5.potterybarnkids.com,,X,,,,DEV
www.qa5.pbteen.com,,X,,,,DEV
www.qa5.rejuvenation.com,,X,,,,DEV
www.qa5.westelm.com,,X,,,,DEV
www.qa5.williams-sonoma.com,,X,,,,DEV
www.qa50.greenrow.com,,X,,,,DEV
www.qa50.markandgraham.com,,X,,,,DEV
www.qa50.potterybarn.com,,X,,,,DEV
www.qa50.potterybarnkids.com,,X,,,,DEV
www.qa50.pbteen.com,,X,,,,DEV
www.qa50.rejuvenation.com,,X,,,,DEV
www.qa50.westelm.com,,X,,,,DEV
www.qa50.williams-sonoma.com,,X,,,,DEV
www.qa51.greenrow.com,,X,,,,DEV
www.qa51.markandgraham.com,,X,,,,DEV
www.qa51.potterybarn.com,,X,,,,DEV
www.qa51.potterybarnkids.com,,X,,,,DEV
www.qa51.pbteen.com,,X,,,,DEV
www.qa51.rejuvenation.com,,X,,,,DEV
www.qa51.westelm.com,,X,,,,DEV
www.qa51.williams-sonoma.com,,X,,,,DEV
www.qa52.greenrow.com,,X,,,,DEV
www.qa52.markandgraham.com,,X,,,,DEV
www.qa52.potterybarn.com,,X,,,,DEV
www.qa52.potterybarnkids.com,,X,,,,DEV
www.qa52.pbteen.com,,X,,,,DEV
www.qa52.rejuvenation.com,,X,,,,DEV
www.qa52.westelm.com,,X,,,,DEV
www.qa52.williams-sonoma.com,,X,,,,DEV
www.qa53.greenrow.com,,X,,,,DEV
www.qa53.markandgraham.com,,X,,,,DEV
www.qa53.potterybarn.com,,X,,,,DEV
www.qa53.potterybarnkids.com,,X,,,,DEV
www.qa53.pbteen.com,,X,,,,DEV
www.qa53.rejuvenation.com,,X,,,,DEV
www.qa53.westelm.com,,X,,,,DEV
www.qa53.williams-sonoma.com,,X,,,,DEV
www.qa54.greenrow.com,,X,UAT,,,
www.qa54.markandgraham.com,,X,UAT,,,
www.qa54.potterybarn.ca,X,,UAT,,,
www.qa54.potterybarnkids.ca,X,,UAT,,,
www.qa54.pbteen.ca,X,,UAT,,,
www.qa54.rejuvenation.com,,X,UAT,,,
www.qa54.westelm.ca,X,,UAT,,,
www.qa54.williams-sonoma.ca,X,,UAT,,,
www.qa55.greenrow.com,,X,,,,DEV
www.qa55.markandgraham.com,,X,,,,DEV
www.qa55.potterybarn.com,,X,,,,DEV
www.qa55.potterybarnkids.com,,X,,,,DEV
www.qa55.pbteen.com,,X,,,,DEV
www.qa55.rejuvenation.com,,X,,,,DEV
www.qa55.westelm.com,,X,,,,DEV
www.qa55.williams-sonoma.com,,X,,,,DEV
www.qa56.greenrow.com,,X,,,,DEV
www.qa56.markandgraham.com,,X,,,,DEV
www.qa56.potterybarn.com,,X,,,,DEV
www.qa56.potterybarnkids.com,,X,,,,DEV
www.qa56.pbteen.com,,X,,,,DEV
www.qa56.rejuvenation.com,,X,,,,DEV
www.qa56.westelm.com,,X,,,,DEV
www.qa56.williams-sonoma.com,,X,,,,DEV
www.qa57.greenrow.com,,X,,,,DEV
www.qa57.markandgraham.com,,X,,,,DEV
www.qa57.potterybarn.com,,X,,,,DEV
www.qa57.potterybarnkids.com,,X,,,,DEV
www.qa57.pbteen.com,,X,,,,DEV
www.qa57.rejuvenation.com,,X,,,,DEV
www.qa57.westelm.com,,X,,,,DEV
www.qa57.williams-sonoma.com,,X,,,,DEV
www.qa58.greenrow.com,,X,,,,DEV
www.qa58.markandgraham.com,,X,,,,DEV
www.qa58.potterybarn.com,,X,,,,DEV
www.qa58.potterybarnkids.com,,X,,,,DEV
www.qa58.pbteen.com,,X,,,,DEV
www.qa58.rejuvenation.com,,X,,,,DEV
www.qa58.westelm.com,,X,,,,DEV
www.qa58.williams-sonoma.com,,X,,,,DEV
www.qa59.greenrow.com,,X,,,,DEV
www.qa59.markandgraham.com,,X,,,,DEV
www.qa59.potterybarn.com,,X,,,,DEV
www.qa59.potterybarnkids.com,,X,,,,DEV
www.qa59.pbteen.com,,X,,,,DEV
www.qa59.rejuvenation.com,,X,,,,DEV
www.qa59.westelm.com,,X,,,,DEV
www.qa59.williams-sonoma.com,,X,,,,DEV
www.qa6.greenrow.com,,X,,,,DEV
www.qa6.markandgraham.com,,X,,,,DEV
www.qa6.potterybarn.com,,X,,,,DEV
www.qa6.potterybarnkids.com,,X,,,,DEV
www.qa6.pbteen.com,,X,,,,DEV
www.qa6.rejuvenation.com,,X,,,,DEV
www.qa6.westelm.com,,X,,,,DEV
www.qa6.williams-sonoma.com,,X,,,,DEV
www.qa60.greenrow.com,,X,,,,DEV
www.qa60.markandgraham.com,,X,,,,DEV
www.qa60.potterybarn.com,,X,,,,DEV
www.qa60.potterybarnkids.com,,X,,,,DEV
www.qa60.pbteen.com,,X,,,,DEV
www.qa60.rejuvenation.com,,X,,,,DEV
www.qa60.westelm.com,,X,,,,DEV
www.qa60.williams-sonoma.com,,X,,,,DEV
www.qa61.greenrow.com,,X,,,,DEV
www.qa61.markandgraham.com,,X,,,,DEV
www.qa61.potterybarn.com,,X,,,,DEV
www.qa61.potterybarnkids.com,,X,,,,DEV
www.qa61.pbteen.com,,X,,,,DEV
www.qa61.rejuvenation.com,,X,,,,DEV
www.qa61.westelm.com,,X,,,,DEV
www.qa61.williams-sonoma.com,,X,,,,DEV
www.qa62.greenrow.com,,X,,,,DEV
www.qa62.markandgraham.com,,X,,,,DEV
www.qa62.potterybarn.com,,X,,,,DEV
www.qa62.potterybarnkids.com,,X,,,,DEV
www.qa62.pbteen.com,,X,,,,DEV
www.qa62.rejuvenation.com,,X,,,,DEV
www.qa62.westelm.com,,X,,,,DEV
www.qa62.williams-sonoma.com,,X,,,,DEV
www.qa7.greenrow.com,,X,,,,DEV
www.qa7.markandgraham.com,,X,,,,DEV
www.qa7.potterybarn.com,,X,,,,DEV
www.qa7.potterybarnkids.com,,X,,,,DEV
www.qa7.pbteen.com,,X,,,,DEV
www.qa7.rejuvenation.com,,X,,,,DEV
www.qa7.westelm.com,,X,,,,DEV
www.qa7.williams-sonoma.com,,X,,,,DEV
www.qa8.greenrow.com,,X,,,,DEV
www.qa8.markandgraham.com,,X,,,,DEV
www.qa8.potterybarn.com,,X,,,,DEV
www.qa8.potterybarnkids.com,,X,,,,DEV
www.qa8.pbteen.com,,X,,,,DEV
www.qa8.rejuvenation.com,,X,,,,DEV
www.qa8.westelm.com,,X,,,,DEV
www.qa8.williams-sonoma.com,,X,,,,DEV
www.qa9.greenrow.com,,X,,,,DEV
www.qa9.markandgraham.com,,X,,,,DEV
www.qa9.potterybarn.com,,X,,,,DEV
www.qa9.potterybarnkids.com,,X,,,,DEV
www.qa9.pbteen.com,,X,,,,DEV
www.qa9.rejuvenation.com,,X,,,,DEV
www.qa9.westelm.com,,X,,,,DEV
www.qa9.williams-sonoma.com,,X,,,,DEV
www.qa99.greenrow.com,,X,,EQA,,
www.qa99.markandgraham.com,,X,,EQA,,
www.qa99.potterybarn.com,,X,,EQA,,
www.qa99.potterybarnkids.com,,X,,EQA,,
www.qa99.pbteen.com,,X,,EQA,,
www.qa99.rejuvenation.com,,X,,EQA,,
www.qa99.westelm.com,,X,,EQA,,
www.qa99.williams-sonoma.com,,X,,EQA,,
regression.greenrow.com,,X,,EQA,,
regression.markandgraham.com,X,,,EQA,,
regression.potterybarn.com,X,,,EQA,,
regression.potterybarnkids.com,X,,,EQA,,
regression.pbteen.com,X,,,EQA,,
regression.rejuvenation.com,,X,,EQA,,
regression.westelm.com,X,,,EQA,,
regression.williams-sonoma.com,X,,,EQA,,
regression2.greenrow.com,,X,,,,DEV
regression2.markandgraham.com,,X,,,,DEV
regression2.potterybarn.com,,X,,,,DEV
regression2.potterybarnkids.com,,X,,,,DEV
regression2.pbteen.com,,X,,,,DEV
regression2.rejuvenation.com,,X,,,,DEV
regression2.westelm.com,,X,,,,DEV
regression2.williams-sonoma.com,,X,,,,DEV
www.uat.greenrow.com,,X,UAT,,,
www.uat.markandgraham.com,X,,UAT,,,
www.uat.potterybarn.com,X,,UAT,,,
www.uat.potterybarnkids.com,X,,UAT,,,
www.uat.pbteen.com,X,,UAT,,,
www.uat.rejuvenation.com,,X,UAT,,,
www.uat.westelm.com,X,,UAT,,,
www.uat.williams-sonoma.com,X,,UAT,,,
www.uat2.greenrow.com,,X,UAT,,,
www.uat2.markandgraham.com,X,,UAT,,,
www.uat2.potterybarn.com,X,,UAT,,,
www.uat2.potterybarnkids.com,X,,UAT,,,
www.uat2.pbteen.com,X,,UAT,,,
www.uat2.rejuvenation.com,,X,UAT,,,
www.uat2.westelm.com,X,,UAT,,,
www.uat2.williams-sonoma.com,X,,UAT,,,
www.uat3.greenrow.com,,X,UAT,,,
www.uat3.markandgraham.com,X,,UAT,,,
www.uat3.potterybarn.com,X,,UAT,,,
www.uat3.potterybarnkids.com,X,,UAT,,,
www.uat3.pbteen.com,X,,UAT,,,
www.uat3.rejuvenation.com,,X,UAT,,,
www.uat3.westelm.com,X,,UAT,,,
www.uat3.williams-sonoma.com,X,,UAT,,,
www.uat4.greenrow.com,,X,UAT,,,
www.uat4.markandgraham.com,,X,UAT,,,
www.uat4.potterybarn.com,,X,UAT,,,
www.uat4.potterybarnkids.com,,X,UAT,,,
www.uat4.pbteen.com,,X,UAT,,,
www.uat4.rejuvenation.com,,X,UAT,,,
www.uat4.westelm.com,,X,UAT,,,
www.uat4.williams-sonoma.com,,X,UAT,,,
www.uat5.greenrow.com,,X,UAT,,,
www.uat5.markandgraham.com,,X,UAT,,,
www.uat5.potterybarn.com,,X,UAT,,,
www.uat5.potterybarnkids.com,,X,UAT,,,
www.uat5.pbteen.com,,X,UAT,,,
www.uat5.rejuvenation.com,,X,UAT,,,
www.uat5.westelm.com,,X,UAT,,,
www.uat5.williams-sonoma.com,,X,UAT,,,
www.uat6.greenrow.com,,X,UAT,,,
www.uat6.markandgraham.com,,X,UAT,,,
www.uat6.potterybarn.com,,X,UAT,,,
www.uat6.potterybarnkids.com,,X,UAT,,,
www.uat6.pbteen.com,,X,UAT,,,
www.uat6.rejuvenation.com,,X,UAT,,,
www.uat6.westelm.com,,X,UAT,,,
www.uat6.williams-sonoma.com,,X,UAT,,,
www.uat7.greenrow.com,,X,UAT,,,
www.uat7.markandgraham.com,,X,UAT,,,
www.uat7.potterybarn.com,,X,UAT,,,
www.uat7.potterybarnkids.com,,X,UAT,,,
www.uat7.pbteen.com,,X,UAT,,,
www.uat7.rejuvenation.com,,X,UAT,,,
www.uat7.westelm.com,,X,UAT,,,
www.uat7.williams-sonoma.com,,X,UAT,,,
www.uat8.greenrow.com,,X,UAT,,,
www.uat8.markandgraham.com,,X,UAT,,,
www.uat8.potterybarn.com,,X,UAT,,,
www.uat8.potterybarnkids.com,,X,UAT,,,
www.uat8.pbteen.com,,X,UAT,,,
www.uat8.rejuvenation.com,,X,UAT,,,
www.uat8.westelm.com,X,,UAT,,,
www.uat8.williams-sonoma.com,,X,UAT,,,
Hostname, Cert, NoCert, UAT, EQA, MOB, DEV
Total,131,589,136,80,16,488
