<?xml version='1.1' encoding='UTF-8'?>
<project>
  <actions/>
  <description>Self-service job to update Production and Pre-Production (AKTEST) &lt;code&gt;default&lt;/code&gt; and &lt;code&gt;override&lt;/code&gt; appsetting files in SVN.  &#xd;
&#xd;
When you need to upload the appsettings from SVN to the Production or AKTEST databases, please use &lt;a href=https://ecombuild.wsgc.com/jenkins/view/WebOps/job/appsetting-upload-prd/&gt;appsetting-upload-prd&lt;/a&gt;&#xd;
&#xd;
&lt;b&gt;Please note:&lt;/b&gt; you must be logged into Jenkins in order to run this job, and only a small list of ESRE Ecomm Support (née WebOps) users are allowed to run it.&#xd;
&#xd;
Please see&lt;ul&gt;&lt;li&gt;&lt;a href=https://confluence.wsgc.com/display/PS/How+to%3A+Deploy+the+release+app-settings&gt;How to Deploy Release App Settings&lt;/a&gt;&lt;/li&gt;&lt;li&gt;&lt;a href=https://confluence.wsgc.com/display/PS/App+Settings+Automation&gt;App Settings Automation&lt;/a&gt;&lt;/li&gt;&lt;li&gt;&lt;a href=https://confluence.wsgc.com/display/PS/Release+Appsettings+Verification+-+USA&gt;Release Appsettings Verification - USA&lt;/a&gt;&lt;/li&gt;&lt;li&gt;&lt;a href=https://confluence.wsgc.com/display/PS/Release+Appsettings+Verification+-+Canada&gt;Release Appsettings Verification - CAN&lt;/a&gt;&lt;/li&gt;&lt;li&gt;&lt;a href=https://ecombuild.wsgc.com/jenkins/view/WebOps/job/appsetting-upload-prd/&gt;Appsetting DB Upload tool&lt;/a&gt;&lt;/li&gt;&lt;/ul&gt;&#xd;
    </description>
  <keepDependencies>false</keepDependencies>
  <properties>
    <hudson.plugins.jira.JiraProjectProperty plugin="jira@3.0.12"/>
    <hudson.plugins.buildblocker.BuildBlockerProperty plugin="build-blocker-plugin@1.7.3">
      <useBuildBlocker>true</useBuildBlocker>
      <blockLevel>GLOBAL</blockLevel>
      <scanQueueFor>DISABLED</scanQueueFor>
      <blockingJobs>adhoc-appsetting</blockingJobs>
    </hudson.plugins.buildblocker.BuildBlockerProperty>
    <jenkins.model.BuildDiscarderProperty>
      <strategy class="hudson.tasks.LogRotator">
        <daysToKeep>180</daysToKeep>
        <numToKeep>800</numToKeep>
        <artifactDaysToKeep>90</artifactDaysToKeep>
        <artifactNumToKeep>90</artifactNumToKeep>
      </strategy>
    </jenkins.model.BuildDiscarderProperty>
    <com.sonyericsson.jenkins.plugins.bfa.model.ScannerJobProperty plugin="build-failure-analyzer@1.25.1">
      <doNotScan>false</doNotScan>
    </com.sonyericsson.jenkins.plugins.bfa.model.ScannerJobProperty>
    <com.chikli.hudson.plugin.naginator.NaginatorOptOutProperty plugin="naginator@1.18">
      <optOut>false</optOut>
    </com.chikli.hudson.plugin.naginator.NaginatorOptOutProperty>
    <com.sonyericsson.rebuild.RebuildSettings plugin="rebuild@1.31">
      <autoRebuild>false</autoRebuild>
      <rebuildDisabled>false</rebuildDisabled>
    </com.sonyericsson.rebuild.RebuildSettings>
    <hudson.model.ParametersDefinitionProperty>
      <parameterDefinitions>
        <com.cwctravel.hudson.plugins.extended__choice__parameter.ExtendedChoiceParameterDefinition plugin="extended-choice-parameter@0.78">
          <name>Brands</name>
          <description>Brands for which to add/update/delete an app setting</description>
          <quoteValue>false</quoteValue>
          <saveJSONParameterToFile>false</saveJSONParameterToFile>
          <visibleItemCount>6</visibleItemCount>
          <type>PT_CHECKBOX</type>
          <value>MG,PB,PK,PT,RJ,WE,WS,GR</value>
          <multiSelectDelimiter>,</multiSelectDelimiter>
          <projectName>adhoc-appsetting-prd</projectName>
        </com.cwctravel.hudson.plugins.extended__choice__parameter.ExtendedChoiceParameterDefinition>
        <hudson.model.ChoiceParameterDefinition>
          <name>Market</name>
          <description></description>
          <choices class="java.util.Arrays$ArrayList">
            <a class="string-array">
              <string>USA</string>
              <string>Canada</string>
            </a>
          </choices>
        </hudson.model.ChoiceParameterDefinition>
        <com.cwctravel.hudson.plugins.extended__choice__parameter.ExtendedChoiceParameterDefinition plugin="extended-choice-parameter@0.78">
          <name>Realm</name>
          <description>Realm in which you wish to add/update/delete appsettings</description>
          <quoteValue>false</quoteValue>
          <saveJSONParameterToFile>false</saveJSONParameterToFile>
          <visibleItemCount>2</visibleItemCount>
          <type>PT_RADIO</type>
          <value>preprd,prd</value>
          <defaultValue>preprd</defaultValue>
          <multiSelectDelimiter>,</multiSelectDelimiter>
          <projectName>adhoc-appsetting-prd</projectName>
        </com.cwctravel.hudson.plugins.extended__choice__parameter.ExtendedChoiceParameterDefinition>
        <com.cwctravel.hudson.plugins.extended__choice__parameter.ExtendedChoiceParameterDefinition plugin="extended-choice-parameter@0.78">
          <name>Scope</name>
          <description>Only applies to preprd realm - will be ignored for prd</description>
          <quoteValue>false</quoteValue>
          <saveJSONParameterToFile>false</saveJSONParameterToFile>
          <visibleItemCount>2</visibleItemCount>
          <type>PT_CHECKBOX</type>
          <value>aktest,release</value>
          <defaultValue>release</defaultValue>
          <multiSelectDelimiter>,</multiSelectDelimiter>
          <projectName>adhoc-appsetting-prd</projectName>
        </com.cwctravel.hudson.plugins.extended__choice__parameter.ExtendedChoiceParameterDefinition>
        <com.cwctravel.hudson.plugins.extended__choice__parameter.ExtendedChoiceParameterDefinition plugin="extended-choice-parameter@0.78">
          <name>Coast</name>
          <description>Which coast(s) is this setting for?</description>
          <quoteValue>false</quoteValue>
          <saveJSONParameterToFile>false</saveJSONParameterToFile>
          <visibleItemCount>2</visibleItemCount>
          <type>PT_CHECKBOX</type>
          <value>East,West</value>
          <defaultValue>East,West</defaultValue>
          <multiSelectDelimiter>,</multiSelectDelimiter>
          <projectName>adhoc-appsetting-prd</projectName>
        </com.cwctravel.hudson.plugins.extended__choice__parameter.ExtendedChoiceParameterDefinition>
        <hudson.model.StringParameterDefinition>
          <name>Setting</name>
          <description>Name of the app setting to add/update/delete &lt;i&gt;eg &lt;font color=blue&gt;FOO.BAR&lt;/font&gt;&lt;/i&gt; &amp;nbsp;&lt;i&gt;&lt;font color=red&gt;no spaces, please&lt;/font&gt;&lt;/i&gt;</description>
          <defaultValue></defaultValue>
          <trim>true</trim>
        </hudson.model.StringParameterDefinition>
        <hudson.model.StringParameterDefinition>
          <name>Value</name>
          <description>New Value (for add/update)</description>
          <defaultValue></defaultValue>
          <trim>false</trim>
        </hudson.model.StringParameterDefinition>
        <hudson.model.ChoiceParameterDefinition>
          <name>DataType</name>
          <description>Datatype of App setting see https://confluence.wsgc.com/display/EE/Setting+Value+Definitions+in+Property+Files</description>
          <choices class="java.util.Arrays$ArrayList">
            <a class="string-array">
              <string></string>
              <string>a</string>
              <string>b</string>
              <string>h</string>
              <string>i</string>
              <string>l</string>
              <string>m</string>
              <string>n</string>
              <string>p</string>
              <string>r</string>
              <string>s</string>
              <string>t</string>
            </a>
          </choices>
        </hudson.model.ChoiceParameterDefinition>
        <hudson.model.ChoiceParameterDefinition>
          <name>Action</name>
          <description>Add, Update or Delete the setting &lt;i&gt;(Add and Update are functionally equivalent - if a setting doesn&apos;t exist, it will automatically be added)&lt;/i&gt;</description>
          <choices class="java.util.Arrays$ArrayList">
            <a class="string-array">
              <string>update</string>
              <string>add</string>
              <string>delete</string>
            </a>
          </choices>
        </hudson.model.ChoiceParameterDefinition>
        <hudson.model.StringParameterDefinition>
          <name>Ticket</name>
          <description>&lt;font color=red&gt;&lt;i&gt;Required:&lt;/i&gt;&lt;/font&gt; - ServiceNow or JIRA ticket</description>
          <defaultValue></defaultValue>
          <trim>true</trim>
        </hudson.model.StringParameterDefinition>
        <hudson.model.StringParameterDefinition>
          <name>Comments</name>
          <description>&lt;font color=green&gt;&lt;i&gt;Optional:&lt;/i&gt;&lt;/font&gt; Any additional comments about this appsetting change, such as the name of the release</description>
          <defaultValue></defaultValue>
          <trim>true</trim>
        </hudson.model.StringParameterDefinition>
        <hudson.model.StringParameterDefinition>
          <name>Email</name>
          <description>Email addresses to be notified of changes</description>
          <defaultValue>ecomHuron@wsgc.com,mrao3@wsgc.com</defaultValue>
          <trim>true</trim>
        </hudson.model.StringParameterDefinition>
      </parameterDefinitions>
    </hudson.model.ParametersDefinitionProperty>
  </properties>
  <scm class="hudson.scm.NullSCM"/>
  <assignedNode>appsetting</assignedNode>
  <canRoam>false</canRoam>
  <disabled>false</disabled>
  <blockBuildWhenDownstreamBuilding>false</blockBuildWhenDownstreamBuilding>
  <blockBuildWhenUpstreamBuilding>false</blockBuildWhenUpstreamBuilding>
  <jdk>(System)</jdk>
  <triggers/>
  <concurrentBuild>false</concurrentBuild>
  <builders>
    <hudson.tasks.Shell>
      <command>#!/bin/bash
PATH=/bin:/usr/bin:/sbin:/usr/sbin
set -e
set -o nounset
LC_ALL=C
SCRIPT_DEV=&quot;tfitzpatrick&quot;
ACL=&quot;$GROUP_WEBOPS_APPSETTING&quot;
ACL=&quot;$ACL $SCRIPT_DEV&quot; # add script developer to ACL

# create string to use with grep
VALID_USERS=$(echo &quot;$ACL&quot;|sed -es&apos;/@wsgc.com/ /gi&apos; -es&apos;/[^[:space:][:alnum:]\t]//g&apos; -es&apos;/[[:space:]]\+/\|/g&apos;)

# Is the person running this script allowed to do so?
echo &quot;$BUILD_USER_ID&quot; | grep -qEiw &quot;^($VALID_USERS)$&quot; &amp;&amp; exit 0

# Nope:
echo &quot;Sorry, &apos;$BUILD_USER_ID&apos; is not authorized to run this script.  Valid users are $ACL&quot; &gt;&amp;2
exit 1

</command>
    </hudson.tasks.Shell>
  </builders>
  <publishers>
    <hudson.plugins.logparser.LogParserPublisher plugin="log-parser@2.1">
      <unstableOnWarning>false</unstableOnWarning>
      <failBuildOnError>false</failBuildOnError>
      <showGraphs>true</showGraphs>
      <parsingRulesPath>/var/lib/jenkins/default-log-parsing.rules</parsingRulesPath>
      <useProjectRule>false</useProjectRule>
    </hudson.plugins.logparser.LogParserPublisher>
    <org.jenkinsci.plugins.rundeck.RundeckNotifier plugin="rundeck@3.6.6">
      <rundeckInstance>wsgc</rundeckInstance>
      <jobId>adhoc-appsetting-prd</jobId>
      <options>
brands=${Brands}
envs=${Environments}
setting=${Setting}
datatype=${DataType}
value=${Value}
action=${Action}
ticket=${Ticket}
comments=${Comments}
release=${Release}
realm=${Realm}
coast=${Coast}
scope=${Scope}
email=${Email}
market=${Market}
BUILD_USER_ID=${BUILD_USER_ID}
BUILD_NUMBER=${BUILD_NUMBER}
ACL=&quot;${GROUP_WEBOPS_APPSETTING}&quot;
</options>
      <nodeFilters></nodeFilters>
      <tags/>
      <shouldWaitForRundeckJob>true</shouldWaitForRundeckJob>
      <shouldFailTheBuild>true</shouldFailTheBuild>
      <notifyOnAllStatus>false</notifyOnAllStatus>
      <includeRundeckLogs>true</includeRundeckLogs>
      <tailLog>true</tailLog>
      <jobUser></jobUser>
      <jobPassword>{AQAAABAAAAAQ9nw+Ee6vh33cDTOVcn6Y6oiElX1jQDc4mfKaCqLmiv8=}</jobPassword>
      <jobToken>{AQAAABAAAAAQKsQSNIlGq2/BS91vyQD195CiN24qS06peIVgVYcdTZk=}</jobToken>
    </org.jenkinsci.plugins.rundeck.RundeckNotifier>
    <jenkins.plugins.slack.SlackNotifier plugin="slack@2.36">
      <baseUrl></baseUrl>
      <teamDomain>williams-sonomainc</teamDomain>
      <authToken></authToken>
      <tokenCredentialId>Slack</tokenCredentialId>
      <botUser>false</botUser>
      <room>#team-ecom-mead</room>
      <sendAsText>false</sendAsText>
      <iconEmoji></iconEmoji>
      <username></username>
      <startNotification>false</startNotification>
      <notifySuccess>false</notifySuccess>
      <notifyAborted>true</notifyAborted>
      <notifyNotBuilt>false</notifyNotBuilt>
      <notifyUnstable>false</notifyUnstable>
      <notifyRegression>false</notifyRegression>
      <notifyFailure>false</notifyFailure>
      <notifyEveryFailure>true</notifyEveryFailure>
      <notifyBackToNormal>false</notifyBackToNormal>
      <notifyRepeatedFailure>false</notifyRepeatedFailure>
      <includeTestSummary>false</includeTestSummary>
      <includeFailedTests>false</includeFailedTests>
      <commitInfoChoice>NONE</commitInfoChoice>
      <includeCustomMessage>false</includeCustomMessage>
      <customMessage></customMessage>
      <customMessageSuccess></customMessageSuccess>
      <customMessageAborted></customMessageAborted>
      <customMessageNotBuilt></customMessageNotBuilt>
      <customMessageUnstable></customMessageUnstable>
      <customMessageFailure></customMessageFailure>
    </jenkins.plugins.slack.SlackNotifier>
  </publishers>
  <buildWrappers>
    <org.jenkinsci.plugins.builduser.BuildUser plugin="build-user-vars-plugin@1.5"/>
  </buildWrappers>
</project>
