<?xml version='1.1' encoding='UTF-8'?>
<project>
  <actions/>
  <description>Uploads default and override appsetting files to Production database.  If you need to update Production appsettings, please use &lt;a href=https://ecombuild.wsgc.com/jenkins/job/appsetting-upload-prd/&gt;adhoc-appsetting-prd&lt;/a&gt;&#xd;
&#xd;
&lt;b&gt;Please note:&lt;/b&gt; you &lt;font color=red&gt;must&lt;/font&gt; be logged into Jenkins in order to run this job, and only a small list of ESRE Ecomm Support (&lt;i&gt;née&lt;/i&gt; WebOps) users are allowed to run it.&#xd;
&#xd;
&lt;font size=+1&gt;&lt;b&gt;Actions&lt;/b&gt;&lt;/font&gt;&lt;ul&gt;&lt;li&gt;&lt;font color=blue&gt;Upload_Override_to_AKTEST&lt;/font&gt; - upload settings from &lt;i&gt;override.properties&lt;/i&gt; file to AKTEST database&lt;/li&gt;&#xd;
  &lt;li&gt;&lt;font color=blue&gt;Upload_Release_to_Production&lt;/font&gt; - upload settings from &lt;i&gt;override.properties&lt;/i&gt; file with SETTING_SCOPE &lt;code&gt;release&lt;/code&gt; to production database&lt;/li&gt;&#xd;
  &lt;li&gt;&lt;font color=blue&gt;Upload_Default_to_Production&lt;/font&gt; - upload settings from &lt;i&gt;default.properites&lt;/i&gt; file to production database&lt;/li&gt;&#xd;
  &lt;li&gt;&lt;font color=blue&gt;Clear_Release_Scope&lt;/font&gt; - remove entries from &lt;i&gt;override.properties&lt;/i&gt; file that have a SETTING_SCOPE of &lt;code&gt;release&lt;/code&gt;&lt;/li&gt;&#xd;
&lt;li&gt;&lt;font color=blue&gt;Update_Confluence&lt;/font&gt; - Updates &lt;a href=https://confluence.wsgc.com/display/PS/Release+Appsettings+Verification&gt;Release Appsettings Verification&lt;/a&gt; page&lt;/li&gt;&#xd;
&lt;/ul&gt;&#xd;
&#xd;
Please see&lt;ul&gt;&lt;li&gt;&lt;a href=https://confluence.wsgc.com/display/PS/How+to%3A+Deploy+the+release+app-settings&gt;How to Deploy Release App Settings&lt;/a&gt;&lt;/li&gt;&lt;li&gt;&lt;a href=https://confluence.wsgc.com/display/PS/App+Settings+Automation&gt;App Settings Automation&lt;/a&gt;&lt;/li&gt;&lt;li&gt;&lt;a href=https://confluence.wsgc.com/display/PS/Release+Appsettings+Verification&gt;Release Appsettings Verification&lt;/a&gt;&lt;/li&gt;&lt;/ul&gt;&#xd;
&#xd;
    </description>
  <keepDependencies>false</keepDependencies>
  <properties>
    <hudson.plugins.jira.JiraProjectProperty plugin="jira@3.0.12"/>
    <hudson.plugins.buildblocker.BuildBlockerProperty plugin="build-blocker-plugin@1.7.3">
      <useBuildBlocker>false</useBuildBlocker>
      <blockLevel>GLOBAL</blockLevel>
      <scanQueueFor>DISABLED</scanQueueFor>
      <blockingJobs></blockingJobs>
    </hudson.plugins.buildblocker.BuildBlockerProperty>
    <jenkins.model.BuildDiscarderProperty>
      <strategy class="hudson.tasks.LogRotator">
        <daysToKeep>60</daysToKeep>
        <numToKeep>800</numToKeep>
        <artifactDaysToKeep>90</artifactDaysToKeep>
        <artifactNumToKeep>90</artifactNumToKeep>
      </strategy>
    </jenkins.model.BuildDiscarderProperty>
    <com.sonyericsson.jenkins.plugins.bfa.model.ScannerJobProperty plugin="build-failure-analyzer@1.25.1">
      <doNotScan>false</doNotScan>
    </com.sonyericsson.jenkins.plugins.bfa.model.ScannerJobProperty>
    <com.chikli.hudson.plugin.naginator.NaginatorOptOutProperty plugin="naginator@1.18">
      <optOut>false</optOut>
    </com.chikli.hudson.plugin.naginator.NaginatorOptOutProperty>
    <com.sonyericsson.rebuild.RebuildSettings plugin="rebuild@1.31">
      <autoRebuild>false</autoRebuild>
      <rebuildDisabled>false</rebuildDisabled>
    </com.sonyericsson.rebuild.RebuildSettings>
    <hudson.model.ParametersDefinitionProperty>
      <parameterDefinitions>
        <com.cwctravel.hudson.plugins.extended__choice__parameter.ExtendedChoiceParameterDefinition plugin="extended-choice-parameter@0.78">
          <name>Brand</name>
          <description>Brand to upload</description>
          <quoteValue>false</quoteValue>
          <saveJSONParameterToFile>false</saveJSONParameterToFile>
          <visibleItemCount>6</visibleItemCount>
          <type>PT_RADIO</type>
          <value>MG,PB,PK,PT,WE,WS</value>
          <multiSelectDelimiter>,</multiSelectDelimiter>
          <projectName>appsetting-upload-prd</projectName>
        </com.cwctravel.hudson.plugins.extended__choice__parameter.ExtendedChoiceParameterDefinition>
        <hudson.model.ChoiceParameterDefinition>
          <name>Market</name>
          <description>Domestic is the normal non-GMTP environment</description>
          <choices class="java.util.Arrays$ArrayList">
            <a class="string-array">
              <string>USA</string>
              <string>Canada</string>
            </a>
          </choices>
        </hudson.model.ChoiceParameterDefinition>
        <com.cwctravel.hudson.plugins.extended__choice__parameter.ExtendedChoiceParameterDefinition plugin="extended-choice-parameter@0.78">
          <name>Coast</name>
          <description>Coast to upload: East = AB, West = RK/SAC</description>
          <quoteValue>false</quoteValue>
          <saveJSONParameterToFile>false</saveJSONParameterToFile>
          <visibleItemCount>2</visibleItemCount>
          <type>PT_RADIO</type>
          <value>East,West</value>
          <multiSelectDelimiter>,</multiSelectDelimiter>
          <projectName>appsetting-upload-prd</projectName>
        </com.cwctravel.hudson.plugins.extended__choice__parameter.ExtendedChoiceParameterDefinition>
        <com.cwctravel.hudson.plugins.extended__choice__parameter.ExtendedChoiceParameterDefinition plugin="extended-choice-parameter@0.78">
          <name>Action</name>
          <description>Which action to take - Please see https://confluence.wsgc.com/display/PS/How+to%3A+Deploy+the+release+app-settings</description>
          <quoteValue>false</quoteValue>
          <saveJSONParameterToFile>false</saveJSONParameterToFile>
          <visibleItemCount>6</visibleItemCount>
          <type>PT_RADIO</type>
          <value>Upload_Override_to_AKTEST,Upload_Release_to_Production,Upload_Default_to_Production,Clear_Release_Scope,Update_Confluence</value>
          <defaultValue>Update_Confluence</defaultValue>
          <multiSelectDelimiter>,</multiSelectDelimiter>
          <projectName>appsetting-upload-prd</projectName>
        </com.cwctravel.hudson.plugins.extended__choice__parameter.ExtendedChoiceParameterDefinition>
        <hudson.model.StringParameterDefinition>
          <name>Ticket</name>
          <description>&lt;font color=green&gt;&lt;i&gt;Optional:&lt;/i&gt;&lt;/font&gt; ticket, if applicable &lt;i&gt;eg &lt;font color=blue&gt;MEAD-1234&lt;/font&gt;&lt;/i&gt;</description>
          <defaultValue></defaultValue>
          <trim>true</trim>
        </hudson.model.StringParameterDefinition>
        <hudson.model.StringParameterDefinition>
          <name>Comments</name>
          <description>&lt;font color=green&gt;&lt;i&gt;Optional:&lt;/i&gt;&lt;/font&gt; Any additional comments about this appsetting upload</description>
          <defaultValue></defaultValue>
          <trim>true</trim>
        </hudson.model.StringParameterDefinition>
      </parameterDefinitions>
    </hudson.model.ParametersDefinitionProperty>
  </properties>
  <scm class="hudson.scm.NullSCM"/>
  <assignedNode>build||deploy</assignedNode>
  <canRoam>false</canRoam>
  <disabled>false</disabled>
  <blockBuildWhenDownstreamBuilding>false</blockBuildWhenDownstreamBuilding>
  <blockBuildWhenUpstreamBuilding>false</blockBuildWhenUpstreamBuilding>
  <jdk>(System)</jdk>
  <triggers/>
  <concurrentBuild>true</concurrentBuild>
  <builders>
    <hudson.tasks.Shell>
      <command>#!/bin/bash
PATH=/bin:/usr/bin:/sbin:/usr/sbin
set -e
set -o nounset
LC_ALL=C
SCRIPT_DEV=&quot;tfitzpatrick&quot;
ACL=&quot;$GROUP_WEBOPS_APPSETTING&quot;
ACL=&quot;$ACL $SCRIPT_DEV&quot; # add script developer to ACL

# create string to use with grep
VALID_USERS=$(echo &quot;$ACL&quot;|sed -es&apos;/@wsgc.com/ /gi&apos; -es&apos;/[^[:space:][:alnum:]\t]//g&apos; -es&apos;/[[:space:]]\+/\|/g&apos;)

# Is the person running this script allowed to do so?
echo &quot;$BUILD_USER_ID&quot; | grep -qEiw &quot;^($VALID_USERS)$&quot; &amp;&amp; exit 0

# Nope:
echo &quot;Sorry, &apos;$BUILD_USER_ID&apos; is not authorized to run this script.  Valid users are $ACL&quot; &gt;&amp;2
exit 1

</command>
    </hudson.tasks.Shell>
  </builders>
  <publishers>
    <hudson.plugins.logparser.LogParserPublisher plugin="log-parser@2.1">
      <unstableOnWarning>false</unstableOnWarning>
      <failBuildOnError>false</failBuildOnError>
      <showGraphs>true</showGraphs>
      <parsingRulesPath>/var/lib/jenkins/default-log-parsing.rules</parsingRulesPath>
      <useProjectRule>false</useProjectRule>
    </hudson.plugins.logparser.LogParserPublisher>
    <org.jenkinsci.plugins.rundeck.RundeckNotifier plugin="rundeck@3.6.6">
      <rundeckInstance>wsgc</rundeckInstance>
      <jobId>appsetting-upload-prd</jobId>
      <options>
brand=${Brand}
env=${Environment}
ticket=${Ticket}
coast=${Coast}
action=${Action}
comments=${Comments}
market=${Market}
BUILD_USER_ID=${BUILD_USER_ID}
BUILD_NUMBER=${BUILD_NUMBER}
ACL=&quot;${GROUP_WEBOPS_APPSETTING}&quot;
</options>
      <nodeFilters></nodeFilters>
      <tags/>
      <shouldWaitForRundeckJob>true</shouldWaitForRundeckJob>
      <shouldFailTheBuild>true</shouldFailTheBuild>
      <notifyOnAllStatus>false</notifyOnAllStatus>
      <includeRundeckLogs>true</includeRundeckLogs>
      <tailLog>true</tailLog>
      <jobUser></jobUser>
      <jobPassword>{AQAAABAAAAAQBrJmu9IZc6aemwP4tCgIZl5w7mb1C0aJg+Z2Dkq5wo4=}</jobPassword>
      <jobToken>{AQAAABAAAAAQ78HfHV2shX7DSMuRvJuneGbWaqEL1pCk7+pIfeBZfec=}</jobToken>
    </org.jenkinsci.plugins.rundeck.RundeckNotifier>
    <jenkins.plugins.slack.SlackNotifier plugin="slack@2.36">
      <baseUrl></baseUrl>
      <teamDomain>williams-sonomainc</teamDomain>
      <authToken></authToken>
      <tokenCredentialId>Slack</tokenCredentialId>
      <botUser>false</botUser>
      <room>#team-ecom-mead</room>
      <sendAsText>false</sendAsText>
      <iconEmoji></iconEmoji>
      <username></username>
      <startNotification>false</startNotification>
      <notifySuccess>false</notifySuccess>
      <notifyAborted>false</notifyAborted>
      <notifyNotBuilt>false</notifyNotBuilt>
      <notifyUnstable>false</notifyUnstable>
      <notifyRegression>false</notifyRegression>
      <notifyFailure>false</notifyFailure>
      <notifyEveryFailure>true</notifyEveryFailure>
      <notifyBackToNormal>false</notifyBackToNormal>
      <notifyRepeatedFailure>false</notifyRepeatedFailure>
      <includeTestSummary>false</includeTestSummary>
      <includeFailedTests>false</includeFailedTests>
      <commitInfoChoice>NONE</commitInfoChoice>
      <includeCustomMessage>false</includeCustomMessage>
      <customMessage></customMessage>
      <customMessageSuccess></customMessageSuccess>
      <customMessageAborted></customMessageAborted>
      <customMessageNotBuilt></customMessageNotBuilt>
      <customMessageUnstable></customMessageUnstable>
      <customMessageFailure></customMessageFailure>
    </jenkins.plugins.slack.SlackNotifier>
  </publishers>
  <buildWrappers>
    <org.jenkinsci.plugins.builduser.BuildUser plugin="build-user-vars-plugin@1.5"/>
  </buildWrappers>
</project>