<?xml version='1.1' encoding='UTF-8'?>
<project>
  <actions/>
  <description>Generates &lt;a href=https://confluence.wsgc.com/display/PS/Release+Appsettings+Verification&gt;Appsettings Verification Page&lt;/a&gt;</description>
  <keepDependencies>false</keepDependencies>
  <properties>
    <hudson.plugins.jira.JiraProjectProperty plugin="jira@3.0.8"/>
    <hudson.plugins.buildblocker.BuildBlockerProperty plugin="build-blocker-plugin@1.7.3">
      <useBuildBlocker>false</useBuildBlocker>
      <blockLevel>GLOBAL</blockLevel>
      <scanQueueFor>DISABLED</scanQueueFor>
      <blockingJobs></blockingJobs>
    </hudson.plugins.buildblocker.BuildBlockerProperty>
    <com.sonyericsson.jenkins.plugins.bfa.model.ScannerJobProperty plugin="build-failure-analyzer@1.22.0">
      <doNotScan>false</doNotScan>
    </com.sonyericsson.jenkins.plugins.bfa.model.ScannerJobProperty>
    <com.chikli.hudson.plugin.naginator.NaginatorOptOutProperty plugin="naginator@1.18">
      <optOut>false</optOut>
    </com.chikli.hudson.plugin.naginator.NaginatorOptOutProperty>
    <com.sonyericsson.rebuild.RebuildSettings plugin="rebuild@1.31">
      <autoRebuild>false</autoRebuild>
      <rebuildDisabled>false</rebuildDisabled>
    </com.sonyericsson.rebuild.RebuildSettings>
  </properties>
  <scm class="hudson.scm.SubversionSCM" plugin="subversion@2.12.1">
    <locations>
      <hudson.scm.SubversionSCM_-ModuleLocation>
        <remote>https://repos.wsgc.com/svn/devops/packaging/wsgc-appsettings-configuration/trunk/appsetting-properties/schema-site/websun1/ws_app_owner/mg/override</remote>
        <credentialsId>bb7f2475-307d-46ae-bf2c-87791001d4a7</credentialsId>
        <local>.</local>
        <depthOption>infinity</depthOption>
        <ignoreExternalsOption>true</ignoreExternalsOption>
        <cancelProcessOnExternalsFail>true</cancelProcessOnExternalsFail>
      </hudson.scm.SubversionSCM_-ModuleLocation>
      <hudson.scm.SubversionSCM_-ModuleLocation>
        <remote>https://repos.wsgc.com/svn/devops/packaging/wsgc-appsettings-configuration/trunk/appsetting-properties/schema-site/websun1/ws_app_owner/pb/override</remote>
        <credentialsId>bb7f2475-307d-46ae-bf2c-87791001d4a7</credentialsId>
        <local>.</local>
        <depthOption>infinity</depthOption>
        <ignoreExternalsOption>true</ignoreExternalsOption>
        <cancelProcessOnExternalsFail>true</cancelProcessOnExternalsFail>
      </hudson.scm.SubversionSCM_-ModuleLocation>
      <hudson.scm.SubversionSCM_-ModuleLocation>
        <remote>https://repos.wsgc.com/svn/devops/packaging/wsgc-appsettings-configuration/trunk/appsetting-properties/schema-site/websun1/ws_app_owner/pk/override</remote>
        <credentialsId>bb7f2475-307d-46ae-bf2c-87791001d4a7</credentialsId>
        <local>.</local>
        <depthOption>infinity</depthOption>
        <ignoreExternalsOption>true</ignoreExternalsOption>
        <cancelProcessOnExternalsFail>true</cancelProcessOnExternalsFail>
      </hudson.scm.SubversionSCM_-ModuleLocation>
      <hudson.scm.SubversionSCM_-ModuleLocation>
        <remote>https://repos.wsgc.com/svn/devops/packaging/wsgc-appsettings-configuration/trunk/appsetting-properties/schema-site/websun1/ws_app_owner/pt/override</remote>
        <credentialsId>bb7f2475-307d-46ae-bf2c-87791001d4a7</credentialsId>
        <local>.</local>
        <depthOption>infinity</depthOption>
        <ignoreExternalsOption>true</ignoreExternalsOption>
        <cancelProcessOnExternalsFail>true</cancelProcessOnExternalsFail>
      </hudson.scm.SubversionSCM_-ModuleLocation>
      <hudson.scm.SubversionSCM_-ModuleLocation>
        <remote>https://repos.wsgc.com/svn/devops/packaging/wsgc-appsettings-configuration/trunk/appsetting-properties/schema-site/websun1/ws_app_owner/we/override</remote>
        <credentialsId>bb7f2475-307d-46ae-bf2c-87791001d4a7</credentialsId>
        <local>.</local>
        <depthOption>infinity</depthOption>
        <ignoreExternalsOption>true</ignoreExternalsOption>
        <cancelProcessOnExternalsFail>true</cancelProcessOnExternalsFail>
      </hudson.scm.SubversionSCM_-ModuleLocation>
      <hudson.scm.SubversionSCM_-ModuleLocation>
        <remote>https://repos.wsgc.com/svn/devops/packaging/wsgc-appsettings-configuration/trunk/appsetting-properties/schema-site/websun1/ws_app_owner/ws/override</remote>
        <credentialsId>bb7f2475-307d-46ae-bf2c-87791001d4a7</credentialsId>
        <local>.</local>
        <depthOption>infinity</depthOption>
        <ignoreExternalsOption>true</ignoreExternalsOption>
        <cancelProcessOnExternalsFail>true</cancelProcessOnExternalsFail>
      </hudson.scm.SubversionSCM_-ModuleLocation>
      <hudson.scm.SubversionSCM_-ModuleLocation>
        <remote>https://repos.wsgc.com/svn/devops/packaging/wsgc-appsettings-configuration/trunk/appsetting-properties/schema-site/websun2/ws_app_owner/mg/override</remote>
        <credentialsId>bb7f2475-307d-46ae-bf2c-87791001d4a7</credentialsId>
        <local>.</local>
        <depthOption>infinity</depthOption>
        <ignoreExternalsOption>true</ignoreExternalsOption>
        <cancelProcessOnExternalsFail>true</cancelProcessOnExternalsFail>
      </hudson.scm.SubversionSCM_-ModuleLocation>
      <hudson.scm.SubversionSCM_-ModuleLocation>
        <remote>https://repos.wsgc.com/svn/devops/packaging/wsgc-appsettings-configuration/trunk/appsetting-properties/schema-site/websun2/ws_app_owner/pb/override</remote>
        <credentialsId>bb7f2475-307d-46ae-bf2c-87791001d4a7</credentialsId>
        <local>.</local>
        <depthOption>infinity</depthOption>
        <ignoreExternalsOption>true</ignoreExternalsOption>
        <cancelProcessOnExternalsFail>true</cancelProcessOnExternalsFail>
      </hudson.scm.SubversionSCM_-ModuleLocation>
      <hudson.scm.SubversionSCM_-ModuleLocation>
        <remote>https://repos.wsgc.com/svn/devops/packaging/wsgc-appsettings-configuration/trunk/appsetting-properties/schema-site/websun2/ws_app_owner/pk/override</remote>
        <credentialsId>bb7f2475-307d-46ae-bf2c-87791001d4a7</credentialsId>
        <local>.</local>
        <depthOption>infinity</depthOption>
        <ignoreExternalsOption>true</ignoreExternalsOption>
        <cancelProcessOnExternalsFail>true</cancelProcessOnExternalsFail>
      </hudson.scm.SubversionSCM_-ModuleLocation>
      <hudson.scm.SubversionSCM_-ModuleLocation>
        <remote>https://repos.wsgc.com/svn/devops/packaging/wsgc-appsettings-configuration/trunk/appsetting-properties/schema-site/websun2/ws_app_owner/pt/override</remote>
        <credentialsId>bb7f2475-307d-46ae-bf2c-87791001d4a7</credentialsId>
        <local>.</local>
        <depthOption>infinity</depthOption>
        <ignoreExternalsOption>true</ignoreExternalsOption>
        <cancelProcessOnExternalsFail>true</cancelProcessOnExternalsFail>
      </hudson.scm.SubversionSCM_-ModuleLocation>
      <hudson.scm.SubversionSCM_-ModuleLocation>
        <remote>https://repos.wsgc.com/svn/devops/packaging/wsgc-appsettings-configuration/trunk/appsetting-properties/schema-site/websun2/ws_app_owner/we/override</remote>
        <credentialsId>bb7f2475-307d-46ae-bf2c-87791001d4a7</credentialsId>
        <local>.</local>
        <depthOption>infinity</depthOption>
        <ignoreExternalsOption>true</ignoreExternalsOption>
        <cancelProcessOnExternalsFail>true</cancelProcessOnExternalsFail>
      </hudson.scm.SubversionSCM_-ModuleLocation>
      <hudson.scm.SubversionSCM_-ModuleLocation>
        <remote>https://repos.wsgc.com/svn/devops/packaging/wsgc-appsettings-configuration/trunk/appsetting-properties/schema-site/websun2/ws_app_owner/ws/override</remote>
        <credentialsId>bb7f2475-307d-46ae-bf2c-87791001d4a7</credentialsId>
        <local>.</local>
        <depthOption>infinity</depthOption>
        <ignoreExternalsOption>true</ignoreExternalsOption>
        <cancelProcessOnExternalsFail>true</cancelProcessOnExternalsFail>
      </hudson.scm.SubversionSCM_-ModuleLocation>
    </locations>
    <excludedRegions></excludedRegions>
    <includedRegions></includedRegions>
    <excludedUsers></excludedUsers>
    <excludedRevprop></excludedRevprop>
    <excludedCommitMessages></excludedCommitMessages>
    <workspaceUpdater class="hudson.scm.subversion.UpdateUpdater"/>
    <ignoreDirPropChanges>false</ignoreDirPropChanges>
    <filterChangelog>false</filterChangelog>
    <quietOperation>true</quietOperation>
  </scm>
  <canRoam>true</canRoam>
  <disabled>false</disabled>
  <blockBuildWhenDownstreamBuilding>false</blockBuildWhenDownstreamBuilding>
  <blockBuildWhenUpstreamBuilding>false</blockBuildWhenUpstreamBuilding>
  <jdk>(System)</jdk>
  <triggers>
    <hudson.triggers.SCMTrigger>
      <spec>TZ=America/Los_Angeles
H H/4 * * *</spec>
      <ignorePostCommitHooks>false</ignorePostCommitHooks>
    </hudson.triggers.SCMTrigger>
  </triggers>
  <concurrentBuild>false</concurrentBuild>
  <builders/>
  <publishers>
    <org.jenkinsci.plugins.rundeck.RundeckNotifier plugin="rundeck@3.6.5">
      <rundeckInstance>wsgc</rundeckInstance>
      <jobId>appsetting-upload-prd</jobId>
      <options>action=Update_Confluence
</options>
      <nodeFilters></nodeFilters>
      <tags/>
      <shouldWaitForRundeckJob>true</shouldWaitForRundeckJob>
      <shouldFailTheBuild>true</shouldFailTheBuild>
      <notifyOnAllStatus>false</notifyOnAllStatus>
      <includeRundeckLogs>true</includeRundeckLogs>
      <tailLog>true</tailLog>
      <jobUser></jobUser>
      <jobPassword></jobPassword>
      <jobToken></jobToken>
    </org.jenkinsci.plugins.rundeck.RundeckNotifier>
    <jenkins.plugins.slack.SlackNotifier plugin="slack@2.34">
      <baseUrl></baseUrl>
      <teamDomain>williams-sonomainc</teamDomain>
      <authToken></authToken>
      <tokenCredentialId>Slack</tokenCredentialId>
      <botUser>false</botUser>
      <room>#team-ecom-mead</room>
      <sendAsText>false</sendAsText>
      <iconEmoji></iconEmoji>
      <username></username>
      <startNotification>false</startNotification>
      <notifySuccess>false</notifySuccess>
      <notifyAborted>false</notifyAborted>
      <notifyNotBuilt>false</notifyNotBuilt>
      <notifyUnstable>false</notifyUnstable>
      <notifyRegression>false</notifyRegression>
      <notifyFailure>true</notifyFailure>
      <notifyEveryFailure>true</notifyEveryFailure>
      <notifyBackToNormal>false</notifyBackToNormal>
      <notifyRepeatedFailure>false</notifyRepeatedFailure>
      <includeTestSummary>false</includeTestSummary>
      <includeFailedTests>false</includeFailedTests>
      <commitInfoChoice>NONE</commitInfoChoice>
      <includeCustomMessage>false</includeCustomMessage>
      <customMessage></customMessage>
      <customMessageSuccess></customMessageSuccess>
      <customMessageAborted></customMessageAborted>
      <customMessageNotBuilt></customMessageNotBuilt>
      <customMessageUnstable></customMessageUnstable>
      <customMessageFailure></customMessageFailure>
    </jenkins.plugins.slack.SlackNotifier>
  </publishers>
  <buildWrappers/>
</project>