<?xml version='1.1' encoding='UTF-8'?>
<project>
  <actions/>
  <description>runs the ssl expiration report</description>
  <keepDependencies>false</keepDependencies>
  <properties>
    <hudson.plugins.jira.JiraProjectProperty plugin="jira@3.0.12"/>
    <hudson.plugins.buildblocker.BuildBlockerProperty plugin="build-blocker-plugin@1.7.3">
      <useBuildBlocker>false</useBuildBlocker>
      <blockLevel>GLOBAL</blockLevel>
      <scanQueueFor>DISABLED</scanQueueFor>
      <blockingJobs></blockingJobs>
    </hudson.plugins.buildblocker.BuildBlockerProperty>
    <com.sonyericsson.jenkins.plugins.bfa.model.ScannerJobProperty plugin="build-failure-analyzer@1.25.1">
      <doNotScan>false</doNotScan>
    </com.sonyericsson.jenkins.plugins.bfa.model.ScannerJobProperty>
    <com.chikli.hudson.plugin.naginator.NaginatorOptOutProperty plugin="naginator@1.18">
      <optOut>false</optOut>
    </com.chikli.hudson.plugin.naginator.NaginatorOptOutProperty>
    <com.sonyericsson.rebuild.RebuildSettings plugin="rebuild@1.31">
      <autoRebuild>false</autoRebuild>
      <rebuildDisabled>false</rebuildDisabled>
    </com.sonyericsson.rebuild.RebuildSettings>
  </properties>
  <scm class="hudson.scm.NullSCM"/>
  <canRoam>true</canRoam>
  <disabled>false</disabled>
  <blockBuildWhenDownstreamBuilding>false</blockBuildWhenDownstreamBuilding>
  <blockBuildWhenUpstreamBuilding>false</blockBuildWhenUpstreamBuilding>
  <jdk>(System)</jdk>
  <triggers>
    <hudson.triggers.TimerTrigger>
      <spec>H 3,9 * * *</spec>
    </hudson.triggers.TimerTrigger>
  </triggers>
  <concurrentBuild>false</concurrentBuild>
  <builders/>
  <publishers>
    <org.jenkinsci.plugins.rundeck.RundeckNotifier plugin="rundeck@3.6.6">
      <rundeckInstance>wsgc</rundeckInstance>
      <jobId>wsgc-ssl-expiration-report</jobId>
      <options>
      </options>
      <nodeFilters></nodeFilters>
      <tags/>
      <shouldWaitForRundeckJob>true</shouldWaitForRundeckJob>
      <shouldFailTheBuild>true</shouldFailTheBuild>
      <notifyOnAllStatus>false</notifyOnAllStatus>
      <includeRundeckLogs>true</includeRundeckLogs>
      <tailLog>true</tailLog>
      <jobUser></jobUser>
      <jobPassword>{AQAAABAAAAAQhrReHcSsgMBwHzcqQxjuSQ6MHy6H/P78SQme6SgqV+M=}</jobPassword>
      <jobToken>{AQAAABAAAAAQsJ1xdobnbUVrTLKok1Nn1+EdxZrKINoW+CG6uBxtMDw=}</jobToken>
    </org.jenkinsci.plugins.rundeck.RundeckNotifier>
    <jenkins.plugins.slack.SlackNotifier plugin="slack@2.36">
      <baseUrl></baseUrl>
      <teamDomain>williams-sonomainc</teamDomain>
      <authToken></authToken>
      <tokenCredentialId>Slack</tokenCredentialId>
      <botUser>false</botUser>
      <room>#team-esre-ecom-cert-mgmt</room>
      <sendAsText>false</sendAsText>
      <iconEmoji></iconEmoji>
      <username></username>
      <startNotification>false</startNotification>
      <notifySuccess>false</notifySuccess>
      <notifyAborted>false</notifyAborted>
      <notifyNotBuilt>false</notifyNotBuilt>
      <notifyUnstable>false</notifyUnstable>
      <notifyRegression>false</notifyRegression>
      <notifyFailure>true</notifyFailure>
      <notifyEveryFailure>true</notifyEveryFailure>
      <notifyBackToNormal>false</notifyBackToNormal>
      <notifyRepeatedFailure>false</notifyRepeatedFailure>
      <includeTestSummary>false</includeTestSummary>
      <includeFailedTests>false</includeFailedTests>
      <commitInfoChoice>NONE</commitInfoChoice>
      <includeCustomMessage>false</includeCustomMessage>
      <customMessage></customMessage>
      <customMessageSuccess></customMessageSuccess>
      <customMessageAborted></customMessageAborted>
      <customMessageNotBuilt></customMessageNotBuilt>
      <customMessageUnstable></customMessageUnstable>
      <customMessageFailure></customMessageFailure>
    </jenkins.plugins.slack.SlackNotifier>
  </publishers>
  <buildWrappers/>
</project>