{
  "include": [
    "../../common/microservice.json"
  ],
  "name": "/shop/* /.delivery/* /.aecv1/* /.static/* /m/shop/*",
  "criteria": [
    {
      "name": "hostname",
      "options": {
        "matchOperator": "IS_ONE_OF",
        "values": [
          "regression.greenrow.com"
        ]
      }
    },
    {
      "name": "path",
      "options": {
        "matchCaseSensitive": false,
        "matchOperator": "MATCHES_ONE_OF",
        "values": [
          "/account/check-verification-link.html",
          "/account/check-verification-link.html*",
          "/account/credit-account-lookup.html",
          "/account/svc/*",
          "/account/verification.html",
          "/account/verification.html*",
          "/api/order-status/*",
          "/api/registry/v1/*",
          "/appointments/*",
          "/events/*",
          "/m/account/credit-account-lookup.html",
          "/m/account/svc/*",
          "/m/appointments/*",
          "/m/events/*",
          "/m/my-design-projects/*",
          "/m/registry/",
          "/m/registry/*/gift-tracker.html",
          "/m/registry/*/registry-list.html",
          "/m/registry/*/update.html",
          "/m/registry/create-registry-sign-in.html*",
          "/m/registry/create.html*",
          "/m/registry/index.html",
          "/m/registry/registry-login.html*",
          "/m/stores*",
          "/m/tips-and-ideas/*",
          "/m/trade-signin/login.html*",
          "/my-design-projects/*",
          "/order-servicing/.info/summary.html",
          "/phygital/.info/summary.html",
          "/registry/",
          "/registry/*/gift-tracker.html",
          "/registry/*/registry-list.html",
          "/registry/*/registry-list.html*",
          "/registry/*/update.html",
          "/registry/.info/summary.html",
          "/registry/create-registry-sign-in.html*",
          "/registry/create.html*",
          "/registry/index.html",
          "/registry/registry-login.html*",
          "/stores*",
          "/stores-pb/*",
          "/stores-pk/*",
          "/stores-pt/*",
          "/style-quiz/*",
          "/tips-and-ideas/*",
          "/trade-signin/login.html*"
        ],
        "exclude_common_values": [
          "/about-us/*",
          "/account/confirm-thanks.html",
          "/account/create.html",
          "/account/emailupdate/confirm-thanks.html",
          "/account/logout.html",
          "/account/updatephonenumber.html",
          "/api/user/v2/*",
          "/cc/*",
          "/checkout/issue/*",
          "/content/ecm/*",
          "/customer-service/address-change/*",
          "/customer-service/catalog-request/*",
          "/customer-service/charge-details/*",
          "/customer-service/email-preferences/*",
          "/customer-service/email-us/*",
          "/customer-service/international-email-list/*",
          "/customer-service/intl-order-tracking/*",
          "/customer-service/mailing-options/*",
          "/index.html",
          "/internationalcheckout/*",
          "/m/about-us/*",
          "/m/account/confirm-thanks.html",
          "/m/account/create.html",
          "/m/account/landing.html",
          "/m/account/logout.html",
          "/m/cc/*",
          "/m/checkout/issue/*",
          "/m/customer-service/address-change/*",
          "/m/customer-service/catalog-request/*",
          "/m/customer-service/email-preferences/*",
          "/m/customer-service/email-us/*",
          "/m/customer-service/international-email-list/*",
          "/m/customer-service/intl-order-tracking/*",
          "/m/customer-service/mailing-options/*",
          "/m/index.html",
          "/m/recommendations/*",
          "/m/resources/*",
          "/m/room/*",
          "/m/room/shop-by-room/*",
          "/m/thekey/*",
          "/m/trade-signin/*",
          "/order-servicing/*",
          "/pages/homepage-test/",
          "/pages/kids/",
          "/recommendations/*",
          "/resources/*",
          "/room/*",
          "/room/shop-by-room/*",
          "/sitemap.html",
          "/thekey/*",
          "/trade-signin/*"
        ]
      }
    },
    {
      "name": "path",
      "options": {
        "matchCaseSensitive": false,
        "matchOperator": "DOES_NOT_MATCH_ONE_OF",
        "values": [
          "/m/products/getDeliveryInformation.json",
          "/m/products/getPostalCodeCookie.json"
        ],
        "exclude_common_values": [
          "/customer-service/coreemail.html",
          "/m/pages/xbrand-landing/",
          "/m/pages/xbrand-rows/",
          "/pages/xbrand-landing/",
          "/pages/xbrand-rows/",
          "/products/*/minipip.html",
          "/products/*/pip-print.html",
          "/products/*/quicklook.html"
        ]
      }
    }
  ],
  "behaviors": [
    {
      "name": "origin",
      "options": {
        "hostname": "qa.origin-svc.greenrow.com"
      }
    },
    {
      "name": "rewriteUrl",
      "options": {
        "behavior": "PREPEND",
        "keepQueryString": true,
        "targetPathPrepend": "/rgs1.greenrow.com/"
      }
    }
  ]
}