<?xml version="1.0" encoding="UTF-8"?>
<project>

  <node name="pb-capreprd-sac1v" description="pottery barn  frontend preprd sacramento node" tags="frontend,pb,capreprd,capreprdsac" hostname="dpasac-vpcn013" osArch="amd64" osFamily="unix" osName="Linux" osVersion="3.10.0-1127.13.1.el7" username="imageuser"/>
  <node name="pk-capreprd-sac1v" description="pottery barn kids  frontend preprd sacramento node" tags="frontend,pk,capreprd,capreprdsac" hostname="dpasac-vpcn014" osArch="amd64" osFamily="unix" osName="Linux" osVersion="3.10.0-1127.13.1.el7" username="imageuser"/>
  <node name="pt-capreprd-sac1v" description="pottery barn teen  frontend preprd sacramento node" tags="frontend,pt,capreprd,capreprdsac" hostname="dpasac-vpcn017" osArch="amd64" osFamily="unix" osName="Linux" osVersion="3.10.0-1127.13.1.el7" username="imageuser"/>
  <node name="we-capreprd-sac1v" description="west elm frontend preprd sacramento node" tags="frontend,we,capreprd,capreprdsac" hostname="dpasac-vpcn015" osArch="amd64" osFamily="unix" osName="Linux" osVersion="3.10.0-1127.13.1.el7" username="imageuser"/>
  <node name="ws-capreprd-sac1v" description="williams sonoma frontend preprd sacramento node" tags="frontend,ws,capreprd,capreprdsac" hostname="dpasac-vpcn016" osArch="amd64" osFamily="unix" osName="Linux" osVersion="3.10.0-1127.13.1.el7" username="imageuser"/>
  <node name="mg-capreprd-sac1v" description="mark and graham frontend preprd sacramento node" tags="frontend,mg,capreprd,capreprdsac" hostname="dpasac-vpcn032" osArch="amd64" osFamily="unix" osName="Linux" osVersion="3.10.0-1127.13.1.el7" username="imageuser"/>
  <node name="rj-capreprd-sac1v" description="rejuvenation frontend preprd sacramento node" tags="frontend,rj,capreprd,capreprdsac" hostname="dpasac-vpcn027" osArch="amd64" osFamily="unix" osName="Linux" osVersion="3.10.0-1127.13.1.el7" username="imageuser"/>

  <node name="pb-capreprd-ab1v" description="pottery barn frontend preprd ashburn node" tags="frontend,pb,capreprd,capreprdab" hostname="dpaash-vpcn013" osArch="amd64" osFamily="unix" osName="Linux" osVersion="3.10.0-1160.42.2.el7.x86_64" username="imageuser"/>
  <node name="pk-capreprd-ab1v" description="pottery barn kids frontend preprd ashburn node" tags="frontend,pk,capreprd,capreprdab" hostname="dpaash-vpcn016" osArch="amd64" osFamily="unix" osName="Linux" osVersion="3.10.0-1160.42.2.el7.x86_64" username="imageuser"/>
  <node name="pt-capreprd-ab1v" description="pottery barn kids frontend preprd ashburn node" tags="frontend,pt,capreprd,capreprdab" hostname="dpaash-vpcn017" osArch="amd64" osFamily="unix" osName="Linux" osVersion="3.10.0-1160.42.2.el7.x86_64" username="imageuser"/>
  <node name="we-capreprd-ab1v" description="west elm frontend preprd ashburn node" tags="frontend,we,capreprd,capreprdab" hostname="dpaash-vpcn014" osArch="amd64" osFamily="unix" osName="Linux" osVersion="3.10.0-1160.42.2.el7.x86_64" username="imageuser"/>
  <node name="ws-capreprd-ab1v" description="williams sonoma frontend preprd ashburn node" tags="frontend,ws,capreprd,capreprdab" hostname="dpaash-vpcn015" osArch="amd64" osFamily="unix" osName="Linux" osVersion="3.10.0-1160.42.2.el7.x86_64" username="imageuser"/>
  <node name="mg-capreprd-ab1v" description="mark and graham frontend preprd ashburn node" tags="frontend,mg,capreprd,capreprdab" hostname="dpaash-vpcn040" osArch="amd64" osFamily="unix" osName="Linux" osVersion="3.10.0-1160.42.2.el7.x86_64" username="imageuser"/>
  <node name="rj-capreprd-ab1v" description="rejuvenation frontend preprd ashburn node" tags="frontend,rj,capreprd,capreprdab" hostname="dpaash-vpcn035" osArch="amd64" osFamily="unix" osName="Linux" osVersion="3.10.0-1160.42.2.el7.x86_64" username="imageuser"/>


</project>

