{
  "include": [
    "../../common/microservice.json"
  ],
  "name": "/shop/* /.delivery/* /.aecv1/*",
  "criteria": [
    {
      "name": "hostname",
      "options": {
        "matchOperator": "IS_ONE_OF",
        "values": [
          "www.uat.potterybarn.com"
        ]
      }
    },
    {
      "name": "path",
      "options": {
        "matchCaseSensitive": false,
        "matchOperator": "MATCHES_ONE_OF",
        "values": [
          "/.static/ecmcontent/*",
          "/account/check-verification-link.html*",
          "/account/verification.html*",
          "/phygital/.info/summary.html"
        ],
        "exclude_common_values": [
          "/account/",
          "/account/.info/summary.html",
          "/account/addressbook.html",
          "/account/addressbook/",
          "/account/confirm.html",
          "/account/creditcard.html",
          "/account/creditcard/",
          "/account/creditcard/create.html",
          "/account/forgotpassword.html",
          "/account/forgotpassword/confirm.html",
          "/account/forgotpassword/passwordUpdatethanks.html",
          "/account/index.html",
          "/account/keyrewards.html",
          "/account/login-attempts.html",
          "/account/login.html",
          "/account/migrationStatus.html",
          "/account/passwordRequirementsChange.html",
          "/account/recipe-box/",
          "/account/svc*",
          "/account/updateaccount.html",
          "/account/updateemail.html",
          "/account/updatename.html",
          "/account/updatepassword.html",
          "/api/designer/v1/*",
          "/api/geo/v1/*",
          "/api/loyalty/v1/*",
          "/api/order-status/v1/*",
          "/api/registry/*",
          "/design-services/*",
          "/m/account/",
          "/m/account/addressbook.html",
          "/m/account/addressbook/",
          "/m/account/confirm.html",
          "/m/account/creditcard.html",
          "/m/account/creditcard/",
          "/m/account/creditcard/create.html",
          "/m/account/forgotpassword.html",
          "/m/account/forgotpassword/confirm.html",
          "/m/account/forgotpassword/passwordUpdatethanks.html",
          "/m/account/index.html",
          "/m/account/keyrewards.html",
          "/m/account/landing.html",
          "/m/account/login-attempts.html",
          "/m/account/login.html",
          "/m/account/migrationStatus.html",
          "/m/account/passwordRequirementsChange.html",
          "/m/account/recipe-box/",
          "/m/account/svc*",
          "/m/account/updateaccount.html",
          "/m/account/updateemail.html",
          "/m/account/updatename.html",
          "/m/account/updatepassword.html",
          "/m/registry/",
          "/m/registry/*/gift-tracker.html",
          "/m/registry/*/registry-checklist.html",
          "/m/registry/*/registry-list.html*",
          "/m/registry/*/update.html",
          "/m/registry/account-linking-search.html",
          "/m/registry/create-registry-sign-in.html",
          "/m/registry/create.html",
          "/m/registry/find-registry.html",
          "/m/registry/find.html",
          "/m/registry/index.html",
          "/m/registry/registry-login.html",
          "/m/registry/search-registry.html",
          "/m/stores/*",
          "/m/thekey/*",
          "/my-design-projects/.api/*",
          "/order-servicing/*",
          "/pages/st-jude/",
          "/registry/",
          "/registry/*/gift-tracker.html",
          "/registry/*/registry-checklist.html",
          "/registry/*/registry-list.html*",
          "/registry/*/update.html",
          "/registry/account-linking-search.html",
          "/registry/create-registry-sign-in.html",
          "/registry/create.html",
          "/registry/find-registry.html",
          "/registry/find.html",
          "/registry/index.html",
          "/registry/registry-login.html",
          "/registry/search-registry.html",
          "/shopping/*",
          "/stores-pb/*",
          "/stores-pk/*",
          "/stores-pt/*",
          "/stores/*",
          "/thekey/*"
        ]
      }
    },
    {
      "name": "path",
      "options": {
        "matchCaseSensitive": false,
        "matchOperator": "DOES_NOT_MATCH_ONE_OF",
        "values": [],
        "exclude_common_values": [
          "/account/not-me.html",
          "/authenticate.html",
          "/customer-service/coreemail.html",
          "/customer-service/popup/communication-preferences.html*",
          "/customer-service/shipping-info.html",
          "/customer-service/shipping-info/",
          "/customer-service/show-join-email.jsonp",
          "/favorites/items/index.json",
          "/m/authenticate.html",
          "/m/customer-service/confirm-mobile-email-signup.html*",
          "/m/customer-service/shipping-info/",
          "/m/pages/xbrand-landing/",
          "/m/pages/xbrand-rows/*",
          "/m/products/*/quicklook.json",
          "/m/products/getScene7Url.json",
          "/pages/fragments/*",
          "/pages/overlay/*",
          "/pages/popups/*",
          "/pages/xbrand-landing/",
          "/pages/xbrand-rows/*",
          "/products/*/email-a-friend-preview.html",
          "/products/*/email-a-friend.html",
          "/products/*/minipip.html",
          "/products/*/pip-print.html",
          "/products/*/quicklook.html",
          "/products/*/quicklook.json",
          "/products/*/request-swatches.html",
          "/products/getDeliveryInformation.json",
          "/products/getPostalCodeCookie.json",
          "/products/getScene7Url.json",
          "/trade-signin/shopnow.html"
        ]
      }
    }
  ],
  "behaviors": [
    {
      "name": "origin",
      "options": {
        "hostname": "uat.origin-svc.potterybarn.com"
      }
    },
    {
      "name": "rewriteUrl",
      "options": {
        "behavior": "PREPEND",
        "keepQueryString": true,
        "targetPathPrepend": "/uat1.potterybarn.com/"
      }
    }
  ]
}