<?xml version="1.0" encoding="UTF-8"?>
<project>
  <node name="mg-preprd2-1v" description="mark and graham frontend preprd2 ashburn node" tags="frontend,mg,preprd2,preprdab" hostname="efeash-vpcn013" osArch="amd64" osFamily="unix" osName="Linux" osVersion="3.10.0-1127.13.1.el7" username="imageuser"/>

  <node name="mg-preprd-ab2v" description="mark and graham frontend preprd ashburn node" tags="frontend,mg,preprd,preprdab" hostname="efeash-vpcn013" osArch="amd64" osFamily="unix" osName="Linux" osVersion="3.10.0-1127.13.1.el7" username="imageuser"/>
  <node name="mg-preprd-rk2v" description="mark and graham frontend preprd rocklin node" tags="frontend,mg,preprd,preprdrk" hostname="eferck-vpcn013" osArch="amd64" osFamily="unix" osName="Linux" osVersion="3.10.0-1127.13.1.el7" username="imageuser"/>

  <node name="efeash-vpcn034" description="mark and graham frontend preprd ashburn node" tags="" hostname="efeash-vpcn034" osArch="amd64" osFamily="unix" osName="Linux" osVersion="3.10.0-957.21.3.el7" username="imageuser"/>
  <node name="eferck-vpcn055" description="mark and graham frontend preprd rocklin node" tags="" hostname="eferck-vpcn055" osArch="amd64" osFamily="unix" osName="Linux" osVersion="3.10.0-957.21.3.el7" username="imageuser"/>

  <node name="pb-preprd-ab2v" description="pottery barn frontend preprd ashburn node" tags="frontend,pb,preprd,preprdab" hostname="efeash-vpcn073" osArch="amd64" osFamily="unix" osName="Linux" osVersion="3.10.0-1127.19.1.el7" username="imageuser"/>
  <node name="pb-preprd-rk2v" description="pottery barn frontend preprd rocklin node" tags="frontend,pb,preprd,preprdrk" hostname="eferck-vpcn036" osArch="amd64" osFamily="unix" osName="Linux" osVersion="3.10.0-1127.18.2.el7" username="imageuser"/>

  <node name="pk-preprd-ab2v" description="pottery barn kids frontend preprd ashburn node" tags="frontend,pk,preprd,preprdab" hostname="efeash-vpcn028" osArch="amd64" osFamily="unix" osName="Linux" osVersion="3.10.0-1127.13.1.el7" username="imageuser"/>
  <node name="pk-preprd-rk2v" description="pottery barn kids frontend preprd rocklin node" tags="frontend,pk,preprd,preprdrk" hostname="eferck-vpcn028" osArch="amd64" osFamily="unix" osName="Linux" osVersion="3.10.0-1127.13.1.el7" username="imageuser"/>

  <node name="pt-preprd-ab2v" description="pottery barn teen frontend preprd ashburn node" tags="frontend,pt,preprd,preprdab" hostname="efeash-vpcn002" osArch="amd64" osFamily="unix" osName="Linux" osVersion="3.10.0-1127.13.1.el7" username="imageuser"/>
  <node name="pt-preprd-rk2v" description="pottery barn teen frontend preprd rocklin node" tags="frontend,pt,preprd,preprdrk" hostname="eferck-vpcn002" osArch="amd64" osFamily="unix" osName="Linux" osVersion="3.10.0-1127.13.1.el7" username="imageuser"/>

  <node name="rj-preprd-ab1v" description="rejuvenation frontend preprd ashburn node" tags="frontend,rj,preprd,preprdab" hostname="dpaash-vpcn025" osArch="amd64" osFamily="unix" osName="Linux" osVersion="2.6.18-274.7.1.el5" username="imageuser"/>
  <node name="rj-preprd-ab2v" description="rejuvenation frontend preprd ashburn node" tags="frontend,rj,preprd,preprdab" hostname="dpaash-vpcn022" osArch="amd64" osFamily="unix" osName="Linux" osVersion="2.6.18-274.7.1.el5" username="imageuser"/>

  <node name="rj-preprd-rk1v" description="rejuvenation frontend preprd rocklin node" tags="frontend,rj,preprd,preprdrk" hostname="dparck-vpcn005" osArch="amd64" osFamily="unix" osName="Linux" osVersion="2.6.18-274.7.1.el5" username="imageuser"/>
  <node name="rj-preprd-rk2v" description="rejuvenation frontend preprd rocklin node" tags="frontend,rj,preprd,preprdrk" hostname="dparck-vpcn002" osArch="amd64" osFamily="unix" osName="Linux" osVersion="2.6.18-274.7.1.el5" username="imageuser"/>
  
  <node name="gr-preprd-rk1v" description="greenrow frontend preprd rocklin node" tags="frontend,gr,preprd,preprdrk" hostname="dpasac-vpcn021" osArch="amd64" osFamily="unix" osName="Linux" osVersion="3.10.0-1127.13.1.el7" username="imageuser"/>
  <node name="gr-preprd-rk2v" description="greenrow frontend preprd rocklin node" tags="frontend,gr,preprd,preprdrk" hostname="dpasac-vpcn022" osArch="amd64" osFamily="unix" osName="Linux" osVersion="3.10.0-1127.13.1.el7" username="imageuser"/>
  
  <node name="gr-preprd-ab1v" description="greenrow frontend preprd ashburn node" tags="frontend,gr,preprd,preprdab" hostname="dpaash-vpcn029" osArch="amd64" osFamily="unix" osName="Linux" osVersion="3.10.0-1127.13.1.el7" username="imageuser"/>
  <node name="gr-preprd-ab2v" description="greenrow frontend preprd ashburn node" tags="frontend,gr,preprd,preprdab" hostname="dpaash-vpcn030" osArch="amd64" osFamily="unix" osName="Linux" osVersion="3.10.0-1127.13.1.el7" username="imageuser"/>

  <node name="we-preprd-ab2v" description="west elm frontend preprd ashburn node" tags="frontend,we,preprd,preprdab" hostname="efeash-vpcn089" osArch="amd64" osFamily="unix" osName="Linux" osVersion="3.10.0-1127.19.1.el7" username="imageuser"/>
  <node name="we-preprd-rk2v" description="west elm frontend preprd rocklin node" tags="frontend,we,preprd,preprdrk" hostname="eferck-vpcn044" osArch="amd64" osFamily="unix" osName="Linux" osVersion="3.10.0-1127.18.2.el7" username="imageuser"/>

  <node name="ws-preprd-ab2v" description="williams sonoma frontend preprd ashburn node" tags="frontend,ws,preprd,preprdab" hostname="efeash-vpcn018" osArch="amd64" osFamily="unix" osName="Linux" osVersion="3.10.0-1127.13.1.el7" username="imageuser"/>
  <node name="ws-preprd-rk2v" description="williams sonoma frontend preprd rocklin node" tags="frontend,ws,preprd,preprdrk" hostname="eferck-vpcn018" osArch="amd64" osFamily="unix" osName="Linux" osVersion="3.10.0-1127.13.1.el7" username="imageuser"/>

  <node name="pb-catalog-service-preprd-sac1v" description="catalog preprd node" tags="catalog,preprd,preprdsac" hostname="catsac-vpcn011" osArch="amd64" osFamily="unix" osName="Linux" osVersion="3.10.0-1160.42.2.el7.x86_64" username="imageuser" sudo-command-enabled="true" sudo-fail-on-prompt-timeout="false"/>
  <node name="pb-catalog-service-preprd-ab1v" description="catalog preprd node" tags="catalog,preprd,preprdab" hostname="catash-vpcn001" osArch="amd64" osFamily="unix" osName="Linux" osVersion="3.10.0-1160.42.2.el7.x86_64" username="imageuser" sudo-command-enabled="true" sudo-fail-on-prompt-timeout="false"/>

</project>
