<?xml version="1.0" encoding="UTF-8"?>
<project>
    <node name="invadj-uat-rk1v" description="inventory adjustment server in uat" tags="invent-adjustment,uat,app" hostname="invadj-uat-rk1v" osArch="amd64" osFamily="unix" osName="Linux" osVersion="2.6.18-274.7.1.el5"  username="imageuser" sudo-command-enabled="true" sudo-fail-on-prompt-timeout="false"/>

    <!-- legacy DAM nodes -->
    <node name="damqark1p" description="Rundeck server node" hostname="damqark1p" tags="dam,qa" osArch="amd64" osFamily="unix" osName="Linux" osVersion="3.10.0-862.3.2.el7" username="imageuser" sudo-command-enabled="true" sudo-fail-on-prompt-timeout="false" />
    <node name="damdevrk1p" description="Rundeck server node" hostname="damdevrk1p" tags="dam,dev" osArch="amd64" osFamily="unix" osName="Linux" osVersion="3.10.0-862.3.2.el7" username="imageuser" sudo-command-enabled="true" sudo-fail-on-prompt-timeout="false" />

    <!-- AEM nodes -->
    
    <node name="edam-dev-rk1v" description="Rundeck server node" hostname="aemrck-vdcn001" tags="edam-dev-rk1v,osm,edam,aem,rck,dev,dev1,nonprd, primary-mg,primary-we,primary-rj,east,we" osArch="amd64" osFamily="aemrck-vdcn001unix" osName="Linux" osVersion="3.10.0-862.3.2.el7" username="imageuser" sudo-command-enabled="true" sudo-fail-on-prompt-timeout="false" />
    
    <node name="edam-dev-rk2v" description="Rundeck server node" hostname="aemrck-vdcn002" tags="edam-dev-rk2v,osm,edam,aem,rck,dev,dev2,nonprd, primary-pb,primary-ws,west" osArch="amd64" osFamily="unix" osName="Linux" osVersion="3.10.0-862.3.2.el7" username="imageuser" sudo-command-enabled="true" sudo-fail-on-prompt-timeout="false" />

    <node name="aemrck-vicn018" description="Rundeck server node" hostname="aemrck-vicn018" tags="edam-qa-we-rk1v-osm,edam-qa-east-rk1v-osm" osArch="amd64" osFamily="unix" osName="Linux" osVersion="3.10.0-862.3.2.el7" username="imageuser" sudo-command-enabled="true" sudo-fail-on-prompt-timeout="false" />

    <node name="aemrck-vicn020" description="Rundeck server node" hostname="aemrck-vicn020" tags="edam-qa-west-rk1v-osm" osArch="amd64" osFamily="unix" osName="Linux" osVersion="3.10.0-862.3.2.el7" username="imageuser" sudo-command-enabled="true" sudo-fail-on-prompt-timeout="false" />

    <node name="edam-qa-rk1v" description="Rundeck server node" hostname="aemrck-vicn001" tags="edam-qa-rk1v,osm,edam,aem,rck,qa,qa1,nonprd, primary-mg,primary-we,primary-rj,east,we" osArch="amd64" osFamily="unix" osName="Linux" osVersion="3.10.0-862.3.2.el7" username="imageuser" sudo-command-enabled="true" sudo-fail-on-prompt-timeout="false" />

    <node name="edam-qa-rk2v" description="Rundeck server node" hostname="aemrck-vicn002" tags="edam-qa-rk2v,osm,edam,aem,rck,qa,qa2,nonprd, primary-pb,primary-ws,west" osArch="amd64" osFamily="unix" osName="Linux" osVersion="3.10.0-862.3.2.el7" username="imageuser" sudo-command-enabled="true" sudo-fail-on-prompt-timeout="false" />

    <node name="edam-rgs-rk1v" description="Rundeck server node" hostname="aemrck-vicn003" tags="edam-rgs-rk1v,osm,edam,aem,rck,rgs,rgs1,nonprd, primary-mg,primary-we,primary-rj,east,we,regression" osArch="amd64" osFamily="unix" osName="Linux" osVersion="3.10.0-1127.19.1.el7" username="imageuser" sudo-command-enabled="true" sudo-fail-on-prompt-timeout="false" />

    <node name="edam-rgs-rk2v" description="Rundeck server node" hostname="aemrck-vicn004" tags="edam-rgs-rk2v,osm,edam,aem,rck,rgs,rgs2,nonprd, primary-pb,primary-ws,west,regression" osArch="amd64" osFamily="unix" osName="Linux" osVersion="3.10.0-1127.19.1.el7" username="imageuser" sudo-command-enabled="true" sudo-fail-on-prompt-timeout="false" />

    <node name="edam-perf-ab1v" description="Rundeck server node" hostname="aemash-vicn006" tags="edam-perf-ab1v,osm,edam,aem,ash,perf,perf1,nonprd,primary-mg,primary-we,primary-rj,east,performance,we" osArch="amd64" osFamily="unix" osName="Linux" osVersion="3.10.0-1127.19.1.el7" username="imageuser" sudo-command-enabled="true" sudo-fail-on-prompt-timeout="false" />

    <node name="edam-perf-sac1v" description="Rundeck server node" hostname="aemsac-vicn002" tags="edam-perf-sac1v,osm,edam,aem,sac,perf,perf2,nonprd,primary-pb,primary-ws,west,performance" osArch="amd64" osFamily="unix" osName="Linux" osVersion="3.10.0-1127.19.1.el7" username="imageuser" sudo-command-enabled="true" sudo-fail-on-prompt-timeout="false" />

    <node name="edam-uat-ab1v" description="Rundeck server node" hostname="aemash-vicn001" tags="edam-uat-ab1v,osm,edam,aem,ash,uat,uat1,nonprd, primary-mg,primary-we,primary-rj,east,we" osArch="amd64" osFamily="unix" osName="Linux" osVersion="3.10.0-862.3.2.el7" username="imageuser" sudo-command-enabled="true" sudo-fail-on-prompt-timeout="false" />

    <node name="edam-uat-sac1v" description="Rundeck server node" hostname="aemsac-vicn001" tags="edam-uat-sac1v,osm,edam,aem,sac,uat,uat2,nonprd, primary-pb,primary-ws,west" osArch="amd64" osFamily="unix" osName="Linux" osVersion="3.10.0-862.3.2.el7" username="imageuser" sudo-command-enabled="true" sudo-fail-on-prompt-timeout="false" />

   <!-- AES nodes -->
    <node name="aesrck-vicn002" description="Rundeck server node" tags="aes,perf,pb" hostname="aesrck-vicn002" osArch="amd64" osFamily="unix" osName="Linux" osVersion="3.10.0-957.21.2.el7" username="imageuser" sudo-command-enabled="true" sudo-fail-on-prompt-timeout="false"/>
    <node name="aesrck-vicn009" description="Rundeck server node" tags="aes,ca-perf,pb" hostname="aesrck-vicn009" osArch="amd64" osFamily="unix" osName="Linux" osVersion="3.10.0-957.21.2.el7" username="imageuser" sudo-command-enabled="true" sudo-fail-on-prompt-timeout="false"/>
    <node name="aesrck-vicn010" description="Rundeck server node" tags="aes,rgs2,pb" hostname="aesrck-vicn010" osArch="amd64" osFamily="unix" osName="Linux" osVersion="3.10.0-957.21.2.el7" username="imageuser" sudo-command-enabled="true" sudo-fail-on-prompt-timeout="false"/>
    <node name="aesrck-vicn011" description="Rundeck server node" tags="aes,ca-rgs2,pb" hostname="aesrck-vicn011" osArch="amd64" osFamily="unix" osName="Linux" osVersion="3.10.0-957.21.2.el7" username="imageuser" sudo-command-enabled="true" sudo-fail-on-prompt-timeout="false"/>
    <node name="aesrck-vicn012" description="Rundeck server node" tags="aes,uat,pb" hostname="aesrck-vicn012" osArch="amd64" osFamily="unix" osName="Linux" osVersion="3.10.0-957.21.2.el7" username="imageuser" sudo-command-enabled="true" sudo-fail-on-prompt-timeout="false"/>
    <node name="aesrck-vicn013" description="Rundeck server node" tags="aes,ca-uat,pb" hostname="aesrck-vicn013" osArch="amd64" osFamily="unix" osName="Linux" osVersion="3.10.0-957.21.2.el7" username="imageuser" sudo-command-enabled="true" sudo-fail-on-prompt-timeout="false"/>

        <!-- CATALOG nodes -->
    <node name="pb-catalog-service-uat1-rk1v" description="Rundeck server node" tags="catalog,uat1,pb" hostname="catrck-vicn005" osArch="amd64" osFamily="unix" osName="Linux" osVersion="3.10.0-957.21.2.el7" username="imageuser" sudo-command-enabled="true" sudo-fail-on-prompt-timeout="false"/>
    <node name="pb-catalog-service-uat2-rk1v" description="Rundeck server node" tags="catalog,uat2,pb" hostname="catrck-vicn006" osArch="amd64" osFamily="unix" osName="Linux" osVersion="3.10.0-957.21.2.el7" username="imageuser" sudo-command-enabled="true" sudo-fail-on-prompt-timeout="false"/>
    <node name="pb-catalog-service-uat3-rk1v" description="Rundeck server node" tags="catalog,uat3,pb" hostname="catrck-vicn007" osArch="amd64" osFamily="unix" osName="Linux" osVersion="3.10.0-957.21.2.el7" username="imageuser" sudo-command-enabled="true" sudo-fail-on-prompt-timeout="false"/>

</project>
