"Type","Label","Man.","Input","Temp Capable","Status","IP Address","Model","Temp","Application Version","Serial Number","Hostname"
"Transfer Switch","DENH101CM01ATS1 (10.169.15.153)","APC","120","No","Normal","10.169.15.153","AP7750A","No","v3.9.3","5A1606T92837","denh101cm01ats1.wsgc.com"
"Transfer Switch","DENH101MD01ATS1 (10.169.15.152)","APC","120","No","Normal","10.169.15.152","AP7750A","No","v3.9.3","5A1606T92830","denh101md01ats1.wsgc.com"
"UPS","DENH101CM01UPS01 (10.169.15.154)","APC","120","No","Normal","10.169.15.154","Smart-UPS RT 1500 XL","No","v7.0.8","AS1606190225","denh101cm01ups01.wsgc.com"
"UPS","DENH101MD01UPS1 (10.169.15.151)","APC","120","Yes","Normal","10.169.15.151","Smart-UPS RT 3000 XL","Yes","v7.0.8","AS1606191732","denh101md01ups1.wsgc.com"
