<?xml version='1.0' encoding='UTF-8'?>
<maven2-moduleset plugin="maven-plugin@2.7.1">
  <actions/>
  <description></description>
  <keepDependencies>false</keepDependencies>
  <properties>
    <hudson.plugins.buildblocker.BuildBlockerProperty plugin="build-blocker-plugin@1.7.2">
      <useBuildBlocker>false</useBuildBlocker>
      <blockLevel>GLOBAL</blockLevel>
      <scanQueueFor>DISABLED</scanQueueFor>
      <blockingJobs></blockingJobs>
    </hudson.plugins.buildblocker.BuildBlockerProperty>
    <jenkins.model.BuildDiscarderProperty>
      <strategy class="hudson.tasks.LogRotator">
        <daysToKeep>5</daysToKeep>
        <numToKeep>20</numToKeep>
        <artifactDaysToKeep>-1</artifactDaysToKeep>
        <artifactNumToKeep>-1</artifactNumToKeep>
      </strategy>
    </jenkins.model.BuildDiscarderProperty>
    <hudson.model.ParametersDefinitionProperty>
      <parameterDefinitions>
        <hudson.model.StringParameterDefinition>
          <name>WSGC_SCHEMA</name>
          <description></description>
          <defaultValue>r1_app_owner</defaultValue>
        </hudson.model.StringParameterDefinition>
        <hudson.model.StringParameterDefinition>
          <name>WSGC_DATABASE</name>
          <description></description>
          <defaultValue>webqa1</defaultValue>
        </hudson.model.StringParameterDefinition>
      </parameterDefinitions>
    </hudson.model.ParametersDefinitionProperty>
  </properties>
  <scm class="hudson.scm.SubversionSCM" plugin="subversion@2.5.4">
    <locations>
      <hudson.scm.SubversionSCM_-ModuleLocation>
        <remote>https://repos.wsgc.com/svn/devops/packaging/wsgc-appsettings-configuration/trunk</remote>
        <credentialsId>bb7f2475-307d-46ae-bf2c-87791001d4a7</credentialsId>
        <local>.</local>
        <depthOption>infinity</depthOption>
        <ignoreExternalsOption>false</ignoreExternalsOption>
      </hudson.scm.SubversionSCM_-ModuleLocation>
    </locations>
    <excludedRegions></excludedRegions>
    <includedRegions></includedRegions>
    <excludedUsers></excludedUsers>
    <excludedRevprop></excludedRevprop>
    <excludedCommitMessages></excludedCommitMessages>
    <workspaceUpdater class="hudson.scm.subversion.UpdateUpdater"/>
    <ignoreDirPropChanges>false</ignoreDirPropChanges>
    <filterChangelog>false</filterChangelog>
  </scm>
  <assignedNode>build||deploy||deploywar</assignedNode>
  <canRoam>false</canRoam>
  <disabled>false</disabled>
  <blockBuildWhenDownstreamBuilding>false</blockBuildWhenDownstreamBuilding>
  <blockBuildWhenUpstreamBuilding>false</blockBuildWhenUpstreamBuilding>
  <jdk>JDK1.8</jdk>
  <triggers/>
  <concurrentBuild>false</concurrentBuild>
  <rootModule>
    <groupId>com.wsgc.devops.appsettings.insert</groupId>
    <artifactId>wsgc-appsettings-configuration-insert-r1_app_owner</artifactId>
  </rootModule>
  <rootPOM>insert-package-sql-pom.xml</rootPOM>
  <goals>-DcommitNumber=r${SVN_REVISION} -Dwsgc.schema=${WSGC_SCHEMA}  -Dwsgc.database=${WSGC_DATABASE} clean deploy</goals>
  <mavenOpts>-Dmaven.test.failure.ignore=false</mavenOpts>
  <aggregatorStyleBuild>true</aggregatorStyleBuild>
  <incrementalBuild>false</incrementalBuild>
  <ignoreUpstremChanges>false</ignoreUpstremChanges>
  <archivingDisabled>false</archivingDisabled>
  <siteArchivingDisabled>false</siteArchivingDisabled>
  <fingerprintingDisabled>false</fingerprintingDisabled>
  <resolveDependencies>false</resolveDependencies>
  <processPlugins>false</processPlugins>
  <mavenValidationLevel>-1</mavenValidationLevel>
  <runHeadless>false</runHeadless>
  <disableTriggerDownstreamProjects>false</disableTriggerDownstreamProjects>
  <blockTriggerWhenBuilding>true</blockTriggerWhenBuilding>
  <settings class="jenkins.mvn.DefaultSettingsProvider"/>
  <globalSettings class="jenkins.mvn.DefaultGlobalSettingsProvider"/>
  <reporters/>
  <publishers>
    <org.jenkinsci.plugins.rundeck.RundeckNotifier plugin="rundeck@3.4-SNAPSHOT">
      <rundeckInstance>wsgc</rundeckInstance>
      <tailLog>true</tailLog>
      <jobId>wsgc-deploy-qa-database-appsettings-r1</jobId>
      <options>sqlUrl=https\://snapshotrepo.wsgc.com/snapshotrepo/com/wsgc/devops/appsettings/insert/wsgc-appsettings-configuration-insert-${WSGC_SCHEMA}/1.0-SNAPSHOT/wsgc-appsettings-configuration-insert-${WSGC_SCHEMA}-1.0-SNAPSHOT.sql

username=${WSGC_SCHEMA}</options>

      <nodeFilters/>
      <tag/>
      <shouldWaitForRundeckJob>true</shouldWaitForRundeckJob>
      <shouldFailTheBuild>true</shouldFailTheBuild>
      <includeRundeckLogs>true</includeRundeckLogs>
    </org.jenkinsci.plugins.rundeck.RundeckNotifier>
    <hudson.plugins.emailext.ExtendedEmailPublisher plugin="email-ext@2.40.5">
      <recipientList>$DEFAULT_RECIPIENTS</recipientList>
      <configuredTriggers>
        <hudson.plugins.emailext.plugins.trigger.FirstFailureTrigger>
          <email>
            <recipientList></recipientList>
            <subject>$PROJECT_DEFAULT_SUBJECT</subject>
            <body>$PROJECT_DEFAULT_CONTENT</body>
            <recipientProviders>
              <hudson.plugins.emailext.plugins.recipients.RequesterRecipientProvider/>
            </recipientProviders>
            <attachmentsPattern></attachmentsPattern>
            <attachBuildLog>false</attachBuildLog>
            <compressBuildLog>false</compressBuildLog>
            <replyTo>$PROJECT_DEFAULT_REPLYTO</replyTo>
            <contentType>project</contentType>
          </email>
          <failureCount>1</failureCount>
        </hudson.plugins.emailext.plugins.trigger.FirstFailureTrigger>
      </configuredTriggers>
      <contentType>default</contentType>
      <defaultSubject>$DEFAULT_SUBJECT</defaultSubject>
      <defaultContent>$DEFAULT_CONTENT</defaultContent>
      <attachmentsPattern></attachmentsPattern>
      <presendScript>$DEFAULT_PRESEND_SCRIPT</presendScript>
      <attachBuildLog>false</attachBuildLog>
      <compressBuildLog>false</compressBuildLog>
      <replyTo>$DEFAULT_REPLYTO</replyTo>
      <saveOutput>false</saveOutput>
      <disabled>false</disabled>
    </hudson.plugins.emailext.ExtendedEmailPublisher>
    <jenkins.plugins.slack.SlackNotifier plugin="slack@2.34">
      <baseUrl></baseUrl>
      <teamDomain>williams-sonomainc</teamDomain>
      <authToken></authToken>
      <tokenCredentialId>Slack</tokenCredentialId>
      <botUser>false</botUser>
      <room>#ecom-devops-notice</room>
      <sendAsText>false</sendAsText>
      <iconEmoji></iconEmoji>
      <username></username>
      <startNotification>false</startNotification>
      <notifySuccess>false</notifySuccess>
      <notifyAborted>true</notifyAborted>
      <notifyNotBuilt>true</notifyNotBuilt>
      <notifyUnstable>false</notifyUnstable>
      <notifyRegression>false</notifyRegression>
      <notifyFailure>false</notifyFailure>
      <notifyEveryFailure>true</notifyEveryFailure>
      <notifyBackToNormal>false</notifyBackToNormal>
      <notifyRepeatedFailure>false</notifyRepeatedFailure>
      <includeTestSummary>false</includeTestSummary>
      <includeFailedTests>false</includeFailedTests>
      <commitInfoChoice>NONE</commitInfoChoice>
      <includeCustomMessage>false</includeCustomMessage>
      <customMessage></customMessage>
      <customMessageSuccess></customMessageSuccess>
      <customMessageAborted></customMessageAborted>
      <customMessageNotBuilt></customMessageNotBuilt>
      <customMessageUnstable></customMessageUnstable>
      <customMessageFailure></customMessageFailure>
    </jenkins.plugins.slack.SlackNotifier>
  </publishers>
  <buildWrappers>
    <org.jenkinsci.plugins.builduser.BuildUser plugin="build-user-vars-plugin@1.4"/>
  </buildWrappers>
  <prebuilders/>
  <postbuilders/>
  <runPostStepsIfResult>
    <name>FAILURE</name>
    <ordinal>2</ordinal>
    <color>RED</color>
    <completeBuild>true</completeBuild>
  </runPostStepsIfResult>
</maven2-moduleset>
