<?xml version="1.0" encoding="UTF-8"?>
<maven2-moduleset plugin="maven-plugin@3.4">
  <actions/>
  <description/>
  <keepDependencies>false</keepDependencies>
  <properties>
    <hudson.plugins.jira.JiraProjectProperty plugin="jira@3.0.12"/>
    <hudson.plugins.buildblocker.BuildBlockerProperty plugin="build-blocker-plugin@1.7.3">
      <useBuildBlocker>false</useBuildBlocker>
      <blockLevel>GLOBAL</blockLevel>
      <scanQueueFor>DISABLED</scanQueueFor>
      <blockingJobs/>
    </hudson.plugins.buildblocker.BuildBlockerProperty>
    <jenkins.model.BuildDiscarderProperty>
      <strategy class="hudson.tasks.LogRotator">
        <daysToKeep>5</daysToKeep>
        <numToKeep>20</numToKeep>
        <artifactDaysToKeep>-1</artifactDaysToKeep>
        <artifactNumToKeep>-1</artifactNumToKeep>
      </strategy>
    </jenkins.model.BuildDiscarderProperty>
    <com.sonyericsson.jenkins.plugins.bfa.model.ScannerJobProperty plugin="build-failure-analyzer@1.25.1">
      <doNotScan>false</doNotScan>
    </com.sonyericsson.jenkins.plugins.bfa.model.ScannerJobProperty>
    <com.chikli.hudson.plugin.naginator.NaginatorOptOutProperty plugin="naginator@1.18">
      <optOut>false</optOut>
    </com.chikli.hudson.plugin.naginator.NaginatorOptOutProperty>
    <com.sonyericsson.rebuild.RebuildSettings plugin="rebuild@1.31">
      <autoRebuild>false</autoRebuild>
      <rebuildDisabled>false</rebuildDisabled>
    </com.sonyericsson.rebuild.RebuildSettings>
    <hudson.model.ParametersDefinitionProperty>
      <parameterDefinitions>
        <hudson.model.StringParameterDefinition>
          <name>WSGC_SCHEMA</name>
          <description/>
          <defaultValue>ws_app_owner</defaultValue>
          <trim>true</trim>
        </hudson.model.StringParameterDefinition>
        <hudson.model.StringParameterDefinition>
          <name>WSGC_DATABASE</name>
          <description/>
          <defaultValue>veqa2</defaultValue>
          <trim>true</trim>
        </hudson.model.StringParameterDefinition>
        <hudson.model.StringParameterDefinition>
          <name>WSGC_SITE</name>
          <description/>
          <defaultValue>rj</defaultValue>
          <trim>true</trim>
        </hudson.model.StringParameterDefinition>
      </parameterDefinitions>
    </hudson.model.ParametersDefinitionProperty>
  </properties>
  <scm class="hudson.scm.SubversionSCM" plugin="subversion@2.13.1">
    <locations>
      <hudson.scm.SubversionSCM_-ModuleLocation>
        <remote>https://repos.wsgc.com/svn/devops/packaging/wsgc-appsettings-configuration/trunk</remote>
        <credentialsId>bb7f2475-307d-46ae-bf2c-87791001d4a7</credentialsId>
        <local>.</local>
        <depthOption>infinity</depthOption>
        <ignoreExternalsOption>false</ignoreExternalsOption>
        <cancelProcessOnExternalsFail>false</cancelProcessOnExternalsFail>
      </hudson.scm.SubversionSCM_-ModuleLocation>
    </locations>
    <excludedRegions/>
    <includedRegions>.*/appsetting-properties/schema-site/veqa2/ws_app_owner/rj/override/.*</includedRegions>
    <excludedUsers/>
    <excludedRevprop/>
    <excludedCommitMessages/>
    <workspaceUpdater class="hudson.scm.subversion.UpdateUpdater"/>
    <ignoreDirPropChanges>false</ignoreDirPropChanges>
    <filterChangelog>false</filterChangelog>
    <quietOperation>false</quietOperation>
  </scm>
  <assignedNode>appsetting</assignedNode>
  <canRoam>false</canRoam>
  <disabled>false</disabled>
  <blockBuildWhenDownstreamBuilding>false</blockBuildWhenDownstreamBuilding>
  <blockBuildWhenUpstreamBuilding>false</blockBuildWhenUpstreamBuilding>
  <jdk>JDK1.8</jdk>
  <triggers>
    <hudson.triggers.SCMTrigger>
      <spec>H/5 * * * *</spec>
      <ignorePostCommitHooks>false</ignorePostCommitHooks>
    </hudson.triggers.SCMTrigger>
  </triggers>
  <concurrentBuild>false</concurrentBuild>
  <rootModule>
    <groupId>com.wsgc.devops.appsettings</groupId>
    <artifactId>wsgc-appsettings-configuration-rj-ws_app_owner</artifactId>
  </rootModule>
  <rootPOM>package-sql-pom.xml</rootPOM>
  <goals>-DcommitNumber=r${SVN_REVISION}  -Dwsgc.site=${WSGC_SITE} -Dwsgc.schema=${WSGC_SCHEMA}  -Dwsgc.database=${WSGC_DATABASE} clean deploy</goals>
  <mavenName>Maven3</mavenName>
  <mavenOpts>-Dmaven.test.failure.ignore=false</mavenOpts>
  <aggregatorStyleBuild>true</aggregatorStyleBuild>
  <incrementalBuild>false</incrementalBuild>
  <ignoreUpstremChanges>false</ignoreUpstremChanges>
  <ignoreUnsuccessfulUpstreams>false</ignoreUnsuccessfulUpstreams>
  <archivingDisabled>false</archivingDisabled>
  <siteArchivingDisabled>false</siteArchivingDisabled>
  <fingerprintingDisabled>false</fingerprintingDisabled>
  <resolveDependencies>false</resolveDependencies>
  <processPlugins>false</processPlugins>
  <mavenValidationLevel>-1</mavenValidationLevel>
  <runHeadless>false</runHeadless>
  <disableTriggerDownstreamProjects>false</disableTriggerDownstreamProjects>
  <blockTriggerWhenBuilding>true</blockTriggerWhenBuilding>
  <settings class="jenkins.mvn.DefaultSettingsProvider"/>
  <globalSettings class="jenkins.mvn.DefaultGlobalSettingsProvider"/>
  <reporters/>
  <publishers>
    <org.jenkinsci.plugins.rundeck.RundeckNotifier plugin="rundeck@3.6.6">
      <rundeckInstance>wsgc</rundeckInstance>
      <jobId>wsgc-deploy-veqa2-database-appsettings</jobId>
      <options>sqlUrl=https\://snapshotrepo.wsgc.com/snapshotrepo/com/wsgc/devops/appsettings/wsgc-appsettings-configuration-${WSGC_SITE}-${WSGC_SCHEMA}/1.0-SNAPSHOT/wsgc-appsettings-configuration-${WSGC_SITE}-${WSGC_SCHEMA}-1.0-SNAPSHOT.sql

username=${WSGC_SCHEMA}</options>
      <nodeFilters/>
      <tags/>
      <shouldWaitForRundeckJob>true</shouldWaitForRundeckJob>
      <shouldFailTheBuild>true</shouldFailTheBuild>
      <notifyOnAllStatus>false</notifyOnAllStatus>
      <includeRundeckLogs>true</includeRundeckLogs>
      <tailLog>true</tailLog>
      <jobUser/>
      <jobPassword>{AQAAABAAAAAQfXduP2t/xnurcXxExBaRRAwH28IilEREvdBeeS8m9oI=}</jobPassword>
      <jobToken>{AQAAABAAAAAQYHElrfxc+6/bFLPG8ZRMwXHuBr2gbYw9HdkIPNp2rPI=}</jobToken>
    </org.jenkinsci.plugins.rundeck.RundeckNotifier>
    <com.chikli.hudson.plugin.naginator.NaginatorPublisher plugin="naginator@1.18">
      <regexpForRerun/>
      <rerunIfUnstable>false</rerunIfUnstable>
      <rerunMatrixPart>false</rerunMatrixPart>
      <checkRegexp>false</checkRegexp>
      <regexpForMatrixStrategy>TestParent</regexpForMatrixStrategy>
      <delay class="com.chikli.hudson.plugin.naginator.ProgressiveDelay">
        <increment>60</increment>
        <max>0</max>
      </delay>
      <maxSchedule>5</maxSchedule>
    </com.chikli.hudson.plugin.naginator.NaginatorPublisher>
    <jenkins.plugins.slack.SlackNotifier plugin="slack@2.36">
      <baseUrl/>
      <teamDomain>williams-sonomainc</teamDomain>
      <authToken/>
      <tokenCredentialId>Slack</tokenCredentialId>
      <botUser>false</botUser>
      <room>#team-ecom-mead</room>
      <sendAsText>false</sendAsText>
      <iconEmoji/>
      <username/>
      <startNotification>false</startNotification>
      <notifySuccess>false</notifySuccess>
      <notifyAborted>false</notifyAborted>
      <notifyNotBuilt>false</notifyNotBuilt>
      <notifyUnstable>false</notifyUnstable>
      <notifyRegression>false</notifyRegression>
      <notifyFailure>false</notifyFailure>
      <notifyEveryFailure>true</notifyEveryFailure>
      <notifyBackToNormal>false</notifyBackToNormal>
      <notifyRepeatedFailure>false</notifyRepeatedFailure>
      <includeTestSummary>false</includeTestSummary>
      <includeFailedTests>false</includeFailedTests>
      <commitInfoChoice>NONE</commitInfoChoice>
      <includeCustomMessage>false</includeCustomMessage>
      <customMessage/>
      <customMessageSuccess/>
      <customMessageAborted/>
      <customMessageNotBuilt/>
      <customMessageUnstable/>
      <customMessageFailure/>
    </jenkins.plugins.slack.SlackNotifier>
  </publishers>
  <buildWrappers>
    <org.jenkinsci.plugins.builduser.BuildUser plugin="build-user-vars-plugin@1.5"/>
  </buildWrappers>
  <prebuilders/>
  <postbuilders/>
  <runPostStepsIfResult>
    <name>FAILURE</name>
    <ordinal>2</ordinal>
    <color>RED</color>
    <completeBuild>true</completeBuild>
  </runPostStepsIfResult>
</maven2-moduleset>
