<?xml version="1.0" encoding="UTF-8"?>
<maven2-moduleset plugin="maven-plugin@2.0">
  <actions/>
  <description/>
  <logRotator class="hudson.tasks.LogRotator">     
    <daysToKeep>5</daysToKeep>    
    <numToKeep>20</numToKeep>    
    <artifactDaysToKeep>-1</artifactDaysToKeep>    
    <artifactNumToKeep>-1</artifactNumToKeep>    
  </logRotator>
  <keepDependencies>false</keepDependencies>
  <properties>
    <hudson.model.ParametersDefinitionProperty>
      <parameterDefinitions>
        <hudson.model.StringParameterDefinition>
          <name>WSGC_SCHEMA</name>
          <description/>
          <defaultValue>qa_app_owner</defaultValue>
        </hudson.model.StringParameterDefinition>
        <hudson.model.StringParameterDefinition>
          <name>WSGC_DATABASE</name>
          <description/>
          <defaultValue>webqa2</defaultValue>
        </hudson.model.StringParameterDefinition>
        <hudson.model.StringParameterDefinition>
          <name>WSGC_SITE</name>
          <description/>
          <defaultValue>pb</defaultValue>
        </hudson.model.StringParameterDefinition>
      </parameterDefinitions>
    </hudson.model.ParametersDefinitionProperty>
  </properties>
  <scm class="hudson.scm.SubversionSCM" plugin="subversion@2.2">
    <locations>
      <hudson.scm.SubversionSCM_-ModuleLocation>
        <remote>https://repos.wsgc.com/svn/devops/packaging/wsgc-appsettings-configuration/trunk</remote>
        <credentialsId>bb7f2475-307d-46ae-bf2c-87791001d4a7</credentialsId>
        <local>.</local>
        <depthOption>infinity</depthOption>
        <ignoreExternalsOption>false</ignoreExternalsOption>
      </hudson.scm.SubversionSCM_-ModuleLocation>
    </locations>
    <excludedRegions/>
    <includedRegions>.*/appsetting-properties/schema-site/webqa2/qa_app_owner/pb/override/.*</includedRegions>
    <excludedUsers/>
    <excludedRevprop/>
    <excludedCommitMessages/>
    <workspaceUpdater class="hudson.scm.subversion.UpdateUpdater"/>
    <ignoreDirPropChanges>false</ignoreDirPropChanges>
    <filterChangelog>false</filterChangelog>
  </scm>
  <assignedNode>build</assignedNode>
  <canRoam>false</canRoam>
  <disabled>false</disabled>
  <blockBuildWhenDownstreamBuilding>false</blockBuildWhenDownstreamBuilding>
  <blockBuildWhenUpstreamBuilding>false</blockBuildWhenUpstreamBuilding>
  <jdk>JDK1.8</jdk>
  <triggers>
    <hudson.triggers.SCMTrigger>
    <spec>H/5 * * * *</spec>
    <ignorePostCommitHooks>false</ignorePostCommitHooks>
    </hudson.triggers.SCMTrigger>
  </triggers>
  <concurrentBuild>false</concurrentBuild>
  <rootModule>
    <groupId>com.wsgc.devops.appsettings</groupId>
    <artifactId>wsgc-appsettings-configuration-pb-qa_app_owner</artifactId>
  </rootModule>
  <rootPOM>package-sql-pom.xml</rootPOM>
  <goals>-DcommitNumber=r${SVN_REVISION}  -Dwsgc.site=${WSGC_SITE} -Dwsgc.schema=${WSGC_SCHEMA}  -Dwsgc.database=${WSGC_DATABASE} clean deploy</goals>
  <mavenOpts>-Dmaven.test.failure.ignore=false</mavenOpts>
  <aggregatorStyleBuild>true</aggregatorStyleBuild>
  <incrementalBuild>false</incrementalBuild>
  <perModuleEmail>true</perModuleEmail>
  <ignoreUpstremChanges>false</ignoreUpstremChanges>
  <archivingDisabled>false</archivingDisabled>
  <resolveDependencies>false</resolveDependencies>
  <processPlugins>false</processPlugins>
  <mavenValidationLevel>-1</mavenValidationLevel>
  <runHeadless>false</runHeadless>
  <disableTriggerDownstreamProjects>false</disableTriggerDownstreamProjects>
  <settings class="jenkins.mvn.DefaultSettingsProvider"/>
  <globalSettings class="jenkins.mvn.DefaultGlobalSettingsProvider"/>
  <reporters/>
  <publishers>
    <org.jenkinsci.plugins.rundeck.RundeckNotifier plugin="rundeck@3.4-SNAPSHOT">
      <rundeckInstance>wsgc</rundeckInstance>
      <tailLog>true</tailLog>
      <jobId>wsgc-deploy-qa-database-appsettings</jobId>
      <options>sqlUrl=https\://snapshotrepo.wsgc.com/snapshotrepo/com/wsgc/devops/appsettings/wsgc-appsettings-configuration-${WSGC_SITE}-${WSGC_SCHEMA}/1.0-SNAPSHOT/wsgc-appsettings-configuration-${WSGC_SITE}-${WSGC_SCHEMA}-1.0-SNAPSHOT.sql

username=${WSGC_SCHEMA}</options>
      <nodeFilters/>
      <tag/>
      <shouldWaitForRundeckJob>true</shouldWaitForRundeckJob>
      <shouldFailTheBuild>true</shouldFailTheBuild>
      <includeRundeckLogs>true</includeRundeckLogs>
    </org.jenkinsci.plugins.rundeck.RundeckNotifier>
    <hudson.plugins.emailext.ExtendedEmailPublisher plugin="email-ext@2.31">
      <recipientList>$DEFAULT_RECIPIENTS</recipientList>
      <configuredTriggers>
        <hudson.plugins.emailext.plugins.trigger.FirstFailureTrigger>
          <email>
            <recipientList/>
            <subject>$PROJECT_DEFAULT_SUBJECT</subject>
            <body>$PROJECT_DEFAULT_CONTENT</body>
            <sendToDevelopers>false</sendToDevelopers>
            <sendToRequester>true</sendToRequester>
            <includeCulprits>false</includeCulprits>
            <sendToRecipientList>false</sendToRecipientList>
            <attachmentsPattern/>
            <attachBuildLog>false</attachBuildLog>
            <compressBuildLog>false</compressBuildLog>
            <replyTo>$PROJECT_DEFAULT_REPLYTO</replyTo>
          </email>
          <failureCount>1</failureCount>
        </hudson.plugins.emailext.plugins.trigger.FirstFailureTrigger>
      </configuredTriggers>
      <contentType>default</contentType>
      <defaultSubject>$DEFAULT_SUBJECT</defaultSubject>
      <defaultContent>$DEFAULT_CONTENT</defaultContent>
      <attachmentsPattern/>
      <presendScript/>
      <attachBuildLog>false</attachBuildLog>
      <compressBuildLog>false</compressBuildLog>
      <replyTo>$DEFAULT_REPLYTO</replyTo>
      <saveOutput>false</saveOutput>
    </hudson.plugins.emailext.ExtendedEmailPublisher>
    <com.chikli.hudson.plugin.naginator.NaginatorPublisher plugin="naginator@1.18">
      <regexpForRerun></regexpForRerun>
      <rerunIfUnstable>false</rerunIfUnstable>
      <rerunMatrixPart>false</rerunMatrixPart>
      <checkRegexp>false</checkRegexp>
      <regexpForMatrixStrategy>TestParent</regexpForMatrixStrategy>
      <delay class="com.chikli.hudson.plugin.naginator.FixedDelay">
        <delay>90</delay>
      </delay>
      <maxSchedule>2</maxSchedule>
    </com.chikli.hudson.plugin.naginator.NaginatorPublisher>
    <jenkins.plugins.slack.SlackNotifier plugin="slack@2.34">
      <baseUrl></baseUrl>
      <teamDomain>williams-sonomainc</teamDomain>
      <authToken></authToken>
      <tokenCredentialId>Slack</tokenCredentialId>
      <botUser>false</botUser>
      <room>#ecom-devops-notice</room>
      <sendAsText>false</sendAsText>
      <iconEmoji></iconEmoji>
      <username></username>
      <startNotification>false</startNotification>
      <notifySuccess>false</notifySuccess>
      <notifyAborted>true</notifyAborted>
      <notifyNotBuilt>true</notifyNotBuilt>
      <notifyUnstable>false</notifyUnstable>
      <notifyRegression>false</notifyRegression>
      <notifyFailure>false</notifyFailure>
      <notifyEveryFailure>true</notifyEveryFailure>
      <notifyBackToNormal>false</notifyBackToNormal>
      <notifyRepeatedFailure>false</notifyRepeatedFailure>
      <includeTestSummary>false</includeTestSummary>
      <includeFailedTests>false</includeFailedTests>
      <commitInfoChoice>NONE</commitInfoChoice>
      <includeCustomMessage>false</includeCustomMessage>
      <customMessage></customMessage>
      <customMessageSuccess></customMessageSuccess>
      <customMessageAborted></customMessageAborted>
      <customMessageNotBuilt></customMessageNotBuilt>
      <customMessageUnstable></customMessageUnstable>
      <customMessageFailure></customMessageFailure>
    </jenkins.plugins.slack.SlackNotifier>
  </publishers>
  <buildWrappers>
    <org.jenkinsci.plugins.builduser.BuildUser plugin="build-user-vars-plugin@1.4"/>
   </buildWrappers>
  <prebuilders/>
  <postbuilders/>
  <runPostStepsIfResult>
    <name>FAILURE</name>
    <ordinal>2</ordinal>
    <color>RED</color>
    <completeBuild>true</completeBuild>
  </runPostStepsIfResult>
</maven2-moduleset>
