<?xml version='1.0' encoding='UTF-8'?>
<project>
  <actions/>
  <description>Deploy env-settings file to rundeck</description>
  <keepDependencies>false</keepDependencies>
  <properties>
    <hudson.plugins.buildblocker.BuildBlockerProperty plugin="build-blocker-plugin@1.7.2">
      <useBuildBlocker>false</useBuildBlocker>
      <blockLevel>GLOBAL</blockLevel>
      <scanQueueFor>DISABLED</scanQueueFor>
      <blockingJobs></blockingJobs>
    </hudson.plugins.buildblocker.BuildBlockerProperty>
    <jenkins.model.BuildDiscarderProperty>
      <strategy class="hudson.tasks.LogRotator">
        <daysToKeep>1</daysToKeep>
        <numToKeep>-1</numToKeep>
        <artifactDaysToKeep>-1</artifactDaysToKeep>
        <artifactNumToKeep>-1</artifactNumToKeep>
      </strategy>
    </jenkins.model.BuildDiscarderProperty>
    <hudson.model.ParametersDefinitionProperty>
      <parameterDefinitions>
        <hudson.model.StringParameterDefinition>
          <name>ENV</name>
          <description>The environment for the Rundeck job.</description>
          <defaultValue></defaultValue>
        </hudson.model.StringParameterDefinition>
        <hudson.model.StringParameterDefinition>
          <name>BRAND</name>
          <description>The brand for the Rundeck job.</description>
          <defaultValue></defaultValue>
        </hudson.model.StringParameterDefinition>
      </parameterDefinitions>
    </hudson.model.ParametersDefinitionProperty>
  </properties>
  <scm class="hudson.scm.NullSCM"/>
  <quietPeriod>0</quietPeriod>
  <assignedNode>build</assignedNode>
  <canRoam>false</canRoam>
  <disabled>false</disabled>
  <blockBuildWhenDownstreamBuilding>false</blockBuildWhenDownstreamBuilding>
  <blockBuildWhenUpstreamBuilding>false</blockBuildWhenUpstreamBuilding>
  <jdk>(System)</jdk>
  <triggers/>
  <concurrentBuild>true</concurrentBuild>
  <builders/>
  <publishers>
    <org.jenkinsci.plugins.rundeck.RundeckNotifier plugin="rundeck@3.4-SNAPSHOT">
      <rundeckInstance>wsgc</rundeckInstance>
      <tailLog>false</tailLog>
      <jobId>6a1fbd45-ad42-4ef0-9e77-002cb65203c4</jobId>
      <options>brand=${BRAND}
        env=${ENV}</options>
      <nodeFilters></nodeFilters>
      <tag></tag>
      <shouldWaitForRundeckJob>true</shouldWaitForRundeckJob>
      <shouldFailTheBuild>true</shouldFailTheBuild>
      <includeRundeckLogs>true</includeRundeckLogs>
    </org.jenkinsci.plugins.rundeck.RundeckNotifier>
    <hudson.plugins.parameterizedtrigger.BuildTrigger plugin="parameterized-trigger@2.29">
      <configs>
        <hudson.plugins.parameterizedtrigger.BuildTriggerConfig>
          <configs>
            <hudson.plugins.parameterizedtrigger.CurrentBuildParameters/>
          </configs>
          <projects>refresh-env-settings, </projects>
          <condition>SUCCESS</condition>
          <triggerWithNoParameters>false</triggerWithNoParameters>
        </hudson.plugins.parameterizedtrigger.BuildTriggerConfig>
      </configs>
    </hudson.plugins.parameterizedtrigger.BuildTrigger>
  </publishers>
  <buildWrappers/>
</project>
