<?xml version='1.1' encoding='UTF-8'?>
<project>
  <actions/>
  <description></description>
  <keepDependencies>false</keepDependencies>
  <properties>
    <hudson.plugins.jira.JiraProjectProperty plugin="jira@3.0.8"/>
    <hudson.plugins.buildblocker.BuildBlockerProperty plugin="build-blocker-plugin@1.7.3">
      <useBuildBlocker>false</useBuildBlocker>
      <blockLevel>GLOBAL</blockLevel>
      <scanQueueFor>DISABLED</scanQueueFor>
      <blockingJobs></blockingJobs>
    </hudson.plugins.buildblocker.BuildBlockerProperty>
    <com.sonyericsson.jenkins.plugins.bfa.model.ScannerJobProperty plugin="build-failure-analyzer@1.22.0">
      <doNotScan>false</doNotScan>
    </com.sonyericsson.jenkins.plugins.bfa.model.ScannerJobProperty>
    <com.chikli.hudson.plugin.naginator.NaginatorOptOutProperty plugin="naginator@1.18">
      <optOut>false</optOut>
    </com.chikli.hudson.plugin.naginator.NaginatorOptOutProperty>
    <com.sonyericsson.rebuild.RebuildSettings plugin="rebuild@1.31">
      <autoRebuild>false</autoRebuild>
      <rebuildDisabled>false</rebuildDisabled>
    </com.sonyericsson.rebuild.RebuildSettings>
    <hudson.model.ParametersDefinitionProperty>
      <parameterDefinitions>
        <hudson.model.StringParameterDefinition>
          <name>gheOrganization</name>
          <description></description>
          <defaultValue></defaultValue>
          <trim>false</trim>
        </hudson.model.StringParameterDefinition>
        <hudson.model.StringParameterDefinition>
          <name>branch</name>
          <description></description>
          <defaultValue></defaultValue>
          <trim>false</trim>
        </hudson.model.StringParameterDefinition>
      </parameterDefinitions>
    </hudson.model.ParametersDefinitionProperty>
  </properties>
  <scm class="hudson.scm.NullSCM"/>
  <assignedNode>build</assignedNode>
  <canRoam>false</canRoam>
  <disabled>false</disabled>
  <blockBuildWhenDownstreamBuilding>false</blockBuildWhenDownstreamBuilding>
  <blockBuildWhenUpstreamBuilding>false</blockBuildWhenUpstreamBuilding>
  <jdk>JDK1.8</jdk>
  <triggers/>
  <concurrentBuild>false</concurrentBuild>
  <builders>
    <hudson.tasks.Shell>
      <command>
#!/usr/bin/env python3

# Grab the ci-tools repo and run the script to parse team org env settings files and push
# into artifactory snapshot repo

rm -rf ci-tools-tmp
git clone --depth=1 git@github.wsgc.com:eCommerce-DevOps/ci-tools.git ci-tools-tmp
cp ci-tools-tmp/env-settings/build-env-properties .
cp ci-tools-tmp/env-settings/team-env .
./build-env-properties -ghe-org ${gheOrganization} --environment ${branch} --artifactory-token ${SNAPSHOT_API_TOKEN}
rm -rf ci-tools-tmp
rm -rf team-env build-env-properties
rm -rf team-env team-env
</command>
    </hudson.tasks.Shell>
  </builders>
  <publishers>
    <hudson.plugins.parameterizedtrigger.BuildTrigger plugin="parameterized-trigger@2.35.2">
      <configs>
        <hudson.plugins.parameterizedtrigger.BuildTriggerConfig>
          <configs>
            <hudson.plugins.parameterizedtrigger.FileBuildParameters>
              <propertiesFile>vars</propertiesFile>
              <failTriggerOnMissing>true</failTriggerOnMissing>
              <textParamValueOnNewLine>false</textParamValueOnNewLine>
              <useMatrixChild>false</useMatrixChild>
              <onlyExactRuns>false</onlyExactRuns>
            </hudson.plugins.parameterizedtrigger.FileBuildParameters>
            <hudson.plugins.parameterizedtrigger.PredefinedBuildParameters>
              <properties>BRAND=mg</properties>
              <textParamValueOnNewLine>false</textParamValueOnNewLine>
            </hudson.plugins.parameterizedtrigger.PredefinedBuildParameters>
          </configs>
          <projects>deploy-env-settings</projects>
          <condition>SUCCESS</condition>
          <triggerWithNoParameters>false</triggerWithNoParameters>
          <triggerFromChildProjects>false</triggerFromChildProjects>
        </hudson.plugins.parameterizedtrigger.BuildTriggerConfig>
        <hudson.plugins.parameterizedtrigger.BuildTriggerConfig>
          <configs>
            <hudson.plugins.parameterizedtrigger.FileBuildParameters>
              <propertiesFile>vars</propertiesFile>
              <failTriggerOnMissing>false</failTriggerOnMissing>
              <textParamValueOnNewLine>false</textParamValueOnNewLine>
              <useMatrixChild>false</useMatrixChild>
              <onlyExactRuns>false</onlyExactRuns>
            </hudson.plugins.parameterizedtrigger.FileBuildParameters>
            <hudson.plugins.parameterizedtrigger.PredefinedBuildParameters>
              <properties>BRAND=pb</properties>
              <textParamValueOnNewLine>false</textParamValueOnNewLine>
            </hudson.plugins.parameterizedtrigger.PredefinedBuildParameters>
          </configs>
          <projects>deploy-env-settings</projects>
          <condition>SUCCESS</condition>
          <triggerWithNoParameters>false</triggerWithNoParameters>
          <triggerFromChildProjects>false</triggerFromChildProjects>
        </hudson.plugins.parameterizedtrigger.BuildTriggerConfig>
        <hudson.plugins.parameterizedtrigger.BuildTriggerConfig>
          <configs>
            <hudson.plugins.parameterizedtrigger.FileBuildParameters>
              <propertiesFile>vars</propertiesFile>
              <failTriggerOnMissing>false</failTriggerOnMissing>
              <textParamValueOnNewLine>false</textParamValueOnNewLine>
              <useMatrixChild>false</useMatrixChild>
              <onlyExactRuns>false</onlyExactRuns>
            </hudson.plugins.parameterizedtrigger.FileBuildParameters>
            <hudson.plugins.parameterizedtrigger.PredefinedBuildParameters>
              <properties>BRAND=pk</properties>
              <textParamValueOnNewLine>false</textParamValueOnNewLine>
            </hudson.plugins.parameterizedtrigger.PredefinedBuildParameters>
          </configs>
          <projects>deploy-env-settings</projects>
          <condition>SUCCESS</condition>
          <triggerWithNoParameters>false</triggerWithNoParameters>
          <triggerFromChildProjects>false</triggerFromChildProjects>
        </hudson.plugins.parameterizedtrigger.BuildTriggerConfig>
        <hudson.plugins.parameterizedtrigger.BuildTriggerConfig>
          <configs>
            <hudson.plugins.parameterizedtrigger.FileBuildParameters>
              <propertiesFile>vars</propertiesFile>
              <failTriggerOnMissing>true</failTriggerOnMissing>
              <textParamValueOnNewLine>false</textParamValueOnNewLine>
              <useMatrixChild>false</useMatrixChild>
              <onlyExactRuns>false</onlyExactRuns>
            </hudson.plugins.parameterizedtrigger.FileBuildParameters>
            <hudson.plugins.parameterizedtrigger.PredefinedBuildParameters>
              <properties>BRAND=pt</properties>
              <textParamValueOnNewLine>false</textParamValueOnNewLine>
            </hudson.plugins.parameterizedtrigger.PredefinedBuildParameters>
          </configs>
          <projects>deploy-env-settings</projects>
          <condition>SUCCESS</condition>
          <triggerWithNoParameters>false</triggerWithNoParameters>
          <triggerFromChildProjects>false</triggerFromChildProjects>
        </hudson.plugins.parameterizedtrigger.BuildTriggerConfig>
        <hudson.plugins.parameterizedtrigger.BuildTriggerConfig>
          <configs>
            <hudson.plugins.parameterizedtrigger.FileBuildParameters>
              <propertiesFile>vars</propertiesFile>
              <failTriggerOnMissing>true</failTriggerOnMissing>
              <textParamValueOnNewLine>false</textParamValueOnNewLine>
              <useMatrixChild>false</useMatrixChild>
              <onlyExactRuns>false</onlyExactRuns>
            </hudson.plugins.parameterizedtrigger.FileBuildParameters>
            <hudson.plugins.parameterizedtrigger.PredefinedBuildParameters>
              <properties>BRAND=we</properties>
              <textParamValueOnNewLine>false</textParamValueOnNewLine>
            </hudson.plugins.parameterizedtrigger.PredefinedBuildParameters>
          </configs>
          <projects>deploy-env-settings</projects>
          <condition>SUCCESS</condition>
          <triggerWithNoParameters>false</triggerWithNoParameters>
          <triggerFromChildProjects>false</triggerFromChildProjects>
        </hudson.plugins.parameterizedtrigger.BuildTriggerConfig>
        <hudson.plugins.parameterizedtrigger.BuildTriggerConfig>
          <configs>
            <hudson.plugins.parameterizedtrigger.FileBuildParameters>
              <propertiesFile>vars</propertiesFile>
              <failTriggerOnMissing>true</failTriggerOnMissing>
              <textParamValueOnNewLine>false</textParamValueOnNewLine>
              <useMatrixChild>false</useMatrixChild>
              <onlyExactRuns>false</onlyExactRuns>
            </hudson.plugins.parameterizedtrigger.FileBuildParameters>
            <hudson.plugins.parameterizedtrigger.PredefinedBuildParameters>
              <properties>BRAND=ws</properties>
              <textParamValueOnNewLine>false</textParamValueOnNewLine>
            </hudson.plugins.parameterizedtrigger.PredefinedBuildParameters>
          </configs>
          <projects>deploy-env-settings</projects>
          <condition>SUCCESS</condition>
          <triggerWithNoParameters>false</triggerWithNoParameters>
          <triggerFromChildProjects>false</triggerFromChildProjects>
        </hudson.plugins.parameterizedtrigger.BuildTriggerConfig>
      </configs>
    </hudson.plugins.parameterizedtrigger.BuildTrigger>
  </publishers>
  <buildWrappers/>
</project>
