<?xml version="1.0" encoding="UTF-8"?>
<maven2-moduleset plugin="maven-plugin@1.509.2">
  <actions/>
  <description>produce the db-appsetting rerun module packge</description>
  <logRotator class="hudson.tasks.LogRotator">     
    <daysToKeep>180</daysToKeep>    
    <numToKeep>20</numToKeep>    
    <artifactDaysToKeep>-1</artifactDaysToKeep>    
    <artifactNumToKeep>-1</artifactNumToKeep>    
  </logRotator>
  <keepDependencies>false</keepDependencies>
  <properties/>
  <scm class="hudson.scm.SubversionSCM" plugin="subversion@1.39">
    <locations>
      <hudson.scm.SubversionSCM_-ModuleLocation>
        <remote>https://repos.wsgc.com/svn/devops/application/common/rerun-module/db-appsettings/trunk</remote>
        <credentialsId>bb7f2475-307d-46ae-bf2c-87791001d4a7</credentialsId>
        <local>.</local>
      </hudson.scm.SubversionSCM_-ModuleLocation>
    </locations>
    <excludedRegions/>
    <includedRegions/>
    <excludedUsers/>
    <excludedRevprop/>
    <excludedCommitMessages/>
    <workspaceUpdater class="hudson.scm.subversion.UpdateUpdater"/>
  </scm>
  <assignedNode>build</assignedNode>
  <canRoam>false</canRoam>
  <disabled>true</disabled>
  <blockBuildWhenDownstreamBuilding>false</blockBuildWhenDownstreamBuilding>
  <blockBuildWhenUpstreamBuilding>true</blockBuildWhenUpstreamBuilding>
  <jdk>JDK1.8</jdk>
  <triggers class="vector">
    <hudson.triggers.SCMTrigger>
      <spec>H/45 * * * *</spec>
      <ignorePostCommitHooks>false</ignorePostCommitHooks>
    </hudson.triggers.SCMTrigger>
  </triggers>
  <concurrentBuild>false</concurrentBuild>
  <rootModule>
     <groupId>com.wsgc.devops.rpm.rerun-module</groupId>
     <artifactId>wsgc-devops-rerun-module-rundeck</artifactId>
  </rootModule>
  <goals>clean deploy</goals>
  <aggregatorStyleBuild>true</aggregatorStyleBuild>
  <incrementalBuild>false</incrementalBuild>
  <perModuleEmail>true</perModuleEmail>
  <ignoreUpstremChanges>false</ignoreUpstremChanges>
  <archivingDisabled>true</archivingDisabled>
  <resolveDependencies>false</resolveDependencies>
  <processPlugins>false</processPlugins>
  <mavenValidationLevel>-1</mavenValidationLevel>
  <runHeadless>false</runHeadless>
  <disableTriggerDownstreamProjects>false</disableTriggerDownstreamProjects>
  <settings class="jenkins.mvn.DefaultSettingsProvider"/>
  <globalSettings class="jenkins.mvn.DefaultGlobalSettingsProvider"/>
  <reporters/>
  <publishers/>
  <buildWrappers>
    <org.jenkinsci.plugins.builduser.BuildUser plugin="build-user-vars-plugin@1.4"/>
   </buildWrappers>
  <prebuilders/>
  <postbuilders>
     <hudson.tasks.Shell>
        <command>
           /usr/bin/rerun artifactory:yum-createrepo --repo-url ${SNAPSHOT_URL} --admin-passwd ${SNAPSHOT_API_TOKEN} --repo-id ${SNAPSHOT_REPOID_RPM}
        </command>
     </hudson.tasks.Shell>
  </postbuilders>
  <runPostStepsIfResult>
    <name>SUCCESS</name>
    <ordinal>0</ordinal>
    <color>BLUE</color>
  </runPostStepsIfResult>
</maven2-moduleset>
