{
  "include": [
    "../../common/microservice.json"
  ],
  "name": "/shop/* /.delivery/* /.aecv1/* /.static/* /m/shop/*",
  "criteria": [
    {
      "name": "hostname",
      "options": {
        "matchOperator": "IS_ONE_OF",
        "values": [
          "www.qa54.westelm.ca"
        ]
      }
    },
    {
      "name": "path",
      "options": {
        "matchCaseSensitive": false,
        "matchOperator": "MATCHES_ONE_OF",
        "values": [
          "/.static/ecmcontent/*",
          "/account/forgotpassword/confirm-forward.html",
          "/account/svc/*",
          "/api/registry/*",
          "/api/registry/v1/*",
          "/customer-service/order-status/*",
          "/m/account/.info/summary.html",
          "/m/account/svc/*",
          "/m/my-design-projects/*",
          "/m/products/*",
          "/m/registry/",
          "/m/registry/*/gift-tracker.html",
          "/m/registry/*/gift-tracker.html*",
          "/m/registry/*/registry-checklist.html",
          "/m/registry/*/registry-list.html",
          "/m/registry/*/registry-list.html*",
          "/m/registry/*/update.html",
          "/m/registry/*/update.html*",
          "/m/registry/account-linking-search.html",
          "/m/registry/account-linking-search.html*",
          "/m/registry/create-registry-sign-in.html",
          "/m/registry/create-registry-sign-in.html*",
          "/m/registry/create.html",
          "/m/registry/create.html*",
          "/m/registry/find-registry.html",
          "/m/registry/find-registry.html*",
          "/m/registry/find.html",
          "/m/registry/find.html*",
          "/m/registry/index.html",
          "/m/registry/index.html*",
          "/m/registry/registry-login.html",
          "/m/registry/registry-login.html*",
          "/m/registry/search-registry.html",
          "/m/registry/search-registry.html*",
          "/m/stores*",
          "/m/tips-and-ideas/*",
          "/my-design-projects/*",
          "/phygital/.info/summary.html",
          "/products/*",
          "/registry/",
          "/registry/*/gift-tracker.html",
          "/registry/*/gift-tracker.html*",
          "/registry/*/registry-checklist.html",
          "/registry/*/registry-list.html",
          "/registry/*/registry-list.html*",
          "/registry/*/update.html",
          "/registry/*/update.html*",
          "/registry/.info/summary.html",
          "/registry/account-linking-search.html",
          "/registry/create-registry-sign-in.html",
          "/registry/create-registry-sign-in.html*",
          "/registry/create.html",
          "/registry/create.html*",
          "/registry/find-registry.html",
          "/registry/find-registry.html*",
          "/registry/find.html",
          "/registry/find.html*",
          "/registry/index.html",
          "/registry/index.html*",
          "/registry/registry-login.html",
          "/registry/registry-login.html*",
          "/registry/search-registry.html",
          "/registry/search-registry.html*",
          "/style-quiz/*",
          "/tips-and-ideas/*"
        ],
        "exclude_common_values": [
          "/account/login-attempts.html",
          "/account/migrationStatus.html",
          "/account/passwordRequirementsChange.html",
          "/m/account/login-attempts.html",
          "/m/account/migrationStatus.html",
          "/m/account/passwordRequirementsChange.html",
          "/m/stores/*",
          "/m/trade-signin/login.html",
          "/order-servicing/*",
          "/pages/homepage-test/",
          "/pages/kids/",
          "/trade-signin/login.html"
        ]
      }
    },
    {
      "name": "path",
      "options": {
        "matchCaseSensitive": false,
        "matchOperator": "DOES_NOT_MATCH_ONE_OF",
        "values": [
          "/products/getPostalCodeCookie.json",
          "/products/getScene7Url.json"
        ],
        "exclude_common_values": [
          "/customer-service/confirm-marketing-email-signup.jsonp*",
          "/customer-service/confirm-marketing-sms-signup.jsonp*",
          "/customer-service/email-list/*",
          "/customer-service/email-us/*",
          "/customer-service/join-email-confirm.jsonp*",
          "/customer-service/join-email.jsonp*",
          "/customer-service/popup/communication-preferences.html*",
          "/customer-service/shipping-info/",
          "/customer-service/show-join-email.jsonp*",
          "/m/customer-service/confirm-mobile-email-signup.html*",
          "/m/customer-service/email-list/*",
          "/m/customer-service/email-us/*",
          "/m/customer-service/shipping-info/"
        ]
      }
    }
  ],
  "behaviors": [
    {
      "name": "origin",
      "options": {
        "hostname": "qa.origin-svc.westelm.com"
      }
    },
    {
      "name": "rewriteUrl",
      "options": {
        "behavior": "PREPEND",
        "keepQueryString": true,
        "targetPathPrepend": "/{{builtin.AK_DOMAIN}}/"
      }
    }
  ]
}