<?xml version="1.0" encoding="UTF-8"?>

<settings xmlns="http://maven.apache.org/SETTINGS/1.0.0"
          xmlns:xsi="http://www.w3.org/2001/XMLSchema-instance"
          xsi:schemaLocation="http://maven.apache.org/SETTINGS/1.0.0 http://maven.apache.org/xsd/settings-1.0.0.xsd">
  <localRepository>/apps/maven/localrepo</localRepository>

  <pluginGroups>
    <!-- Docker build/push plugin for Kubernetes Packages -->
    <pluginGroup>io.fabric8</pluginGroup>
  </pluginGroups>

  <proxies>
  </proxies>

  <!-- Server directive is injected in runtime by jenkins -->

  <mirrors>
    <mirror>
      <id>artifactory</id>
      <mirrorOf>central</mirrorOf>
      <url>https://artifactory.wsgc.com/artifactory/devops_dev</url>
      <name>Artifactory</name>
    </mirror>
  </mirrors>

  <profiles>
    <profile>
      <id>deploy</id>
      <repositories>
        <repository>
          <id>central</id>
          <name>WSGC Artifactory New</name>
          <url>https://artifactory.wsgc.com/artifactory/devops_dev</url>
          <releases>
            <enabled>true</enabled>
          </releases>
          <snapshots>
            <enabled>false</enabled>
          </snapshots>
        </repository>
        <repository>
          <id>wsgc-snapshot-repo</id>
          <name>WSGC Snapshot Repository</name>
          <url>https://snapshotrepo.wsgc.com/snapshotrepo</url>
          <releases>
            <enabled>false</enabled>
          </releases>
          <snapshots>
            <enabled>true</enabled>
            <updatePolicy>always</updatePolicy>
          </snapshots>
        </repository>
      </repositories>
      <properties>
        <altDeploymentRepository>snapshotrepo::default::https://snapshotrepo.wsgc.com/artifactory/snapshotrepo</altDeploymentRepository>
      </properties>
    </profile>
    <profile>
      <id>deploy-rpm</id>
      <repositories>
        <repository>
          <id>central</id>
          <name>WSGC Artifactory New</name>
          <url>https://artifactory.wsgc.com/artifactory/devops_dev</url>
          <releases>
            <enabled>true</enabled>
          </releases>
          <snapshots>
            <enabled>false</enabled>
          </snapshots>
        </repository>
        <repository>
          <id>wsgc-snapshot-repo</id>
          <name>WSGC Snapshot Repository</name>
          <url>https://snapshotrepo.wsgc.com/artifactory/snapshotrepo</url>
          <releases>
            <enabled>false</enabled>
          </releases>
          <snapshots>
            <enabled>true</enabled>
            <updatePolicy>always</updatePolicy>
          </snapshots>
        </repository>
        <repository>
          <id>snapshotrepo-rpm</id>
          <name>WSGC Snapshot RPM Repository</name>
          <url>https://snapshotrepo.wsgc.com/artifactory/snapshotrepo-rpm</url>
          <releases>
            <enabled>false</enabled>
          </releases>
          <snapshots>
            <enabled>true</enabled>
            <updatePolicy>always</updatePolicy>
          </snapshots>
        </repository>
      </repositories>
      <properties>
        <altDeploymentRepository>snapshotrepo-rpm::default::https://snapshotrepo.wsgc.com/artifactory/snapshotrepo-rpm</altDeploymentRepository>
      </properties>
    </profile>
  </profiles>
  <activeProfiles>
    <activeProfile>deploy</activeProfile>
  </activeProfiles>
</settings>
