{
  "terraform": [
    {
      "required_providers": [
        {
          "akamai": {
            "source": "akamai/akamai",
            "version": ">= 2.0.0"
          }
        }
      ],
      "required_version": ">= 0.13"
    }
  ],
  "provider": [
    {
      "akamai": {
        "edgerc": "${var.edgerc_path}",
        "config_section": "${var.config_section}"
      }
    }
  ],
  "data": [
    {
      "akamai_group": {
        "group": {
          "group_name": "PROD and QA Group",
          "contract_id": "ctr_1-2ZMIM5"
        }
      }
    },
    {
      "akamai_contract": {
        "contract": {
          "group_name": "${data.akamai_group.group.name}"
        }
      }
    },
    {
      "akamai_property_rules_template": {
        "rules": {
          "template_file": "${abspath(\"${path.module}/property-snippets/main.json\")}"
        }
      }
    }
  ],
  "resource": [
    {
      "akamai_edge_hostname": {
        "secure-qa1-wsgc-com-edgekey-net": {
          "product_id": "prd_SPM",
          "contract_id": "${data.akamai_contract.contract.id}",
          "group_id": "${data.akamai_group.group.id}",
          "ip_behavior": "IPV4",
          "edge_hostname": "secure-qa1.wsgc.com.edgekey.net",
          "certificate": 19
        }
      }
    },
    {
      "akamai_edge_hostname": {
        "slot13293-wsgc-com-edgekey-net": {
          "product_id": "prd_SPM",
          "contract_id": "${data.akamai_contract.contract.id}",
          "group_id": "${data.akamai_group.group.id}",
          "ip_behavior": "IPV4",
          "edge_hostname": "slot13293.wsgc.com.edgekey.net",
          "certificate": 13293
        }
      }
    },
    {
      "akamai_edge_hostname": {
        "slot5302-wsgc-com-edgekey-net": {
          "product_id": "prd_SPM",
          "contract_id": "${data.akamai_contract.contract.id}",
          "group_id": "${data.akamai_group.group.id}",
          "ip_behavior": "IPV4",
          "edge_hostname": "slot5302.wsgc.com.edgekey.net",
          "certificate": 5302
        }
      }
    },
    {
      "akamai_property": {
        "qa-rejuvenation-com_pm": {
          "name": "qa.rejuvenation.com_pm",
          "contract_id": "${data.akamai_contract.contract.id}",
          "group_id": "${data.akamai_group.group.id}",
          "product_id": "prd_SPM",
          "rule_format": "v2023-05-30",
          "hostnames": [
            {
              "cname_from": "caregression.rejuvenation.com",
              "cname_to": "${akamai_edge_hostname.slot5302-wsgc-com-edgekey-net.edge_hostname}",
              "cert_provisioning_type": "CPS_MANAGED"
            },
            {
              "cname_from": "dummy.hostname.rj",
              "cname_to": "${akamai_edge_hostname.slot5302-wsgc-com-edgekey-net.edge_hostname}",
              "cert_provisioning_type": "CPS_MANAGED"
            },
            {
              "cname_from": "regression.rejuvenation.com",
              "cname_to": "${akamai_edge_hostname.slot5302-wsgc-com-edgekey-net.edge_hostname}",
              "cert_provisioning_type": "CPS_MANAGED"
            },
            {
              "cname_from": "www.bpv.rejuvenation.com",
              "cname_to": "${akamai_edge_hostname.slot5302-wsgc-com-edgekey-net.edge_hostname}",
              "cert_provisioning_type": "CPS_MANAGED"
            },
            {
              "cname_from": "www.cauat3.rejuvenation.com",
              "cname_to": "${akamai_edge_hostname.slot5302-wsgc-com-edgekey-net.edge_hostname}",
              "cert_provisioning_type": "CPS_MANAGED"
            },
            {
              "cname_from": "www.int3.rejuvenation.com",
              "cname_to": "${akamai_edge_hostname.secure-qa1-wsgc-com-edgekey-net.edge_hostname}",
              "cert_provisioning_type": "CPS_MANAGED"
            },
            {
              "cname_from": "www.perf.rejuvenation.com",
              "cname_to": "${akamai_edge_hostname.slot13293-wsgc-com-edgekey-net.edge_hostname}",
              "cert_provisioning_type": "CPS_MANAGED"
            },
            {
              "cname_from": "www.qa10.rejuvenation.com",
              "cname_to": "${akamai_edge_hostname.slot5302-wsgc-com-edgekey-net.edge_hostname}",
              "cert_provisioning_type": "CPS_MANAGED"
            },
            {
              "cname_from": "www.qa11.rejuvenation.com",
              "cname_to": "${akamai_edge_hostname.slot5302-wsgc-com-edgekey-net.edge_hostname}",
              "cert_provisioning_type": "CPS_MANAGED"
            },
            {
              "cname_from": "www.qa14.rejuvenation.com",
              "cname_to": "${akamai_edge_hostname.slot13293-wsgc-com-edgekey-net.edge_hostname}",
              "cert_provisioning_type": "CPS_MANAGED"
            },
            {
              "cname_from": "www.qa2.rejuvenation.com",
              "cname_to": "${akamai_edge_hostname.slot5302-wsgc-com-edgekey-net.edge_hostname}",
              "cert_provisioning_type": "CPS_MANAGED"
            },
            {
              "cname_from": "www.qa27.rejuvenation.com",
              "cname_to": "${akamai_edge_hostname.slot13293-wsgc-com-edgekey-net.edge_hostname}",
              "cert_provisioning_type": "CPS_MANAGED"
            },
            {
              "cname_from": "www.qa31.rejuvenation.com",
              "cname_to": "${akamai_edge_hostname.slot5302-wsgc-com-edgekey-net.edge_hostname}",
              "cert_provisioning_type": "CPS_MANAGED"
            },
            {
              "cname_from": "www.qa36.rejuvenation.com",
              "cname_to": "${akamai_edge_hostname.slot13293-wsgc-com-edgekey-net.edge_hostname}",
              "cert_provisioning_type": "CPS_MANAGED"
            },
            {
              "cname_from": "www.qa42.rejuvenation.com",
              "cname_to": "${akamai_edge_hostname.slot13293-wsgc-com-edgekey-net.edge_hostname}",
              "cert_provisioning_type": "CPS_MANAGED"
            },
            {
              "cname_from": "www.qa54.rejuvenation.com",
              "cname_to": "${akamai_edge_hostname.slot13293-wsgc-com-edgekey-net.edge_hostname}",
              "cert_provisioning_type": "CPS_MANAGED"
            },
            {
              "cname_from": "www.qa56.rejuvenation.com",
              "cname_to": "${akamai_edge_hostname.slot13293-wsgc-com-edgekey-net.edge_hostname}",
              "cert_provisioning_type": "CPS_MANAGED"
            },
            {
              "cname_from": "www.qa8.rejuvenation.com",
              "cname_to": "${akamai_edge_hostname.slot13293-wsgc-com-edgekey-net.edge_hostname}",
              "cert_provisioning_type": "CPS_MANAGED"
            },
            {
              "cname_from": "www.qa99.rejuvenation.com",
              "cname_to": "${akamai_edge_hostname.slot13293-wsgc-com-edgekey-net.edge_hostname}",
              "cert_provisioning_type": "CPS_MANAGED"
            },
            {
              "cname_from": "www.uat.rejuvenation.com",
              "cname_to": "${akamai_edge_hostname.slot5302-wsgc-com-edgekey-net.edge_hostname}",
              "cert_provisioning_type": "CPS_MANAGED"
            },
            {
              "cname_from": "www.uat2.rejuvenation.com",
              "cname_to": "${akamai_edge_hostname.slot5302-wsgc-com-edgekey-net.edge_hostname}",
              "cert_provisioning_type": "CPS_MANAGED"
            },
            {
              "cname_from": "www.uat3.rejuvenation.com",
              "cname_to": "${akamai_edge_hostname.slot5302-wsgc-com-edgekey-net.edge_hostname}",
              "cert_provisioning_type": "CPS_MANAGED"
            },
            {
              "cname_from": "www.uat4.rejuvenation.com",
              "cname_to": "${akamai_edge_hostname.slot5302-wsgc-com-edgekey-net.edge_hostname}",
              "cert_provisioning_type": "CPS_MANAGED"
            },
            {
              "cname_from": "www.uat6.rejuvenation.com",
              "cname_to": "${akamai_edge_hostname.slot5302-wsgc-com-edgekey-net.edge_hostname}",
              "cert_provisioning_type": "CPS_MANAGED"
            },
            {
              "cname_from": "www.uat7.rejuvenation.com",
              "cname_to": "${akamai_edge_hostname.slot5302-wsgc-com-edgekey-net.edge_hostname}",
              "cert_provisioning_type": "CPS_MANAGED"
            },
            {
              "cname_from": "www.uat8.rejuvenation.com",
              "cname_to": "${akamai_edge_hostname.slot13293-wsgc-com-edgekey-net.edge_hostname}",
              "cert_provisioning_type": "CPS_MANAGED"
            }
          ],
          "rules": "${data.akamai_property_rules_template.rules.json}"
        }
      }
    },
    {
      "akamai_property_activation": {
        "qa-rejuvenation-com_pm": {
          "property_id": "${akamai_property.qa-rejuvenation-com_pm.id}",
          "contact": [
            " rjuluru@wsgc.com"
          ],
          "version": "${akamai_property.qa-rejuvenation-com_pm.latest_version}",
          "network": "${upper(var.env)}"
        }
      }
    }
  ]
}