{
  "criteria": [
    {
      "name": "path",
      "options": {
        "matchCaseSensitive": false,
        "matchOperator": "MATCHES_ONE_OF",
        "values": [
          "/",
          "/.aecv1/*",
          "/.delivery/*",
          "/.global/.info/summary.html",
          "/.static/*",
          "/account/",
          "/account/.info/summary.html",
          "/account/addressbook.html",
          "/account/addressbook/",
          "/account/confirm.html",
          "/account/creditcard.html",
          "/account/creditcard/",
          "/account/creditcard/create.html",
          "/account/forgotpassword.html",
          "/account/forgotpassword/confirm.html",
          "/account/forgotpassword/passwordUpdatethanks.html",
          "/account/index.html",
          "/account/keyrewards.html",
          "/account/login.html",
          "/account/login-attempts.html",
          "/account/migrationStatus.html",
          "/account/passwordRequirementsChange.html",
          "/account/recipe-box/",
          "/account/updateaccount.html",
          "/account/updateemail.html",
          "/account/updatename.html",
          "/account/updatepassword.html",
          "/api/catalog/v1/*",
          "/api/content/v1/*",
          "/api/designer/v1/*",
          "/api/favorites/v1/*",
          "/api/geo/v1/*",
          "/api/inventory/v1/*",
          "/api/loyalty/v1/*",
          "/api/marketing/v1/*",
          "/api/order-status/v1/*",
          "/api/phygital/v1/*",
          "/api/profile/v1/*",
          "/appointments/*",
          "/customer-service/*",
          "/customer-service/gift-services/e-gift-card/*",
          "/events/*",
          "/favorites/*",
          "/m/",
          "/m/account/",
          "/m/account/addressbook.html",
          "/m/account/addressbook/",
          "/m/account/confirm.html",
          "/m/account/creditcard.html",
          "/m/account/creditcard/",
          "/m/account/creditcard/create.html",
          "/m/account/forgotpassword.html",
          "/m/account/forgotpassword/confirm.html",
          "/m/account/forgotpassword/passwordUpdatethanks.html",
          "/m/account/index.html",
          "/m/account/keyrewards.html",
          "/m/account/login.html",
          "/m/account/login-attempts.html",
          "/m/account/migrationStatus.html",
          "/m/account/passwordRequirementsChange.html",
          "/m/account/recipe-box/",
          "/m/account/updateaccount.html",
          "/m/account/updateemail.html",
          "/m/account/updatename.html",
          "/m/account/updatepassword.html",
          "/m/appointments/*",
          "/m/customer-service/*",
          "/m/events/*",
          "/m/favorites/*",
          "/m/pages/*",
          "/m/search/results.html",
          "/m/search/searchdown.html",
          "/m/shop/*",
          "/m/stores/*",
          "/m/trade-signin/login.html",
          "/order-servicing/*",
          "/pages/*",
          "/pages/homepage-test/",
          "/pages/kids/",
          "/search/results.html",
          "/search/searchdown.html",
          "/shop/*",
          "/stores-pb/*",
          "/stores-pk/*",
          "/stores-pt/*",
          "/stores/*",
          "/trade-signin/login.html"
        ]
      }
    },
    {
      "name": "path",
      "options": {
        "matchCaseSensitive": false,
        "matchOperator": "DOES_NOT_MATCH_ONE_OF",
        "values": [
          "/authenticate.html",
          "/customer-service/additional-options/index.jsonp*",
          "/customer-service/confirm-marketing-email-signup.jsonp*",
          "/customer-service/confirm-marketing-sms-signup.jsonp*",
          "/customer-service/email-list/*",
          "/customer-service/email-preferences/*",
          "/customer-service/email-us/*",
          "/customer-service/join-email-confirm.jsonp*",
          "/customer-service/join-email.jsonp*",
          "/customer-service/popup/communication-preferences.html*",
          "/customer-service/shipping-info/",
          "/customer-service/show-join-email.jsonp*",
          "/favorites/items/index.json",
          "/m/customer-service/confirm-mobile-email-signup.html*",
          "/m/customer-service/email-list/*",
          "/m/customer-service/email-preferences/*",
          "/m/customer-service/email-us/*",
          "/m/customer-service/shipping-info/",
          "/pages/fragments/*",
          "/pages/overlay/*",
          "/pages/popups/*",
          "/pages/xbrand-rows/*",
          "/products/*/email-a-friend-preview.html",
          "/products/*/email-a-friend.html",
          "/products/*/quicklook.json",
          "/products/*/request-swatches.html",
          "/products/getDeliveryInformation.json",
          "/trade-signin/shopnow.html"
        ]
      }
    }
  ]
}
