{
  "include": [
    "../../common/microservice.json"
  ],
  "name": "/shop/* /.delivery/* /.aecv1/* /.static/* /m/shop/* /product/*",
  "criteria": [
    {
      "name": "hostname",
      "options": {
        "matchOperator": "IS_ONE_OF",
        "values": [
          "www.qa49.pbteen.com"
        ]
      }
    },
    {
      "name": "path",
      "options": {
        "matchCaseSensitive": false,
        "matchOperator": "MATCHES_ONE_OF",
        "values": [
          "/",
          "/.static/ecmcontent/*",
          "/account/*",
          "/account/migrationStatus.html*",
          "/account/passwordRequirementsChange.html*",
          "/api/registry/*",
          "/customer-service/list-order/*",
          "/customer-service/order-shipment-tracking/*",
          "/customer-service/order-status/*",
          "/customer-service/return/*",
          "/m/",
          "/m/account/*",
          "/m/customer-service/list-order/*",
          "/m/customer-service/order-shipment-tracking/*",
          "/m/customer-service/return/*",
          "/m/registry/account-linking-search.html",
          "/m/registry/find-registry.html",
          "/m/registry/find.html",
          "/m/registry/search-registry.html",
          "/phygital/.info/summary.html",
          "/registry/.info/summary.html",
          "/registry/account-linking-search.html",
          "/registry/find-registry.html",
          "/registry/find.html",
          "/registry/search-registry.html"
        ],
        "exclude_common_values": [
          "/about-us/*",
          "/account/",
          "/account/.info/summary.html",
          "/account/addressbook.html",
          "/account/addressbook/",
          "/account/confirm-thanks.html",
          "/account/confirm.html",
          "/account/create.html",
          "/account/creditcard.html",
          "/account/creditcard/",
          "/account/creditcard/create.html",
          "/account/emailupdate/confirm-thanks.html",
          "/account/forgotpassword.html",
          "/account/forgotpassword/confirm.html",
          "/account/forgotpassword/passwordUpdatethanks.html",
          "/account/index.html",
          "/account/keyrewards.html",
          "/account/keyrewards/key-credit-rewards.json",
          "/account/login-attempts.html",
          "/account/login.html",
          "/account/logout.html",
          "/account/migrationStatus.html",
          "/account/passwordRequirementsChange.html",
          "/account/recipe-box/",
          "/account/svc*",
          "/account/updateaccount.html",
          "/account/updateemail.html",
          "/account/updatename.html",
          "/account/updatepassword.html",
          "/account/updatephonenumber.html",
          "/aos/*",
          "/api/designer/v1/*",
          "/api/geo/v1/*",
          "/api/loyalty/v1/*",
          "/api/order-status/v1/*",
          "/api/profile/v1/*",
          "/apple-pay/generate-session.json",
          "/appointments/*",
          "/cc/*",
          "/checkout/*",
          "/content/ecm/*",
          "/customer-service/*",
          "/design-services/*",
          "/events/*",
          "/internationalcheckout/*",
          "/m/about-us/*",
          "/m/account/",
          "/m/account/addressbook.html",
          "/m/account/addressbook/",
          "/m/account/confirm-thanks.html",
          "/m/account/confirm.html",
          "/m/account/create.html",
          "/m/account/creditcard.html",
          "/m/account/creditcard/",
          "/m/account/creditcard/create.html",
          "/m/account/forgotpassword.html",
          "/m/account/forgotpassword/confirm.html",
          "/m/account/forgotpassword/passwordUpdatethanks.html",
          "/m/account/index.html",
          "/m/account/keyrewards.html",
          "/m/account/landing.html",
          "/m/account/login-attempts.html",
          "/m/account/login.html",
          "/m/account/logout.html",
          "/m/account/migrationStatus.html",
          "/m/account/passwordRequirementsChange.html",
          "/m/account/recipe-box/",
          "/m/account/svc*",
          "/m/account/updateaccount.html",
          "/m/account/updateemail.html",
          "/m/account/updatename.html",
          "/m/account/updatepassword.html",
          "/m/aos/*",
          "/m/appointments/*",
          "/m/cc/*",
          "/m/checkout/*",
          "/m/customer-service/*",
          "/m/events/*",
          "/m/pages/*",
          "/m/products/getScene7Url.json",
          "/m/promotion/eligibility/group/*",
          "/m/recommendations/*",
          "/m/resources/*",
          "/m/room/*",
          "/m/search/stores.json",
          "/m/services/shoppingcart/*",
          "/m/shopping-cart/*",
          "/m/shoppingcart/*",
          "/m/stores/*",
          "/m/thekey/*",
          "/m/trade-signin/*",
          "/my-design-projects/.api/*",
          "/nativeapp/.api/*",
          "/order-servicing/*",
          "/pages/*",
          "/products/getScene7Url.json",
          "/promotion/eligibility/group/*",
          "/recommendations/*",
          "/resources/*",
          "/room/*",
          "/search/stores.json",
          "/services/shoppingcart/*",
          "/shopping-cart/*",
          "/shopping/*",
          "/shoppingcart/*",
          "/sitemap.html",
          "/stores*",
          "/stores-pb/*",
          "/stores-pk/*",
          "/stores-pt/*",
          "/thekey/*",
          "/trade-signin/*"
        ]
      }
    },
    {
      "name": "path",
      "options": {
        "matchCaseSensitive": false,
        "matchOperator": "DOES_NOT_MATCH_ONE_OF",
        "values": [
          "/m/products/getPostalCodeCookie.json",
          "/m/products/getScene7Url.json",
          "/products/getScene7Url.json"
        ],
        "exclude_common_values": [
          "/account/not-me.html",
          "/authenticate.html",
          "/customer-service/coreemail.html",
          "/customer-service/popup/communication-preferences.html*",
          "/customer-service/shipping-info.html",
          "/customer-service/shipping-info/",
          "/customer-service/show-join-email.jsonp",
          "/m/authenticate.html",
          "/m/customer-service/confirm-mobile-email-signup.html*",
          "/m/customer-service/shipping-info/",
          "/m/pages/xbrand-landing/",
          "/m/pages/xbrand-rows/",
          "/pages/fragments/*",
          "/pages/overlay/*",
          "/pages/pbdorm/*",
          "/pages/popups/*",
          "/pages/xbrand-landing/",
          "/pages/xbrand-landing/",
          "/pages/xbrand-rows/",
          "/pages/xbrand-rows/*",
          "/products/*/pip-print.html",
          "/svc/recommendation/*",
          "/trade-signin/shopnow.html"
        ]
      }
    }
  ],
  "behaviors": [
    {
      "name": "origin",
      "options": {
        "hostname": "qa.origin-svc.pbteen.com"
      }
    },
    {
      "name": "rewriteUrl",
      "options": {
        "behavior": "PREPEND",
        "keepQueryString": true,
        "targetPathPrepend": "/{{builtin.AK_DOMAIN}}/"
      }
    }
  ]
}