<?xml version='1.0' encoding='UTF-8'?>
<maven2-moduleset plugin="maven-plugin@2.7.1">
  <actions/>
  <description>Builder for trunk Corp</description>
  <keepDependencies>false</keepDependencies>
  <properties>
    <hudson.plugins.buildblocker.BuildBlockerProperty plugin="build-blocker-plugin@1.7.2">
      <useBuildBlocker>false</useBuildBlocker>
      <blockLevel>GLOBAL</blockLevel>
      <scanQueueFor>DISABLED</scanQueueFor>
      <blockingJobs>.*trunk.*war</blockingJobs>
    </hudson.plugins.buildblocker.BuildBlockerProperty>
    <jenkins.model.BuildDiscarderProperty>
      <strategy class="hudson.tasks.LogRotator">
        <daysToKeep>180</daysToKeep>
        <numToKeep>20</numToKeep>
        <artifactDaysToKeep>-1</artifactDaysToKeep>
        <artifactNumToKeep>-1</artifactNumToKeep>
      </strategy>
    </jenkins.model.BuildDiscarderProperty>
  </properties>
  <scm class="hudson.scm.SubversionSCM" plugin="subversion@2.5.4">
    <locations>
      <hudson.scm.SubversionSCM_-ModuleLocation>
        <remote>https://repos.wsgc.com/svn/core/ecommerce/sites/corp/war/trunk</remote>
        <credentialsId>bb7f2475-307d-46ae-bf2c-87791001d4a7</credentialsId>
        <local>.</local>
        <depthOption>infinity</depthOption>
        <ignoreExternalsOption>false</ignoreExternalsOption>
      </hudson.scm.SubversionSCM_-ModuleLocation>
    </locations>
    <excludedRegions></excludedRegions>
    <includedRegions></includedRegions>
    <excludedUsers></excludedUsers>
    <excludedRevprop></excludedRevprop>
    <excludedCommitMessages></excludedCommitMessages>
    <workspaceUpdater class="hudson.scm.subversion.UpdateUpdater"/>
    <ignoreDirPropChanges>false</ignoreDirPropChanges>
    <filterChangelog>false</filterChangelog>
  </scm>
  <assignedNode>build</assignedNode>
  <canRoam>false</canRoam>
  <disabled>false</disabled>
  <blockBuildWhenDownstreamBuilding>false</blockBuildWhenDownstreamBuilding>
  <blockBuildWhenUpstreamBuilding>true</blockBuildWhenUpstreamBuilding>
  <jdk>JDK1.6</jdk>
  <triggers>
    <hudson.triggers.SCMTrigger>
      <spec>H/6 * * * *</spec>
      <ignorePostCommitHooks>false</ignorePostCommitHooks>
    </hudson.triggers.SCMTrigger>
    <hudson.triggers.TimerTrigger>
      <spec>@weekly</spec>
    </hudson.triggers.TimerTrigger>
  </triggers>
  <concurrentBuild>false</concurrentBuild>
  <rootModule>
    <groupId>com.wsgc.ecommerce</groupId>
    <artifactId>wsgc-corp</artifactId>
  </rootModule>
  <goals>clean deploy -Dsvntagger -U</goals>
  <aggregatorStyleBuild>true</aggregatorStyleBuild>
  <incrementalBuild>false</incrementalBuild>
  <ignoreUpstremChanges>true</ignoreUpstremChanges>
  <archivingDisabled>true</archivingDisabled>
  <siteArchivingDisabled>false</siteArchivingDisabled>
  <fingerprintingDisabled>false</fingerprintingDisabled>
  <resolveDependencies>false</resolveDependencies>
  <processPlugins>false</processPlugins>
  <mavenValidationLevel>-1</mavenValidationLevel>
  <runHeadless>false</runHeadless>
  <disableTriggerDownstreamProjects>false</disableTriggerDownstreamProjects>
  <blockTriggerWhenBuilding>true</blockTriggerWhenBuilding>
  <settings class="jenkins.mvn.DefaultSettingsProvider"/>
  <globalSettings class="jenkins.mvn.DefaultGlobalSettingsProvider"/>
  <reporters/>
  <publishers>
    <hudson.plugins.emailext.ExtendedEmailPublisher plugin="email-ext@2.40.5">
      <recipientList>$DEFAULT_RECIPIENTS, eComEngineeringManagement@WSGC.com</recipientList>
      <configuredTriggers>
        <hudson.plugins.emailext.plugins.trigger.SuccessTrigger>
          <email>
            <recipientList></recipientList>
            <subject>$PROJECT_DEFAULT_SUBJECT</subject>
            <body>$PROJECT_DEFAULT_CONTENT</body>
            <recipientProviders>
              <hudson.plugins.emailext.plugins.recipients.DevelopersRecipientProvider/>
            </recipientProviders>
            <attachmentsPattern></attachmentsPattern>
            <attachBuildLog>false</attachBuildLog>
            <compressBuildLog>false</compressBuildLog>
            <replyTo>$PROJECT_DEFAULT_REPLYTO</replyTo>
            <contentType>project</contentType>
          </email>
        </hudson.plugins.emailext.plugins.trigger.SuccessTrigger>
        <hudson.plugins.emailext.plugins.trigger.FailureTrigger>
          <email>
            <recipientList></recipientList>
            <subject>$PROJECT_DEFAULT_SUBJECT</subject>
            <body>$PROJECT_DEFAULT_CONTENT</body>
            <recipientProviders>
              <hudson.plugins.emailext.plugins.recipients.DevelopersRecipientProvider/>
              <hudson.plugins.emailext.plugins.recipients.RequesterRecipientProvider/>
              <hudson.plugins.emailext.plugins.recipients.ListRecipientProvider/>
            </recipientProviders>
            <attachmentsPattern></attachmentsPattern>
            <attachBuildLog>false</attachBuildLog>
            <compressBuildLog>false</compressBuildLog>
            <replyTo>$PROJECT_DEFAULT_REPLYTO</replyTo>
            <contentType>project</contentType>
          </email>
        </hudson.plugins.emailext.plugins.trigger.FailureTrigger>
        <hudson.plugins.emailext.plugins.trigger.FixedTrigger>
          <email>
            <recipientList></recipientList>
            <subject>$PROJECT_DEFAULT_SUBJECT</subject>
            <body>$PROJECT_DEFAULT_CONTENT</body>
            <recipientProviders>
              <hudson.plugins.emailext.plugins.recipients.DevelopersRecipientProvider/>
              <hudson.plugins.emailext.plugins.recipients.ListRecipientProvider/>
              <hudson.plugins.emailext.plugins.recipients.RequesterRecipientProvider/>
            </recipientProviders>
            <attachmentsPattern></attachmentsPattern>
            <attachBuildLog>false</attachBuildLog>
            <compressBuildLog>false</compressBuildLog>
            <replyTo>$PROJECT_DEFAULT_REPLYTO</replyTo>
            <contentType>project</contentType>
          </email>
        </hudson.plugins.emailext.plugins.trigger.FixedTrigger>
      </configuredTriggers>
      <contentType>default</contentType>
      <defaultSubject>$DEFAULT_SUBJECT</defaultSubject>
      <defaultContent>$DEFAULT_CONTENT</defaultContent>
      <attachmentsPattern></attachmentsPattern>
      <presendScript>$DEFAULT_PRESEND_SCRIPT</presendScript>
      <attachBuildLog>false</attachBuildLog>
      <compressBuildLog>false</compressBuildLog>
      <replyTo>$DEFAULT_REPLYTO</replyTo>
      <saveOutput>false</saveOutput>
      <disabled>false</disabled>
    </hudson.plugins.emailext.ExtendedEmailPublisher>
  </publishers>
  <buildWrappers>
    <org.jenkinsci.plugins.builduser.BuildUser plugin="build-user-vars-plugin@1.4"/>
  </buildWrappers>
  <prebuilders>
    <hudson.tasks.Shell>
        <command>$CI_TOOLS/sanity-checks/sanity_checks.py</command>
    </hudson.tasks.Shell>
  </prebuilders>
  <postbuilders/>
  <runPostStepsIfResult>
    <name>FAILURE</name>
    <ordinal>2</ordinal>
    <color>RED</color>
    <completeBuild>true</completeBuild>
  </runPostStepsIfResult>
</maven2-moduleset>
