<?xml version='1.0' encoding='UTF-8'?>
<project>
  <actions/>
  <description>ftlverify job for trunk admin</description>
  <keepDependencies>false</keepDependencies>
  <properties>
    <hudson.plugins.buildblocker.BuildBlockerProperty plugin="build-blocker-plugin@1.7.2">
      <useBuildBlocker>false</useBuildBlocker>
      <blockLevel>GLOBAL</blockLevel>
      <scanQueueFor>DISABLED</scanQueueFor>
      <blockingJobs></blockingJobs>
    </hudson.plugins.buildblocker.BuildBlockerProperty>
    <jenkins.model.BuildDiscarderProperty>
      <strategy class="hudson.tasks.LogRotator">
        <daysToKeep>180</daysToKeep>
        <numToKeep>20</numToKeep>
        <artifactDaysToKeep>-1</artifactDaysToKeep>
        <artifactNumToKeep>-1</artifactNumToKeep>
      </strategy>
    </jenkins.model.BuildDiscarderProperty>
  </properties>
  <scm class="hudson.scm.SubversionSCM" plugin="subversion@2.5.4">
    <locations>
      <hudson.scm.SubversionSCM_-ModuleLocation>
        <remote>https://repos.wsgc.com/svn/core/ecommerce/sites/admin/content/trunk</remote>
        <credentialsId>bb7f2475-307d-46ae-bf2c-87791001d4a7</credentialsId>
        <local>admin/content</local>
        <depthOption>infinity</depthOption>
        <ignoreExternalsOption>false</ignoreExternalsOption>
      </hudson.scm.SubversionSCM_-ModuleLocation>
      <hudson.scm.SubversionSCM_-ModuleLocation>
        <remote>https://repos.wsgc.com/svn/core/ecommerce/sites/common/content/trunk</remote>
        <credentialsId>bb7f2475-307d-46ae-bf2c-87791001d4a7</credentialsId>
        <local>common/content</local>
        <depthOption>infinity</depthOption>
        <ignoreExternalsOption>false</ignoreExternalsOption>
      </hudson.scm.SubversionSCM_-ModuleLocation>
    </locations>
    <excludedRegions></excludedRegions>
    <includedRegions></includedRegions>
    <excludedUsers></excludedUsers>
    <excludedRevprop></excludedRevprop>
    <excludedCommitMessages></excludedCommitMessages>
    <workspaceUpdater class="hudson.scm.subversion.UpdateUpdater"/>
    <ignoreDirPropChanges>false</ignoreDirPropChanges>
    <filterChangelog>false</filterChangelog>
  </scm>
  <assignedNode>ftl</assignedNode>
  <canRoam>false</canRoam>
  <disabled>false</disabled>
  <blockBuildWhenDownstreamBuilding>false</blockBuildWhenDownstreamBuilding>
  <blockBuildWhenUpstreamBuilding>false</blockBuildWhenUpstreamBuilding>
  <jdk>(System)</jdk>
  <triggers>
    <hudson.triggers.SCMTrigger>
      <spec>H/6 * * * *</spec>
      <ignorePostCommitHooks>false</ignorePostCommitHooks>
    </hudson.triggers.SCMTrigger>
  </triggers>
  <concurrentBuild>false</concurrentBuild>
  <builders>
    <hudson.tasks.Shell>
      <command>#!/bin/bash

echo &quot;Removing everything but common and admin&quot;
shopt -s extglob dotglob
rm -rf !(common|admin)
shopt -u extglob dotglob

# Set the npm cache directory to a new dir in our workspace.
# Starting from a clean cache ensures that an already-populated
# cache won't mask build errors.
export npm_config_cache=&quot;$WORKSPACE/npm-cache-dir&quot;

# Some parts of the build (e.g., Jest tests) honor TMPDIR for temporary files.
# Locate them in the workspace so as not to fill up /tmp.
unset TMPDIR
export TMPDIR=$(mktemp -d -t tmpdir-XXXXX -p &quot;$WORKSPACE&quot;)

$SCM_TOOLS/launch ant -v -f admin/content/build.xml -Dmaven_test_property="-Dmaven.repo.local=/apps/maven/executor-localrepos/$EXECUTOR_NUMBER"
</command>
    </hudson.tasks.Shell>
  </builders>
  <publishers>
    <hudson.plugins.emailext.ExtendedEmailPublisher plugin="email-ext@2.40.5">
      <recipientList>$DEFAULT_RECIPIENTS, eComEngineeringManagement@WSGC.com</recipientList>
      <configuredTriggers>
        <hudson.plugins.emailext.plugins.trigger.SuccessTrigger>
          <email>
            <recipientList></recipientList>
            <subject>$PROJECT_DEFAULT_SUBJECT</subject>
            <body>$PROJECT_DEFAULT_CONTENT</body>
            <recipientProviders>
              <hudson.plugins.emailext.plugins.recipients.DevelopersRecipientProvider/>
            </recipientProviders>
            <attachmentsPattern></attachmentsPattern>
            <attachBuildLog>false</attachBuildLog>
            <compressBuildLog>false</compressBuildLog>
            <replyTo>$PROJECT_DEFAULT_REPLYTO</replyTo>
            <contentType>project</contentType>
          </email>
        </hudson.plugins.emailext.plugins.trigger.SuccessTrigger>
        <hudson.plugins.emailext.plugins.trigger.FailureTrigger>
          <email>
            <recipientList></recipientList>
            <subject>$PROJECT_DEFAULT_SUBJECT</subject>
            <body>$PROJECT_DEFAULT_CONTENT</body>
            <recipientProviders>
              <hudson.plugins.emailext.plugins.recipients.DevelopersRecipientProvider/>
              <hudson.plugins.emailext.plugins.recipients.RequesterRecipientProvider/>
              <hudson.plugins.emailext.plugins.recipients.ListRecipientProvider/>
            </recipientProviders>
            <attachmentsPattern></attachmentsPattern>
            <attachBuildLog>false</attachBuildLog>
            <compressBuildLog>false</compressBuildLog>
            <replyTo>$PROJECT_DEFAULT_REPLYTO</replyTo>
            <contentType>project</contentType>
          </email>
        </hudson.plugins.emailext.plugins.trigger.FailureTrigger>
        <hudson.plugins.emailext.plugins.trigger.FixedTrigger>
          <email>
            <recipientList></recipientList>
            <subject>$PROJECT_DEFAULT_SUBJECT</subject>
            <body>$PROJECT_DEFAULT_CONTENT</body>
            <recipientProviders>
              <hudson.plugins.emailext.plugins.recipients.DevelopersRecipientProvider/>
              <hudson.plugins.emailext.plugins.recipients.RequesterRecipientProvider/>
              <hudson.plugins.emailext.plugins.recipients.ListRecipientProvider/>
            </recipientProviders>
            <attachmentsPattern></attachmentsPattern>
            <attachBuildLog>false</attachBuildLog>
            <compressBuildLog>false</compressBuildLog>
            <replyTo>$PROJECT_DEFAULT_REPLYTO</replyTo>
            <contentType>project</contentType>
          </email>
        </hudson.plugins.emailext.plugins.trigger.FixedTrigger>
      </configuredTriggers>
      <contentType>default</contentType>
      <defaultSubject>$DEFAULT_SUBJECT</defaultSubject>
      <defaultContent>$DEFAULT_CONTENT</defaultContent>
      <attachmentsPattern></attachmentsPattern>
      <presendScript></presendScript>
      <attachBuildLog>false</attachBuildLog>
      <compressBuildLog>false</compressBuildLog>
      <replyTo>$DEFAULT_REPLYTO</replyTo>
      <saveOutput>false</saveOutput>
      <disabled>false</disabled>
    </hudson.plugins.emailext.ExtendedEmailPublisher>
  </publishers>
  <buildWrappers>
    <org.jenkinsci.plugins.builduser.BuildUser plugin="build-user-vars-plugin@1.4"/>
  </buildWrappers>
  <prebuilders>
    <hudson.tasks.Shell>
        <command>$CI_TOOLS/sanity-checks/sanity_checks.py</command>
    </hudson.tasks.Shell>
  </prebuilders>
</project>
