<?xml version="1.0" encoding="UTF-8"?>
<project>
  <actions/>
  <description>builds and activates content</description>
  <logRotator class="hudson.tasks.LogRotator">
    <daysToKeep>30</daysToKeep>
    <numToKeep>60</numToKeep>
    <artifactDaysToKeep>-1</artifactDaysToKeep>
    <artifactNumToKeep>-1</artifactNumToKeep>
  </logRotator>
  <keepDependencies>false</keepDependencies>
  <properties>
    <hudson.model.ParametersDefinitionProperty>
      <parameterDefinitions>
        <hudson.model.StringParameterDefinition>
          <name>CONTENT_BRANCH</name>
          <description/>
          <defaultValue>release-23.16</defaultValue>
          <trim>true</trim>
        </hudson.model.StringParameterDefinition>
        <hudson.model.StringParameterDefinition>
          <name>ENVIRO</name>
          <description/>
          <defaultValue>bpv</defaultValue>
          <trim>true</trim>
        </hudson.model.StringParameterDefinition>
        <hudson.model.StringParameterDefinition>
          <name>PROJECT</name>
          <description/>
          <defaultValue>mg</defaultValue>
          <trim>true</trim>
        </hudson.model.StringParameterDefinition>
        <hudson.model.StringParameterDefinition>
          <name>MARKET</name>
          <defaultValue></defaultValue>
          <description>Market code [usa,can] - leave empty for non-GMTP builds.  If you're in doubt, ask #team-ecom-mead</description>
          <trim>true</trim>
        </hudson.model.StringParameterDefinition>
        <hudson.model.StringParameterDefinition>
          <name>REVISION</name>
          <description/>
          <defaultValue/>
          <trim>true</trim>
        </hudson.model.StringParameterDefinition>
        <hudson.model.StringParameterDefinition>
          <name>BUILD_REQUEST_TIMEOUT</name>
          <description></description>
          <defaultValue>250</defaultValue>
          <trim>true</trim>
        </hudson.model.StringParameterDefinition>
        <hudson.model.StringParameterDefinition>
          <name>TICKET</name>
          <description>Jira ticket</description>
          <defaultValue></defaultValue>
          <trim>true</trim>
        </hudson.model.StringParameterDefinition>
        <hudson.model.BooleanParameterDefinition>
          <name>FORCEBUILD</name>
          <description></description>
          <defaultValue>false</defaultValue>
        </hudson.model.BooleanParameterDefinition>
        <com.wangyin.parameter.WHideParameterDefinition plugin="hidden-parameter@0.0.4">
          <name>RunBy</name>
          <description>This is used by automation to keep track of who invoked the job</description>
          <defaultValue></defaultValue>
        </com.wangyin.parameter.WHideParameterDefinition>
      </parameterDefinitions>
    </hudson.model.ParametersDefinitionProperty>
    <hudson.plugins.buildblocker.BuildBlockerProperty plugin="build-blocker-plugin@1.7.2">
      <useBuildBlocker>true</useBuildBlocker>
      <blockLevel>GLOBAL</blockLevel>
      <scanQueueFor>DISABLED</scanQueueFor>
      <blockingJobs>
bgb-restart-uat1
deploy-bgb-*
deploy-buildsystem-*
deploy-dptools-*
      </blockingJobs>
    </hudson.plugins.buildblocker.BuildBlockerProperty>
  </properties>
  <scm class="hudson.scm.SubversionSCM" plugin="subversion@2.2">
    <locations>
      <hudson.scm.SubversionSCM_-ModuleLocation>
        <remote>https://repos.wsgc.com/svn/deployments/content/trunk</remote>
        <credentialsId>bb7f2475-307d-46ae-bf2c-87791001d4a7</credentialsId>
        <local>.</local>
        <depthOption>infinity</depthOption>
        <ignoreExternalsOption>false</ignoreExternalsOption>
      </hudson.scm.SubversionSCM_-ModuleLocation>
    </locations>
    <excludedRegions/>
    <includedRegions/>
    <excludedUsers/>
    <excludedRevprop/>
    <excludedCommitMessages/>
    <workspaceUpdater class="hudson.scm.subversion.UpdateUpdater"/>
    <ignoreDirPropChanges>false</ignoreDirPropChanges>
    <filterChangelog>false</filterChangelog>
  </scm>
  <assignedNode>deploy</assignedNode>
  <canRoam>false</canRoam>
  <disabled>false</disabled>
  <blockBuildWhenDownstreamBuilding>false</blockBuildWhenDownstreamBuilding>
  <blockBuildWhenUpstreamBuilding>false</blockBuildWhenUpstreamBuilding>
  <jdk>JDK1.8</jdk>
  <triggers>
    <hudson.triggers.TimerTrigger>
      <spec></spec>
    </hudson.triggers.TimerTrigger>
  </triggers>
  <concurrentBuild>false</concurrentBuild>
   <builders>
    <hudson.tasks.Ant plugin="ant@1.1">
      <targets>-Dproject=${PROJECT}${MARKET} -DcontentBranch=${CONTENT_BRANCH} -Dforcebuild=${FORCEBUILD} -Drevision=${REVISION} -Denviro=${ENVIRO} -Dtimeout=${BUILD_REQUEST_TIMEOUT} bs2.commonContentBuildActivate</targets>
      <antName>Ant</antName>
    </hudson.tasks.Ant>
    <EnvInjectBuilder plugin="envinject@1.91.3">
      <info>
        <propertiesFilePath>${WORKSPACE}/build_data/content-deploy/${ENVIRO}/${PROJECT}${MARKET}.properties</propertiesFilePath>
      </info>
    </EnvInjectBuilder>
    <hudson.tasks.Shell>
    <command>#!/bin/sh
{ set +x; } 2>/dev/null
export TICKET=${TICKET} 
#sh /apps/mead-tools/chkcontent ${PROJECT} ${ENVIRO}
    </command>
    </hudson.tasks.Shell>
  </builders>
  <publishers>
    <hudson.plugins.emailext.ExtendedEmailPublisher plugin="email-ext@2.31">
      <recipientList>$DEFAULT_RECIPIENTS,EcomEOReleaseManagement@WSGC.com,EcomEOReleaseManagement@WSGC.com</recipientList>
      <configuredTriggers>
        <hudson.plugins.emailext.plugins.trigger.FailureTrigger>
          <email>
            <recipientList>,EcomEOReleaseManagement@WSGC.com</recipientList>
            <subject>$PROJECT_DEFAULT_SUBJECT</subject>
            <body>$PROJECT_DEFAULT_CONTENT</body>
            <sendToDevelopers>true</sendToDevelopers>
            <sendToRequester>false</sendToRequester>
            <includeCulprits>false</includeCulprits>
            <sendToRecipientList>true</sendToRecipientList>
            <attachmentsPattern/>
            <attachBuildLog>false</attachBuildLog>
            <compressBuildLog>false</compressBuildLog>
            <replyTo>$PROJECT_DEFAULT_REPLYTO</replyTo>
          </email>
        </hudson.plugins.emailext.plugins.trigger.FailureTrigger>
      </configuredTriggers>
      <contentType>default</contentType>
      <defaultSubject>$DEFAULT_SUBJECT</defaultSubject>
      <defaultContent>$DEFAULT_CONTENT</defaultContent>
      <attachmentsPattern/>
      <presendScript>$DEFAULT_PRESEND_SCRIPT</presendScript>
      <attachBuildLog>false</attachBuildLog>
      <compressBuildLog>false</compressBuildLog>
      <replyTo>$DEFAULT_REPLYTO</replyTo>
      <saveOutput>false</saveOutput>
    </hudson.plugins.emailext.ExtendedEmailPublisher>
    <hudson.tasks.BuildTrigger>
      <childProjects>deploy-bpv-mg-WAR_release-2.6.20.x</childProjects>
      <threshold>
        <name>SUCCESS</name>
        <ordinal>0</ordinal>
        <color>BLUE</color>
        <completeBuild>true</completeBuild>
      </threshold>
    </hudson.tasks.BuildTrigger>
    <com.chikli.hudson.plugin.naginator.NaginatorPublisher plugin="naginator@1.17.2">
      <regexpForRerun></regexpForRerun>
      <rerunIfUnstable>false</rerunIfUnstable>
      <rerunMatrixPart>false</rerunMatrixPart>
      <checkRegexp>false</checkRegexp>
      <regexpForMatrixStrategy>TestParent</regexpForMatrixStrategy>
      <delay class="com.chikli.hudson.plugin.naginator.FixedDelay">
        <delay>2700</delay>
      </delay>
      <maxSchedule>1</maxSchedule>
    </com.chikli.hudson.plugin.naginator.NaginatorPublisher>
    <jenkins.plugins.slack.SlackNotifier plugin="slack@2.34">
      <baseUrl></baseUrl>
      <teamDomain>williams-sonomainc</teamDomain>
      <authToken></authToken>
      <tokenCredentialId>Slack</tokenCredentialId>
      <botUser>false</botUser>
      <room></room>
      <sendAsText>false</sendAsText>
      <iconEmoji></iconEmoji>
      <username></username>
      <startNotification>false</startNotification>
      <notifySuccess>false</notifySuccess>
      <notifyAborted>false</notifyAborted>
      <notifyNotBuilt>false</notifyNotBuilt>
      <notifyUnstable>false</notifyUnstable>
      <notifyRegression>false</notifyRegression>
      <notifyFailure>true</notifyFailure>
      <notifyEveryFailure>true</notifyEveryFailure>
      <notifyBackToNormal>false</notifyBackToNormal>
      <notifyRepeatedFailure>false</notifyRepeatedFailure>
      <includeTestSummary>false</includeTestSummary>
      <includeFailedTests>false</includeFailedTests>
      <commitInfoChoice>NONE</commitInfoChoice>
      <includeCustomMessage>false</includeCustomMessage>
      <customMessage></customMessage>
      <customMessageSuccess></customMessageSuccess>
      <customMessageAborted></customMessageAborted>
      <customMessageNotBuilt></customMessageNotBuilt>
      <customMessageUnstable></customMessageUnstable>
      <customMessageFailure></customMessageFailure>
    </jenkins.plugins.slack.SlackNotifier>
    <hudson.plugins.parameterizedtrigger.BuildTrigger plugin="parameterized-trigger@2.36">
      <configs>
        <hudson.plugins.parameterizedtrigger.BuildTriggerConfig>
          <configs>
            <hudson.plugins.parameterizedtrigger.PredefinedBuildParameters>
              <properties>
APP_ENVIRONMENT=${ENVIRO}
APP_NAMESPACE=ecommerce-etcd-config-tool-${option.APP_ENVIRONMENT}
              </properties>
              <textParamValueOnNewLine>false</textParamValueOnNewLine>
            </hudson.plugins.parameterizedtrigger.PredefinedBuildParameters>
          </configs>
          <projects>sync-mfe-generations</projects>
          <condition>UNSTABLE_OR_BETTER</condition>
          <triggerWithNoParameters>false</triggerWithNoParameters>
          <triggerFromChildProjects>false</triggerFromChildProjects>
        </hudson.plugins.parameterizedtrigger.BuildTriggerConfig>
        <hudson.plugins.parameterizedtrigger.BuildTriggerConfig>
          <configs>
            <hudson.plugins.parameterizedtrigger.PredefinedBuildParameters>
              <properties>
Brand=${PROJECT}
Environment=${ENVIRO}
Ticket=${Ticket}
CMX_URL=${BUILD_URL}
RunBy=${RunBy}
              </properties>
              <textParamValueOnNewLine>false</textParamValueOnNewLine>
            </hudson.plugins.parameterizedtrigger.PredefinedBuildParameters>
          </configs>
          <projects>chkcontent</projects>
          <condition>FAILED_OR_BETTER</condition>
          <triggerWithNoParameters>false</triggerWithNoParameters>
          <triggerFromChildProjects>false</triggerFromChildProjects>
        </hudson.plugins.parameterizedtrigger.BuildTriggerConfig>
      </configs>
    </hudson.plugins.parameterizedtrigger.BuildTrigger>
  </publishers>
  <buildWrappers>
    <org.jenkinsci.plugins.builduser.BuildUser plugin="build-user-vars-plugin@1.4"/>
   </buildWrappers>
</project>
