<?xml version='1.0' encoding='UTF-8'?>
<project>
  <actions/>
  <description>Trigger-all-bpv-deployers</description>
  <keepDependencies>false</keepDependencies>
  <properties>
    <hudson.plugins.buildblocker.BuildBlockerProperty plugin="build-blocker-plugin@1.6">
      <useBuildBlocker>false</useBuildBlocker>
    </hudson.plugins.buildblocker.BuildBlockerProperty>
    <jenkins.model.BuildDiscarderProperty>
      <strategy class="hudson.tasks.LogRotator">
        <daysToKeep>30</daysToKeep>
        <numToKeep>10</numToKeep>
        <artifactDaysToKeep>-1</artifactDaysToKeep>
        <artifactNumToKeep>-1</artifactNumToKeep>
      </strategy>
    </jenkins.model.BuildDiscarderProperty>
  </properties>
  <scm class="hudson.scm.NullSCM"/>
  <assignedNode>deploy||build</assignedNode>
  <canRoam>false</canRoam>
  <disabled>false</disabled>
  <blockBuildWhenDownstreamBuilding>false</blockBuildWhenDownstreamBuilding>
  <blockBuildWhenUpstreamBuilding>false</blockBuildWhenUpstreamBuilding>
  <jdk>JDK1.8</jdk>
  <triggers>
    <hudson.triggers.TimerTrigger>
      <spec></spec>
    </hudson.triggers.TimerTrigger>
  </triggers>
  <concurrentBuild>false</concurrentBuild>
  <builders/>
  <publishers>
    <hudson.tasks.BuildTrigger>
      <childProjects>deploy-bpv-gr-CONTENT_release-23.16,deploy-bpv-mg-CONTENT_release-23.16,deploy-bpv-pb-CONTENT_release-23.16,deploy-bpv-pk-CONTENT_release-23.16,deploy-bpv-pt-CONTENT_release-23.16,deploy-bpv-rj-CONTENT_release-23.16,deploy-bpv-we-CONTENT_release-23.16,deploy-bpv-ws-CONTENT_release-23.16</childProjects>
      <threshold>
        <name>SUCCESS</name>
        <ordinal>0</ordinal>
        <color>BLUE</color>
        <completeBuild>true</completeBuild>
      </threshold>
    </hudson.tasks.BuildTrigger>
  </publishers>
  <buildWrappers>
    <org.jenkinsci.plugins.builduser.BuildUser plugin="build-user-vars-plugin@1.4"/>
   </buildWrappers>
</project>
