{
	"info": {
		"_postman_id": "f0ec864a-3450-4d24-9154-14db87f6017f",
		"name": "RestTesting",
		"schema": "https://schema.getpostman.com/json/collection/v2.1.0/collection.json"
	},
	"item": [
		{
			"name": "GetDepartments",
			"request": {
				"method": "GET",
				"header": [],
				"url": {
					"raw": "http://localhost:6666/mycompanyapi/departments",
					"protocol": "http",
					"host": [
						"localhost"
					],
					"port": "6666",
					"path": [
						"mycompanyapi",
						"departments"
					]
				}
			},
			"response": []
		},
		{
			"name": "GetLocations",
			"request": {
				"method": "GET",
				"header": [],
				"url": {
					"raw": "http://localhost:6666/mycompanyapi/locations",
					"protocol": "http",
					"host": [
						"localhost"
					],
					"port": "6666",
					"path": [
						"mycompanyapi",
						"locations"
					]
				}
			},
			"response": []
		},
		{
			"name": "GetLocations-London",
			"request": {
				"method": "GET",
				"header": [],
				"url": {
					"raw": "http://localhost:6666/mycompanyapi/locations/London",
					"protocol": "http",
					"host": [
						"localhost"
					],
					"port": "6666",
					"path": [
						"mycompanyapi",
						"locations",
						"London"
					]
				}
			},
			"response": []
		},
		{
			"name": "GetLocations-London-Address",
			"request": {
				"method": "GET",
				"header": [],
				"url": {
					"raw": "http://localhost:6666/mycompanyapi/locations/London/address",
					"protocol": "http",
					"host": [
						"localhost"
					],
					"port": "6666",
					"path": [
						"mycompanyapi",
						"locations",
						"London",
						"address"
					]
				}
			},
			"response": []
		},
		{
			"name": "GetDepartments-dept123",
			"request": {
				"method": "GET",
				"header": [],
				"url": {
					"raw": "http://localhost:6666/mycompanyapi/departments/dept123",
					"protocol": "http",
					"host": [
						"localhost"
					],
					"port": "6666",
					"path": [
						"mycompanyapi",
						"departments",
						"dept123"
					]
				}
			},
			"response": []
		},
		{
			"name": "GetEmployees",
			"request": {
				"method": "GET",
				"header": [],
				"url": {
					"raw": "http://localhost:6666/mycompanyapi/employees",
					"protocol": "http",
					"host": [
						"localhost"
					],
					"port": "6666",
					"path": [
						"mycompanyapi",
						"employees"
					]
				}
			},
			"response": []
		},
		{
			"name": "GetEmployee-emp123",
			"request": {
				"method": "GET",
				"header": [],
				"url": {
					"raw": "http://localhost:6666/mycompanyapi/employees/emp123",
					"protocol": "http",
					"host": [
						"localhost"
					],
					"port": "6666",
					"path": [
						"mycompanyapi",
						"employees",
						"emp123"
					]
				}
			},
			"response": []
		},
		{
			"name": "GetEmployee-BankDEtails-emp123",
			"request": {
				"method": "GET",
				"header": [],
				"url": {
					"raw": "http://localhost:6666/mycompanyapi/employees/emp123/bankdetails",
					"protocol": "http",
					"host": [
						"localhost"
					],
					"port": "6666",
					"path": [
						"mycompanyapi",
						"employees",
						"emp123",
						"bankdetails"
					]
				}
			},
			"response": []
		},
		{
			"name": "PostEmployee-CreateEmployee",
			"request": {
				"method": "POST",
				"header": [],
				"body": {
					"mode": "raw",
					"raw": "{\r\n    \"empId\": \"emp125\",\r\n    \"empName\": \"Charles\",\r\n    \"empDept\": \"HR\",\r\n    \"empAddress\": \"#98B2D1\"\r\n}",
					"options": {
						"raw": {
							"language": "json"
						}
					}
				},
				"url": {
					"raw": "http://localhost:6666/mycompanyapi/employees",
					"protocol": "http",
					"host": [
						"localhost"
					],
					"port": "6666",
					"path": [
						"mycompanyapi",
						"employees"
					]
				}
			},
			"response": []
		},
		{
			"name": "PutEmployee-UpdateEmployee",
			"request": {
				"method": "PUT",
				"header": [],
				"body": {
					"mode": "raw",
					"raw": "{\r\n    \"empId\": \"emp125\",\r\n    \"empName\": \"Charles\",\r\n    \"empDept\": \"Sales\",\r\n    \"empAddress\": \"#98B2D1\"\r\n}",
					"options": {
						"raw": {
							"language": "json"
						}
					}
				},
				"url": {
					"raw": "http://localhost:6666/mycompanyapi/employees",
					"protocol": "http",
					"host": [
						"localhost"
					],
					"port": "6666",
					"path": [
						"mycompanyapi",
						"employees"
					]
				}
			},
			"response": []
		},
		{
			"name": "DeleteEmployee-UpdateEmployee",
			"request": {
				"method": "DELETE",
				"header": [],
				"body": {
					"mode": "raw",
					"raw": "{\r\n    \"empId\": \"emp125\",\r\n    \"empName\": \"Charles\",\r\n    \"empDept\": \"HR\",\r\n    \"empAddress\": \"#98B2D1\"\r\n}",
					"options": {
						"raw": {
							"language": "json"
						}
					}
				},
				"url": {
					"raw": "http://localhost:6666/mycompanyapi/employees/emp123",
					"protocol": "http",
					"host": [
						"localhost"
					],
					"port": "6666",
					"path": [
						"mycompanyapi",
						"employees",
						"emp123"
					]
				}
			},
			"response": []
		},
		{
			"name": "New Request",
			"event": [
				{
					"listen": "prerequest",
					"script": {
						"exec": [
							"{\r",
							"    \"Address\": \"Bolero Square, Nottingham NG1 1LA, UK\",\r",
							"    \"Phone\": \"+44 115 853 3101\",\r",
							"    \"Capacity\": \"10,000\",\r",
							"    \"Owner\": \"Nottingham City Council\"\r",
							"\r",
							"}"
						],
						"type": "text/javascript"
					}
				}
			],
			"request": {
				"method": "POST",
				"header": []
			},
			"response": []
		}
	]
}