{
  "include": [
    "../../common/microservice.json"
  ],
  "name": "/shop/* /.delivery/* /.aecv1/* /.static/* /m/shop/*",
  "criteria": [
    {
      "name": "hostname",
      "options": {
        "matchOperator": "IS_ONE_OF",
        "values": [
          "integration2.potterybarn.com"
        ]
      }
    },
    {
      "name": "path",
      "options": {
        "matchCaseSensitive": false,
        "matchOperator": "MATCHES_ONE_OF",
        "values": [
          "/.static/ecmcontent/*",
          "/about-us/",
          "/account/check-verification-link.html*",
          "/account/keyrewards/key-credit-rewards.json",
          "/account/svc/*",
          "/account/verification.html*",
          "/aos/",
          "/aos/special-sale/",
          "/api/registry/v1/*",
          "/cacheable/availability/getDeliveryInformationByPostalCode.json",
          "/checkout/",
          "/checkout/issue/",
          "/content/ecm/",
          "/customer-service/",
          "/customer-service/additional-options/",
          "/customer-service/address-change/",
          "/customer-service/business-sales/",
          "/customer-service/catalog-request/",
          "/customer-service/charge-details/*",
          "/customer-service/driver-release/*",
          "/customer-service/email-list/",
          "/customer-service/email-preferences/",
          "/customer-service/email-us/",
          "/customer-service/gift-services/",
          "/customer-service/international-email-list/",
          "/customer-service/intl-order-tracking/",
          "/customer-service/join-email.jsonp",
          "/customer-service/list-order/*",
          "/customer-service/mailing-options/",
          "/customer-service/order-shipment-tracking/*",
          "/customer-service/order-status/",
          "/customer-service/order-status/*",
          "/customer-service/order-tracking/",
          "/customer-service/return/*",
          "/design-studio/",
          "/internationalcheckout/",
          "/m/about-us/",
          "/m/account/.info/summary.html",
          "/m/account/svc/*",
          "/m/aos/",
          "/m/aos/special-sale/",
          "/m/checkout/",
          "/m/checkout/issue/",
          "/m/customer-service/",
          "/m/customer-service/address-change/",
          "/m/customer-service/catalog-request/",
          "/m/customer-service/charge-details/*",
          "/m/customer-service/email-list/",
          "/m/customer-service/email-preferences/",
          "/m/customer-service/email-us/",
          "/m/customer-service/international-email-list/",
          "/m/customer-service/intl-order-tracking/",
          "/m/customer-service/list-order/*",
          "/m/customer-service/mailing-options/",
          "/m/customer-service/order-shipment-tracking/*",
          "/m/customer-service/order-tracking/",
          "/m/customer-service/return/*",
          "/m/my-design-projects/*",
          "/m/pages/",
          "/m/registry/*/registry-list.html",
          "/m/registry/account-linking-search.html*",
          "/m/registry/find-registry.html*",
          "/m/registry/find.html*",
          "/m/registry/search-registry.html*",
          "/m/services/shoppingcart/",
          "/m/shoppingcart/",
          "/m/stores*",
          "/m/thekey/",
          "/my-design-projects/*",
          "/nativeapp/*",
          "/order-servicing/.info/summary.html",
          "/pages/",
          "/phygital/.info/summary.html",
          "/recommendations/",
          "/registry/*/registry-checklist.html*",
          "/registry/.info/summary.html*",
          "/registry/account-linking-search.html*",
          "/registry/find-registry.html*",
          "/registry/find.html*",
          "/registry/search-registry.html*",
          "/services/shoppingcart/",
          "/shoppingcart/",
          "/stores*",
          "/thekey/",
          "/trade-signin/"
        ],
        "exclude_common_values": [
          "/about-us/*",
          "/account/migrationStatus.html",
          "/account/passwordRequirementsChange.html",
          "/account/svc*",
          "/aos/*",
          "/aos/special-sale/*",
          "/api/designer/v1/*",
          "/cc/*",
          "/checkout/*",
          "/checkout/issue/*",
          "/content/ecm/*",
          "/customer-service/*",
          "/internationalcheckout/*",
          "/m/about-us/*",
          "/m/account/migrationStatus.html",
          "/m/account/passwordRequirementsChange.html",
          "/m/account/svc*",
          "/m/aos/*",
          "/m/aos/special-sale/*",
          "/m/cc/*",
          "/m/checkout/*",
          "/m/checkout/issue/*",
          "/m/customer-service/*",
          "/m/index.html",
          "/m/pages/*",
          "/m/recommendations/*",
          "/m/registry/*/registry-checklist.html",
          "/m/registry/*/registry-list.html*",
          "/m/registry/account-linking-search.html",
          "/m/registry/find-registry.html",
          "/m/registry/find.html",
          "/m/registry/search-registry.html",
          "/m/resources/*",
          "/m/room/*",
          "/m/room/shop-by-room/*",
          "/m/services/shoppingcart/*",
          "/m/shoppingcart/*",
          "/m/stores/*",
          "/m/thekey/*",
          "/m/trade-signin/*",
          "/my-design-projects/.api/*",
          "/order-servicing/*",
          "/pages/*",
          "/pages/st-jude/",
          "/recommendations/*",
          "/registry/*/registry-checklist.html",
          "/registry/account-linking-search.html",
          "/registry/find-registry.html",
          "/registry/find.html",
          "/registry/search-registry.html",
          "/resources/*",
          "/room/*",
          "/room/shop-by-room/*",
          "/services/shoppingcart/*",
          "/shopping/*",
          "/shoppingcart/*",
          "/stores/*",
          "/thekey/*",
          "/trade-signin/*"
        ]
      }
    },
    {
      "name": "path",
      "options": {
        "matchCaseSensitive": false,
        "matchOperator": "DOES_NOT_MATCH_ONE_OF",
        "values": [
          "/customer-service/join-email-confirm.json",
          "/customer-service/popup/communication-preferences.html",
          "/customer-service/popup/communications-preferences-thank-you.html",
          "/m/customer-service/confirm-mobile-email-signup.html",
          "/m/pages/xbrand-rows/",
          "/pages/fragments/",
          "/pages/overlay/",
          "/pages/overlays/",
          "/pages/popups/",
          "/pages/xbrand-rows/"
        ],
        "exclude_common_values": [
          "/customer-service/coreemail.html",
          "/customer-service/popup/communication-preferences.html*",
          "/customer-service/shipping-info.html",
          "/customer-service/shipping-info/",
          "/customer-service/show-join-email.jsonp",
          "/m/customer-service/confirm-mobile-email-signup.html*",
          "/m/customer-service/shipping-info/",
          "/m/pages/xbrand-rows/*",
          "/pages/fragments/*",
          "/pages/overlay/*",
          "/pages/popups/*",
          "/pages/xbrand-rows/*",
          "/products/*/pip-print.html",
          "/trade-signin/shopnow.html"
        ]
      }
    }
  ],
  "behaviors": [
    {
      "name": "origin",
      "options": {
        "hostname": "qa.origin-svc.potterybarn.com"
      }
    },
    {
      "name": "rewriteUrl",
      "options": {
        "behavior": "PREPEND",
        "keepQueryString": true,
        "targetPathPrepend": "/int2.potterybarn.com/"
      }
    }
  ]
}