<?xml version="1.0" encoding="UTF-8"?>
<project>
  <node name="pb-catalog-service-prd-sac1v" description="catalog prd node" tags="catalog,prd,prdsac" hostname="catsac-vpcn001" osArch="amd64" osFamily="unix" osName="Linux" osVersion="3.10.0-1160.42.2.el7.x86_64" username="imageuser" sudo-command-enabled="true" sudo-fail-on-prompt-timeout="false"/>
  <node name="pb-catalog-service-prd-sac2v" description="catalog prd node" tags="catalog,prd,prdsac" hostname="catsac-vpcn002" osArch="amd64" osFamily="unix" osName="Linux" osVersion="3.10.0-1160.42.2.el7.x86_64" username="imageuser" sudo-command-enabled="true" sudo-fail-on-prompt-timeout="false"/>
  <node name="pb-catalog-service-prd-sac3v" description="catalog prd node" tags="catalog,prd,prdsac" hostname="catsac-vpcn003" osArch="amd64" osFamily="unix" osName="Linux" osVersion="3.10.0-1160.42.2.el7.x86_64" username="imageuser" sudo-command-enabled="true" sudo-fail-on-prompt-timeout="false"/>
  <node name="pb-catalog-service-prd-sac4v" description="catalog prd node" tags="catalog,prd,prdsac" hostname="catsac-vpcn004" osArch="amd64" osFamily="unix" osName="Linux" osVersion="3.10.0-1160.42.2.el7.x86_64" username="imageuser" sudo-command-enabled="true" sudo-fail-on-prompt-timeout="false"/>
  <node name="pb-catalog-service-prd-sac5v" description="catalog prd node" tags="catalog,prd,prdsac" hostname="catsac-vpcn005" osArch="amd64" osFamily="unix" osName="Linux" osVersion="3.10.0-1160.42.2.el7.x86_64" username="imageuser" sudo-command-enabled="true" sudo-fail-on-prompt-timeout="false"/>
  <node name="pb-catalog-service-prd-sac6v" description="catalog prd node" tags="catalog,prd,prdsac" hostname="catsac-vpcn006" osArch="amd64" osFamily="unix" osName="Linux" osVersion="3.10.0-1160.42.2.el7.x86_64" username="imageuser" sudo-command-enabled="true" sudo-fail-on-prompt-timeout="false"/>
  <node name="pb-catalog-service-prd-sac7v" description="catalog prd node" tags="catalog,prd,prdsac" hostname="catsac-vpcn007" osArch="amd64" osFamily="unix" osName="Linux" osVersion="3.10.0-1160.42.2.el7.x86_64" username="imageuser" sudo-command-enabled="true" sudo-fail-on-prompt-timeout="false"/>
  <node name="pb-catalog-service-prd-sac8v" description="catalog prd node" tags="catalog,prd,prdsac" hostname="catsac-vpcn008" osArch="amd64" osFamily="unix" osName="Linux" osVersion="3.10.0-1160.42.2.el7.x86_64" username="imageuser" sudo-command-enabled="true" sudo-fail-on-prompt-timeout="false"/>
  <node name="pb-catalog-service-prd-sac9v" description="catalog prd node" tags="catalog,prd,prdsac" hostname="catsac-vpcn009" osArch="amd64" osFamily="unix" osName="Linux" osVersion="3.10.0-1160.42.2.el7.x86_64" username="imageuser" sudo-command-enabled="true" sudo-fail-on-prompt-timeout="false"/>
  <node name="pb-catalog-service-prd-sac10v" description="catalog prd node" tags="catalog,prd,prdsac" hostname="catsac-vpcn010" osArch="amd64" osFamily="unix" osName="Linux" osVersion="3.10.0-1160.42.2.el7.x86_64" username="imageuser" sudo-command-enabled="true" sudo-fail-on-prompt-timeout="false"/>

  <node name="pb-catalog-service-prd-ab1v" description="catalog prd node" tags="catalog,prd,prdab" hostname="catash-vpcn002" osArch="amd64" osFamily="unix" osName="Linux" osVersion="3.10.0-1160.42.2.el7.x86_64" username="imageuser" sudo-command-enabled="true" sudo-fail-on-prompt-timeout="false"/>
  <node name="pb-catalog-service-prd-ab2v" description="catalog prd node" tags="catalog,prd,prdab" hostname="catash-vpcn003" osArch="amd64" osFamily="unix" osName="Linux" osVersion="3.10.0-1160.42.2.el7.x86_64" username="imageuser" sudo-command-enabled="true" sudo-fail-on-prompt-timeout="false"/>
  <node name="pb-catalog-service-prd-ab3v" description="catalog prd node" tags="catalog,prd,prdab" hostname="catash-vpcn004" osArch="amd64" osFamily="unix" osName="Linux" osVersion="3.10.0-1160.42.2.el7.x86_64" username="imageuser" sudo-command-enabled="true" sudo-fail-on-prompt-timeout="false"/>
  <node name="pb-catalog-service-prd-ab4v" description="catalog prd node" tags="catalog,prd,prdab" hostname="catash-vpcn005" osArch="amd64" osFamily="unix" osName="Linux" osVersion="3.10.0-1160.42.2.el7.x86_64" username="imageuser" sudo-command-enabled="true" sudo-fail-on-prompt-timeout="false"/>
  <node name="pb-catalog-service-prd-ab5v" description="catalog prd node" tags="catalog,prd,prdab" hostname="catash-vpcn006" osArch="amd64" osFamily="unix" osName="Linux" osVersion="3.10.0-1160.42.2.el7.x86_64" username="imageuser" sudo-command-enabled="true" sudo-fail-on-prompt-timeout="false"/>
  <node name="pb-catalog-service-prd-ab6v" description="catalog prd node" tags="catalog,prd,prdab" hostname="catash-vpcn007" osArch="amd64" osFamily="unix" osName="Linux" osVersion="3.10.0-1160.42.2.el7.x86_64" username="imageuser" sudo-command-enabled="true" sudo-fail-on-prompt-timeout="false"/>
  <node name="pb-catalog-service-prd-ab7v" description="catalog prd node" tags="catalog,prd,prdab" hostname="catash-vpcn008" osArch="amd64" osFamily="unix" osName="Linux" osVersion="3.10.0-1160.42.2.el7.x86_64" username="imageuser" sudo-command-enabled="true" sudo-fail-on-prompt-timeout="false"/>
  <node name="pb-catalog-service-prd-ab8v" description="catalog prd node" tags="catalog,prd,prdab" hostname="catash-vpcn009" osArch="amd64" osFamily="unix" osName="Linux" osVersion="3.10.0-1160.42.2.el7.x86_64" username="imageuser" sudo-command-enabled="true" sudo-fail-on-prompt-timeout="false"/>
  <node name="pb-catalog-service-prd-ab9v" description="catalog prd node" tags="catalog,prd,prdab" hostname="catash-vpcn010" osArch="amd64" osFamily="unix" osName="Linux" osVersion="3.10.0-1160.42.2.el7.x86_64" username="imageuser" sudo-command-enabled="true" sudo-fail-on-prompt-timeout="false"/>
  <node name="pb-catalog-service-prd-ab10v" description="catalog prd node" tags="catalog,prd,prdab" hostname="catash-vpcn011" osArch="amd64" osFamily="unix" osName="Linux" osVersion="3.10.0-1160.42.2.el7.x86_64" username="imageuser" sudo-command-enabled="true" sudo-fail-on-prompt-timeout="false"/>

</project>
