{
  "terraform": [
    {
      "required_providers": [
        {
          "akamai": {
            "source": "akamai/akamai",
            "version": ">= 2.0.0"
          }
        }
      ],
      "required_version": ">= 0.13"
    }
  ],
  "provider": [
    {
      "akamai": {
        "edgerc": "${var.edgerc_path}",
        "config_section": "${var.config_section}"
      }
    }
  ],
  "data": [
    {
      "akamai_group": {
        "group": {
          "group_name": "PROD and QA Group",
          "contract_id": "ctr_1-2ZMIM5"
        }
      }
    },
    {
      "akamai_contract": {
        "contract": {
          "group_name": "${data.akamai_group.group.name}"
        }
      }
    },
    {
      "akamai_property_rules_template": {
        "rules": {
          "template_file": "${abspath(\"${path.module}/property-snippets/main.json\")}"
        }
      }
    }
  ],
  "resource": [
    {
      "akamai_edge_hostname": {
        "secure-integration-williams-sonoma-com-edgekey-net": {
          "product_id": "prd_SPM",
          "contract_id": "${data.akamai_contract.contract.id}",
          "group_id": "${data.akamai_group.group.id}",
          "ip_behavior": "IPV4",
          "edge_hostname": "secure.integration.williams-sonoma.com.edgekey.net",
          "certificate": 5932
        }
      }
    },
    {
      "akamai_edge_hostname": {
        "secure-qa-markandgraham-com-edgekey-net": {
          "product_id": "prd_SPM",
          "contract_id": "${data.akamai_contract.contract.id}",
          "group_id": "${data.akamai_group.group.id}",
          "ip_behavior": "IPV4",
          "edge_hostname": "secure.qa.markandgraham.com.edgekey.net",
          "certificate": 6
        }
      }
    },
    {
      "akamai_edge_hostname": {
        "secure-qa-wsgc-com-edgekey-net": {
          "product_id": "prd_SPM",
          "contract_id": "${data.akamai_contract.contract.id}",
          "group_id": "${data.akamai_group.group.id}",
          "ip_behavior": "IPV4",
          "edge_hostname": "secure-qa.wsgc.com.edgekey.net",
          "certificate": 5932
        }
      }
    },
    {
      "akamai_edge_hostname": {
        "secure-qa1-wsgc-com-edgekey-net": {
          "product_id": "prd_SPM",
          "contract_id": "${data.akamai_contract.contract.id}",
          "group_id": "${data.akamai_group.group.id}",
          "ip_behavior": "IPV4",
          "edge_hostname": "secure-qa1.wsgc.com.edgekey.net",
          "certificate": 19
        }
      }
    },
    {
      "akamai_edge_hostname": {
        "secure-qa2-wsgc-com-edgekey-net": {
          "product_id": "prd_SPM",
          "contract_id": "${data.akamai_contract.contract.id}",
          "group_id": "${data.akamai_group.group.id}",
          "ip_behavior": "IPV4",
          "edge_hostname": "secure-qa2.wsgc.com.edgekey.net",
          "certificate": 4606
        }
      }
    },
    {
      "akamai_edge_hostname": {
        "secure-qa4-markandgraham-com-edgekey-net": {
          "product_id": "prd_SPM",
          "contract_id": "${data.akamai_contract.contract.id}",
          "group_id": "${data.akamai_group.group.id}",
          "ip_behavior": "IPV4",
          "edge_hostname": "secure.qa4.markandgraham.com.edgekey.net",
          "certificate": 6
        }
      }
    },
    {
      "akamai_edge_hostname": {
        "secure-qa5-markandgraham-com-edgekey-net": {
          "product_id": "prd_SPM",
          "contract_id": "${data.akamai_contract.contract.id}",
          "group_id": "${data.akamai_group.group.id}",
          "ip_behavior": "IPV4",
          "edge_hostname": "secure.qa5.markandgraham.com.edgekey.net",
          "certificate": 6
        }
      }
    },
    {
      "akamai_edge_hostname": {
        "secure-qa6-markandgraham-com-edgekey-net": {
          "product_id": "prd_SPM",
          "contract_id": "${data.akamai_contract.contract.id}",
          "group_id": "${data.akamai_group.group.id}",
          "ip_behavior": "IPV4",
          "edge_hostname": "secure.qa6.markandgraham.com.edgekey.net",
          "certificate": 6
        }
      }
    },
    {
      "akamai_edge_hostname": {
        "secure-qa7-markandgraham-com-edgekey-net": {
          "product_id": "prd_SPM",
          "contract_id": "${data.akamai_contract.contract.id}",
          "group_id": "${data.akamai_group.group.id}",
          "ip_behavior": "IPV4",
          "edge_hostname": "secure.qa7.markandgraham.com.edgekey.net",
          "certificate": 6
        }
      }
    },
    {
      "akamai_edge_hostname": {
        "secure-qa8-markandgraham-com-edgekey-net": {
          "product_id": "prd_SPM",
          "contract_id": "${data.akamai_contract.contract.id}",
          "group_id": "${data.akamai_group.group.id}",
          "ip_behavior": "IPV4",
          "edge_hostname": "secure.qa8.markandgraham.com.edgekey.net",
          "certificate": 6
        }
      }
    },
    {
      "akamai_edge_hostname": {
        "secure-qa9-markandgraham-com-edgekey-net": {
          "product_id": "prd_SPM",
          "contract_id": "${data.akamai_contract.contract.id}",
          "group_id": "${data.akamai_group.group.id}",
          "ip_behavior": "IPV4",
          "edge_hostname": "secure.qa9.markandgraham.com.edgekey.net",
          "certificate": 6
        }
      }
    },
    {
      "akamai_edge_hostname": {
        "secure-staging-markandgraham-com-edgekey-net": {
          "product_id": "prd_SPM",
          "contract_id": "${data.akamai_contract.contract.id}",
          "group_id": "${data.akamai_group.group.id}",
          "ip_behavior": "IPV4",
          "edge_hostname": "secure.staging.markandgraham.com.edgekey.net",
          "certificate": 5932
        }
      }
    },
    {
      "akamai_edge_hostname": {
        "slot13293-wsgc-com-edgekey-net": {
          "product_id": "prd_SPM",
          "contract_id": "${data.akamai_contract.contract.id}",
          "group_id": "${data.akamai_group.group.id}",
          "ip_behavior": "IPV4",
          "edge_hostname": "slot13293.wsgc.com.edgekey.net",
          "certificate": 13293
        }
      }
    },
    {
      "akamai_edge_hostname": {
        "slot5302-wsgc-com-edgekey-net": {
          "product_id": "prd_SPM",
          "contract_id": "${data.akamai_contract.contract.id}",
          "group_id": "${data.akamai_group.group.id}",
          "ip_behavior": "IPV4",
          "edge_hostname": "slot5302.wsgc.com.edgekey.net",
          "certificate": 5302
        }
      }
    },
    {
      "akamai_edge_hostname": {
        "staging-markandgraham-com-edgesuite-net": {
          "product_id": "prd_SPM",
          "contract_id": "${data.akamai_contract.contract.id}",
          "group_id": "${data.akamai_group.group.id}",
          "ip_behavior": "IPV4",
          "edge_hostname": "staging.markandgraham.com.edgesuite.net"
        }
      }
    },
    {
      "akamai_property": {
        "qa-markandgraham-com_pm": {
          "name": "qa.markandgraham.com_pm",
          "contract_id": "${data.akamai_contract.contract.id}",
          "group_id": "${data.akamai_group.group.id}",
          "product_id": "prd_SPM",
          "rule_format": "v2023-05-30",
          "hostnames": [
            {
              "cname_from": "dummy.hostname.mg",
              "cname_to": "${akamai_edge_hostname.secure-qa-markandgraham-com-edgekey-net.edge_hostname}",
              "cert_provisioning_type": "CPS_MANAGED"
            },
            {
              "cname_from": "integration.markandgraham.com",
              "cname_to": "${akamai_edge_hostname.secure-qa-wsgc-com-edgekey-net.edge_hostname}",
              "cert_provisioning_type": "CPS_MANAGED"
            },
            {
              "cname_from": "integration2.markandgraham.com",
              "cname_to": "${akamai_edge_hostname.secure-qa-wsgc-com-edgekey-net.edge_hostname}",
              "cert_provisioning_type": "CPS_MANAGED"
            },
            {
              "cname_from": "regression.markandgraham.ca",
              "cname_to": "${akamai_edge_hostname.slot5302-wsgc-com-edgekey-net.edge_hostname}",
              "cert_provisioning_type": "CPS_MANAGED"
            },
            {
              "cname_from": "regression.markandgraham.com",
              "cname_to": "${akamai_edge_hostname.secure-qa-wsgc-com-edgekey-net.edge_hostname}",
              "cert_provisioning_type": "CPS_MANAGED"
            },
            {
              "cname_from": "regression2.markandgraham.com",
              "cname_to": "${akamai_edge_hostname.secure-qa1-wsgc-com-edgekey-net.edge_hostname}",
              "cert_provisioning_type": "CPS_MANAGED"
            },
            {
              "cname_from": "secure.qa10.markandgraham.com",
              "cname_to": "${akamai_edge_hostname.secure-qa-markandgraham-com-edgekey-net.edge_hostname}",
              "cert_provisioning_type": "CPS_MANAGED"
            },
            {
              "cname_from": "secure.qa11.markandgraham.com",
              "cname_to": "${akamai_edge_hostname.secure-qa-markandgraham-com-edgekey-net.edge_hostname}",
              "cert_provisioning_type": "CPS_MANAGED"
            },
            {
              "cname_from": "secure.qa3.markandgraham.com",
              "cname_to": "${akamai_edge_hostname.secure-qa1-wsgc-com-edgekey-net.edge_hostname}",
              "cert_provisioning_type": "CPS_MANAGED"
            },
            {
              "cname_from": "secure.qa4.markandgraham.com",
              "cname_to": "${akamai_edge_hostname.secure-qa4-markandgraham-com-edgekey-net.edge_hostname}",
              "cert_provisioning_type": "CPS_MANAGED"
            },
            {
              "cname_from": "secure.qa5.markandgraham.com",
              "cname_to": "${akamai_edge_hostname.secure-qa5-markandgraham-com-edgekey-net.edge_hostname}",
              "cert_provisioning_type": "CPS_MANAGED"
            },
            {
              "cname_from": "secure.qa6.markandgraham.com",
              "cname_to": "${akamai_edge_hostname.secure-qa6-markandgraham-com-edgekey-net.edge_hostname}",
              "cert_provisioning_type": "CPS_MANAGED"
            },
            {
              "cname_from": "secure.qa7.markandgraham.com",
              "cname_to": "${akamai_edge_hostname.secure-qa7-markandgraham-com-edgekey-net.edge_hostname}",
              "cert_provisioning_type": "CPS_MANAGED"
            },
            {
              "cname_from": "secure.qa8.markandgraham.com",
              "cname_to": "${akamai_edge_hostname.secure-qa8-markandgraham-com-edgekey-net.edge_hostname}",
              "cert_provisioning_type": "CPS_MANAGED"
            },
            {
              "cname_from": "secure.qa9.markandgraham.com",
              "cname_to": "${akamai_edge_hostname.secure-qa9-markandgraham-com-edgekey-net.edge_hostname}",
              "cert_provisioning_type": "CPS_MANAGED"
            },
            {
              "cname_from": "secure.staging.markandgraham.com",
              "cname_to": "${akamai_edge_hostname.secure-staging-markandgraham-com-edgekey-net.edge_hostname}",
              "cert_provisioning_type": "CPS_MANAGED"
            },
            {
              "cname_from": "secure.uat.markandgraham.com",
              "cname_to": "${akamai_edge_hostname.secure-qa-markandgraham-com-edgekey-net.edge_hostname}",
              "cert_provisioning_type": "CPS_MANAGED"
            },
            {
              "cname_from": "staging.markandgraham.com",
              "cname_to": "${akamai_edge_hostname.staging-markandgraham-com-edgesuite-net.edge_hostname}",
              "cert_provisioning_type": "CPS_MANAGED"
            },
            {
              "cname_from": "www.bpv.markandgraham.ca",
              "cname_to": "${akamai_edge_hostname.secure-qa2-wsgc-com-edgekey-net.edge_hostname}",
              "cert_provisioning_type": "CPS_MANAGED"
            },
            {
              "cname_from": "www.bpv.markandgraham.com",
              "cname_to": "${akamai_edge_hostname.slot5302-wsgc-com-edgekey-net.edge_hostname}",
              "cert_provisioning_type": "CPS_MANAGED"
            },
            {
              "cname_from": "www.ca1.markandgraham.com",
              "cname_to": "${akamai_edge_hostname.secure-qa1-wsgc-com-edgekey-net.edge_hostname}",
              "cert_provisioning_type": "CPS_MANAGED"
            },
            {
              "cname_from": "www.ecmqa1.markandgraham.com",
              "cname_to": "${akamai_edge_hostname.secure-qa1-wsgc-com-edgekey-net.edge_hostname}",
              "cert_provisioning_type": "CPS_MANAGED"
            },
            {
              "cname_from": "www.ecmuat1.markandgraham.com",
              "cname_to": "${akamai_edge_hostname.secure-qa1-wsgc-com-edgekey-net.edge_hostname}",
              "cert_provisioning_type": "CPS_MANAGED"
            },
            {
              "cname_from": "www.int3.markandgraham.ca",
              "cname_to": "${akamai_edge_hostname.secure-qa1-wsgc-com-edgekey-net.edge_hostname}",
              "cert_provisioning_type": "CPS_MANAGED"
            },
            {
              "cname_from": "www.int3.markandgraham.com",
              "cname_to": "${akamai_edge_hostname.secure-qa1-wsgc-com-edgekey-net.edge_hostname}",
              "cert_provisioning_type": "CPS_MANAGED"
            },
            {
              "cname_from": "www.int7.markandgraham.com",
              "cname_to": "${akamai_edge_hostname.secure-qa1-wsgc-com-edgekey-net.edge_hostname}",
              "cert_provisioning_type": "CPS_MANAGED"
            },
            {
              "cname_from": "www.perf.markandgraham.com",
              "cname_to": "${akamai_edge_hostname.secure-qa1-wsgc-com-edgekey-net.edge_hostname}",
              "cert_provisioning_type": "CPS_MANAGED"
            },
            {
              "cname_from": "www.qa.markandgraham.com",
              "cname_to": "${akamai_edge_hostname.secure-qa1-wsgc-com-edgekey-net.edge_hostname}",
              "cert_provisioning_type": "CPS_MANAGED"
            },
            {
              "cname_from": "www.qa10.markandgraham.com",
              "cname_to": "${akamai_edge_hostname.secure-qa2-wsgc-com-edgekey-net.edge_hostname}",
              "cert_provisioning_type": "CPS_MANAGED"
            },
            {
              "cname_from": "www.qa11.markandgraham.com",
              "cname_to": "${akamai_edge_hostname.secure-qa2-wsgc-com-edgekey-net.edge_hostname}",
              "cert_provisioning_type": "CPS_MANAGED"
            },
            {
              "cname_from": "www.qa12.markandgraham.com",
              "cname_to": "${akamai_edge_hostname.secure-qa1-wsgc-com-edgekey-net.edge_hostname}",
              "cert_provisioning_type": "CPS_MANAGED"
            },
            {
              "cname_from": "www.qa13.markandgraham.com",
              "cname_to": "${akamai_edge_hostname.secure-qa1-wsgc-com-edgekey-net.edge_hostname}",
              "cert_provisioning_type": "CPS_MANAGED"
            },
            {
              "cname_from": "www.qa14.markandgraham.com",
              "cname_to": "${akamai_edge_hostname.secure-qa1-wsgc-com-edgekey-net.edge_hostname}",
              "cert_provisioning_type": "CPS_MANAGED"
            },
            {
              "cname_from": "www.qa15.markandgraham.com",
              "cname_to": "${akamai_edge_hostname.secure-qa1-wsgc-com-edgekey-net.edge_hostname}",
              "cert_provisioning_type": "CPS_MANAGED"
            },
            {
              "cname_from": "www.qa16.markandgraham.com",
              "cname_to": "${akamai_edge_hostname.secure-qa1-wsgc-com-edgekey-net.edge_hostname}",
              "cert_provisioning_type": "CPS_MANAGED"
            },
            {
              "cname_from": "www.qa17.markandgraham.com",
              "cname_to": "${akamai_edge_hostname.secure-qa1-wsgc-com-edgekey-net.edge_hostname}",
              "cert_provisioning_type": "CPS_MANAGED"
            },
            {
              "cname_from": "www.qa18.markandgraham.com",
              "cname_to": "${akamai_edge_hostname.secure-qa1-wsgc-com-edgekey-net.edge_hostname}",
              "cert_provisioning_type": "CPS_MANAGED"
            },
            {
              "cname_from": "www.qa19.markandgraham.com",
              "cname_to": "${akamai_edge_hostname.secure-qa1-wsgc-com-edgekey-net.edge_hostname}",
              "cert_provisioning_type": "CPS_MANAGED"
            },
            {
              "cname_from": "www.qa2.markandgraham.com",
              "cname_to": "${akamai_edge_hostname.secure-integration-williams-sonoma-com-edgekey-net.edge_hostname}",
              "cert_provisioning_type": "CPS_MANAGED"
            },
            {
              "cname_from": "www.qa20.markandgraham.com",
              "cname_to": "${akamai_edge_hostname.secure-qa1-wsgc-com-edgekey-net.edge_hostname}",
              "cert_provisioning_type": "CPS_MANAGED"
            },
            {
              "cname_from": "www.qa21.markandgraham.com",
              "cname_to": "${akamai_edge_hostname.secure-qa1-wsgc-com-edgekey-net.edge_hostname}",
              "cert_provisioning_type": "CPS_MANAGED"
            },
            {
              "cname_from": "www.qa22.markandgraham.com",
              "cname_to": "${akamai_edge_hostname.secure-qa1-wsgc-com-edgekey-net.edge_hostname}",
              "cert_provisioning_type": "CPS_MANAGED"
            },
            {
              "cname_from": "www.qa23.markandgraham.com",
              "cname_to": "${akamai_edge_hostname.secure-qa1-wsgc-com-edgekey-net.edge_hostname}",
              "cert_provisioning_type": "CPS_MANAGED"
            },
            {
              "cname_from": "www.qa24.markandgraham.com",
              "cname_to": "${akamai_edge_hostname.secure-qa1-wsgc-com-edgekey-net.edge_hostname}",
              "cert_provisioning_type": "CPS_MANAGED"
            },
            {
              "cname_from": "www.qa25.markandgraham.com",
              "cname_to": "${akamai_edge_hostname.secure-qa1-wsgc-com-edgekey-net.edge_hostname}",
              "cert_provisioning_type": "CPS_MANAGED"
            },
            {
              "cname_from": "www.qa26.markandgraham.com",
              "cname_to": "${akamai_edge_hostname.secure-qa1-wsgc-com-edgekey-net.edge_hostname}",
              "cert_provisioning_type": "CPS_MANAGED"
            },
            {
              "cname_from": "www.qa27.markandgraham.com",
              "cname_to": "${akamai_edge_hostname.secure-qa1-wsgc-com-edgekey-net.edge_hostname}",
              "cert_provisioning_type": "CPS_MANAGED"
            },
            {
              "cname_from": "www.qa28.markandgraham.com",
              "cname_to": "${akamai_edge_hostname.secure-qa1-wsgc-com-edgekey-net.edge_hostname}",
              "cert_provisioning_type": "CPS_MANAGED"
            },
            {
              "cname_from": "www.qa29.markandgraham.com",
              "cname_to": "${akamai_edge_hostname.secure-qa1-wsgc-com-edgekey-net.edge_hostname}",
              "cert_provisioning_type": "CPS_MANAGED"
            },
            {
              "cname_from": "www.qa3.markandgraham.com",
              "cname_to": "${akamai_edge_hostname.secure-qa1-wsgc-com-edgekey-net.edge_hostname}",
              "cert_provisioning_type": "CPS_MANAGED"
            },
            {
              "cname_from": "www.qa30.markandgraham.com",
              "cname_to": "${akamai_edge_hostname.secure-qa1-wsgc-com-edgekey-net.edge_hostname}",
              "cert_provisioning_type": "CPS_MANAGED"
            },
            {
              "cname_from": "www.qa31.markandgraham.com",
              "cname_to": "${akamai_edge_hostname.secure-qa-wsgc-com-edgekey-net.edge_hostname}",
              "cert_provisioning_type": "CPS_MANAGED"
            },
            {
              "cname_from": "www.qa32.markandgraham.com",
              "cname_to": "${akamai_edge_hostname.secure-qa1-wsgc-com-edgekey-net.edge_hostname}",
              "cert_provisioning_type": "CPS_MANAGED"
            },
            {
              "cname_from": "www.qa33.markandgraham.com",
              "cname_to": "${akamai_edge_hostname.secure-qa1-wsgc-com-edgekey-net.edge_hostname}",
              "cert_provisioning_type": "CPS_MANAGED"
            },
            {
              "cname_from": "www.qa34.markandgraham.com",
              "cname_to": "${akamai_edge_hostname.secure-qa1-wsgc-com-edgekey-net.edge_hostname}",
              "cert_provisioning_type": "CPS_MANAGED"
            },
            {
              "cname_from": "www.qa35.markandgraham.com",
              "cname_to": "${akamai_edge_hostname.secure-qa1-wsgc-com-edgekey-net.edge_hostname}",
              "cert_provisioning_type": "CPS_MANAGED"
            },
            {
              "cname_from": "www.qa36.markandgraham.com",
              "cname_to": "${akamai_edge_hostname.secure-qa1-wsgc-com-edgekey-net.edge_hostname}",
              "cert_provisioning_type": "CPS_MANAGED"
            },
            {
              "cname_from": "www.qa37.markandgraham.com",
              "cname_to": "${akamai_edge_hostname.slot13293-wsgc-com-edgekey-net.edge_hostname}",
              "cert_provisioning_type": "CPS_MANAGED"
            },
            {
              "cname_from": "www.qa38.markandgraham.com",
              "cname_to": "${akamai_edge_hostname.slot13293-wsgc-com-edgekey-net.edge_hostname}",
              "cert_provisioning_type": "CPS_MANAGED"
            },
            {
              "cname_from": "www.qa39.markandgraham.com",
              "cname_to": "${akamai_edge_hostname.secure-qa1-wsgc-com-edgekey-net.edge_hostname}",
              "cert_provisioning_type": "CPS_MANAGED"
            },
            {
              "cname_from": "www.qa4.markandgraham.com",
              "cname_to": "${akamai_edge_hostname.secure-qa1-wsgc-com-edgekey-net.edge_hostname}",
              "cert_provisioning_type": "CPS_MANAGED"
            },
            {
              "cname_from": "www.qa40.markandgraham.com",
              "cname_to": "${akamai_edge_hostname.secure-qa1-wsgc-com-edgekey-net.edge_hostname}",
              "cert_provisioning_type": "CPS_MANAGED"
            },
            {
              "cname_from": "www.qa41.markandgraham.com",
              "cname_to": "${akamai_edge_hostname.secure-qa-wsgc-com-edgekey-net.edge_hostname}",
              "cert_provisioning_type": "CPS_MANAGED"
            },
            {
              "cname_from": "www.qa42.markandgraham.com",
              "cname_to": "${akamai_edge_hostname.secure-qa1-wsgc-com-edgekey-net.edge_hostname}",
              "cert_provisioning_type": "CPS_MANAGED"
            },
            {
              "cname_from": "www.qa43.markandgraham.com",
              "cname_to": "${akamai_edge_hostname.secure-qa1-wsgc-com-edgekey-net.edge_hostname}",
              "cert_provisioning_type": "CPS_MANAGED"
            },
            {
              "cname_from": "www.qa44.markandgraham.com",
              "cname_to": "${akamai_edge_hostname.secure-qa1-wsgc-com-edgekey-net.edge_hostname}",
              "cert_provisioning_type": "CPS_MANAGED"
            },
            {
              "cname_from": "www.qa45.markandgraham.com",
              "cname_to": "${akamai_edge_hostname.secure-qa1-wsgc-com-edgekey-net.edge_hostname}",
              "cert_provisioning_type": "CPS_MANAGED"
            },
            {
              "cname_from": "www.qa46.markandgraham.com",
              "cname_to": "${akamai_edge_hostname.secure-qa1-wsgc-com-edgekey-net.edge_hostname}",
              "cert_provisioning_type": "CPS_MANAGED"
            },
            {
              "cname_from": "www.qa47.markandgraham.com",
              "cname_to": "${akamai_edge_hostname.secure-qa1-wsgc-com-edgekey-net.edge_hostname}",
              "cert_provisioning_type": "CPS_MANAGED"
            },
            {
              "cname_from": "www.qa48.markandgraham.com",
              "cname_to": "${akamai_edge_hostname.secure-qa1-wsgc-com-edgekey-net.edge_hostname}",
              "cert_provisioning_type": "CPS_MANAGED"
            },
            {
              "cname_from": "www.qa49.markandgraham.com",
              "cname_to": "${akamai_edge_hostname.secure-qa1-wsgc-com-edgekey-net.edge_hostname}",
              "cert_provisioning_type": "CPS_MANAGED"
            },
            {
              "cname_from": "www.qa5.markandgraham.com",
              "cname_to": "${akamai_edge_hostname.secure-qa1-wsgc-com-edgekey-net.edge_hostname}",
              "cert_provisioning_type": "CPS_MANAGED"
            },
            {
              "cname_from": "www.qa50.markandgraham.com",
              "cname_to": "${akamai_edge_hostname.secure-qa1-wsgc-com-edgekey-net.edge_hostname}",
              "cert_provisioning_type": "CPS_MANAGED"
            },
            {
              "cname_from": "www.qa51.markandgraham.com",
              "cname_to": "${akamai_edge_hostname.secure-qa1-wsgc-com-edgekey-net.edge_hostname}",
              "cert_provisioning_type": "CPS_MANAGED"
            },
            {
              "cname_from": "www.qa52.markandgraham.com",
              "cname_to": "${akamai_edge_hostname.slot13293-wsgc-com-edgekey-net.edge_hostname}",
              "cert_provisioning_type": "CPS_MANAGED"
            },
            {
              "cname_from": "www.qa53.markandgraham.com",
              "cname_to": "${akamai_edge_hostname.secure-qa1-wsgc-com-edgekey-net.edge_hostname}",
              "cert_provisioning_type": "CPS_MANAGED"
            },
            {
              "cname_from": "www.qa54.markandgraham.ca",
              "cname_to": "${akamai_edge_hostname.slot13293-wsgc-com-edgekey-net.edge_hostname}",
              "cert_provisioning_type": "CPS_MANAGED"
            },
            {
              "cname_from": "www.qa55.markandgraham.com",
              "cname_to": "${akamai_edge_hostname.secure-qa1-wsgc-com-edgekey-net.edge_hostname}",
              "cert_provisioning_type": "CPS_MANAGED"
            },
            {
              "cname_from": "www.qa56.markandgraham.com",
              "cname_to": "${akamai_edge_hostname.secure-qa1-wsgc-com-edgekey-net.edge_hostname}",
              "cert_provisioning_type": "CPS_MANAGED"
            },
            {
              "cname_from": "www.qa57.markandgraham.com",
              "cname_to": "${akamai_edge_hostname.secure-qa1-wsgc-com-edgekey-net.edge_hostname}",
              "cert_provisioning_type": "CPS_MANAGED"
            },
            {
              "cname_from": "www.qa58.markandgraham.com",
              "cname_to": "${akamai_edge_hostname.secure-qa1-wsgc-com-edgekey-net.edge_hostname}",
              "cert_provisioning_type": "CPS_MANAGED"
            },
            {
              "cname_from": "www.qa59.markandgraham.com",
              "cname_to": "${akamai_edge_hostname.slot13293-wsgc-com-edgekey-net.edge_hostname}",
              "cert_provisioning_type": "CPS_MANAGED"
            },
            {
              "cname_from": "www.qa6.markandgraham.com",
              "cname_to": "${akamai_edge_hostname.secure-qa1-wsgc-com-edgekey-net.edge_hostname}",
              "cert_provisioning_type": "CPS_MANAGED"
            },
            {
              "cname_from": "www.qa60.markandgraham.com",
              "cname_to": "${akamai_edge_hostname.secure-qa1-wsgc-com-edgekey-net.edge_hostname}",
              "cert_provisioning_type": "CPS_MANAGED"
            },
            {
              "cname_from": "www.qa61.markandgraham.com",
              "cname_to": "${akamai_edge_hostname.secure-qa1-wsgc-com-edgekey-net.edge_hostname}",
              "cert_provisioning_type": "CPS_MANAGED"
            },
            {
              "cname_from": "www.qa62.markandgraham.com",
              "cname_to": "${akamai_edge_hostname.secure-qa1-wsgc-com-edgekey-net.edge_hostname}",
              "cert_provisioning_type": "CPS_MANAGED"
            },
            {
              "cname_from": "www.qa7.markandgraham.com",
              "cname_to": "${akamai_edge_hostname.secure-qa1-wsgc-com-edgekey-net.edge_hostname}",
              "cert_provisioning_type": "CPS_MANAGED"
            },
            {
              "cname_from": "www.qa8.markandgraham.com",
              "cname_to": "${akamai_edge_hostname.secure-qa1-wsgc-com-edgekey-net.edge_hostname}",
              "cert_provisioning_type": "CPS_MANAGED"
            },
            {
              "cname_from": "www.qa9.markandgraham.com",
              "cname_to": "${akamai_edge_hostname.secure-qa1-wsgc-com-edgekey-net.edge_hostname}",
              "cert_provisioning_type": "CPS_MANAGED"
            },
            {
              "cname_from": "www.stg1.markandgraham.com",
              "cname_to": "${akamai_edge_hostname.secure-qa1-wsgc-com-edgekey-net.edge_hostname}",
              "cert_provisioning_type": "CPS_MANAGED"
            },
            {
              "cname_from": "www.uat.markandgraham.com",
              "cname_to": "${akamai_edge_hostname.secure-qa-wsgc-com-edgekey-net.edge_hostname}",
              "cert_provisioning_type": "CPS_MANAGED"
            },
            {
              "cname_from": "www.uat2.markandgraham.com",
              "cname_to": "${akamai_edge_hostname.secure-qa-wsgc-com-edgekey-net.edge_hostname}",
              "cert_provisioning_type": "CPS_MANAGED"
            },
            {
              "cname_from": "www.uat3.markandgraham.ca",
              "cname_to": "${akamai_edge_hostname.slot5302-wsgc-com-edgekey-net.edge_hostname}",
              "cert_provisioning_type": "CPS_MANAGED"
            },
            {
              "cname_from": "www.uat3.markandgraham.com",
              "cname_to": "${akamai_edge_hostname.secure-qa-wsgc-com-edgekey-net.edge_hostname}",
              "cert_provisioning_type": "CPS_MANAGED"
            },
            {
              "cname_from": "www.uat4.markandgraham.com",
              "cname_to": "${akamai_edge_hostname.secure-qa1-wsgc-com-edgekey-net.edge_hostname}",
              "cert_provisioning_type": "CPS_MANAGED"
            },
            {
              "cname_from": "www.uat5.markandgraham.com",
              "cname_to": "${akamai_edge_hostname.secure-qa1-wsgc-com-edgekey-net.edge_hostname}",
              "cert_provisioning_type": "CPS_MANAGED"
            },
            {
              "cname_from": "www.uat6.markandgraham.com",
              "cname_to": "${akamai_edge_hostname.secure-qa1-wsgc-com-edgekey-net.edge_hostname}",
              "cert_provisioning_type": "CPS_MANAGED"
            },
            {
              "cname_from": "www.uat7.markandgraham.com",
              "cname_to": "${akamai_edge_hostname.secure-qa1-wsgc-com-edgekey-net.edge_hostname}",
              "cert_provisioning_type": "CPS_MANAGED"
            }
          ],
          "rules": "${data.akamai_property_rules_template.rules.json}"
        }
      }
    },
    {
      "akamai_property_activation": {
        "qa-markandgraham-com_pm": {
          "property_id": "${akamai_property.qa-markandgraham-com_pm.id}",
          "contact": [
            "rjuluru@wsgc.com"
          ],
          "version": "${akamai_property.qa-markandgraham-com_pm.latest_version}",
          "network": "${upper(var.env)}"
        }
      }
    }
  ]
}