{
  "include": [
    "../../common/microservice.json"
  ],
  "name": "/shop/* /.delivery/* /.aecv1/*",
  "criteria": [
    {
      "name": "hostname",
      "options": {
        "matchOperator": "IS_ONE_OF",
        "values": [
          "www.qa11.greenrow.com"
        ]
      }
    },
    {
      "name": "path",
      "options": {
        "matchCaseSensitive": false,
        "matchOperator": "MATCHES_ONE_OF",
        "values": [
          "/api/order-status/*",
          "/authenticate.html*",
          "/m/account/.info/summary.html",
          "/m/note-me.html",
          "/not-me.html",
          "/phygital/.info/summary.html",
          "/registry/.info/summary.html"
        ],
        "exclude_common_values": [
          "/",
          "/about-us/*",
          "/account/confirm-thanks.html",
          "/account/create.html",
          "/account/emailupdate/confirm-thanks.html",
          "/account/logout.html",
          "/account/migrationStatus.html",
          "/account/passwordRequirementsChange.html",
          "/account/svc*",
          "/account/updatephonenumber.html",
          "/api/favorites/v1/*",
          "/api/order-status/v1/*",
          "/api/phygital/v1/*",
          "/cc/*",
          "/checkout/*",
          "/checkout/issue/*",
          "/content/ecm/*",
          "/customer-service/*",
          "/customer-service/address-change/*",
          "/customer-service/catalog-request/*",
          "/customer-service/charge-details/*",
          "/customer-service/email-list/*",
          "/customer-service/email-preferences/*",
          "/customer-service/email-us/*",
          "/customer-service/international-email-list/*",
          "/customer-service/intl-order-tracking/*",
          "/customer-service/list-order/*",
          "/customer-service/mailing-options/*",
          "/customer-service/order-shipment-tracking/*",
          "/customer-service/order-status/*",
          "/customer-service/return/*",
          "/favorites/*",
          "/index.html",
          "/internationalcheckout/*",
          "/m/",
          "/m/about-us/*",
          "/m/account/confirm-thanks.html",
          "/m/account/create.html",
          "/m/account/landing.html",
          "/m/account/logout.html",
          "/m/account/migrationStatus.html",
          "/m/account/passwordRequirementsChange.html",
          "/m/account/svc*",
          "/m/cc/*",
          "/m/checkout/*",
          "/m/checkout/issue/*",
          "/m/customer-service/*",
          "/m/customer-service/address-change/*",
          "/m/customer-service/catalog-request/*",
          "/m/customer-service/email-list/*",
          "/m/customer-service/email-preferences/*",
          "/m/customer-service/email-us/*",
          "/m/customer-service/international-email-list/*",
          "/m/customer-service/intl-order-tracking/*",
          "/m/customer-service/list-order/*",
          "/m/customer-service/mailing-options/*",
          "/m/customer-service/order-shipment-tracking/*",
          "/m/customer-service/return/*",
          "/m/favorites/*",
          "/m/index.html",
          "/m/pages/*",
          "/m/products/*",
          "/m/recommendations/*",
          "/m/resources/*",
          "/m/room/*",
          "/m/room/shop-by-room/*",
          "/m/thekey/*",
          "/m/trade-signin/*",
          "/order-servicing/*",
          "/pages/*",
          "/pages/homepage-test/",
          "/pages/kids/",
          "/products/*",
          "/recommendations/*",
          "/resources/*",
          "/room/*",
          "/room/shop-by-room/*",
          "/sitemap.html",
          "/thekey/*",
          "/trade-signin/*"
        ]
      }
    },
    {
      "name": "path",
      "options": {
        "matchCaseSensitive": false,
        "matchOperator": "DOES_NOT_MATCH_ONE_OF",
        "values": [],
        "exclude_common_values": [
          "/customer-service/coreemail.html",
          "/favorites/items/index.json",
          "/m/pages/xbrand-landing/",
          "/m/pages/xbrand-rows/",
          "/m/products/getScene7Url.json",
          "/pages/xbrand-landing/",
          "/pages/xbrand-rows/",
          "/products/*/email-a-friend-preview.html",
          "/products/*/email-a-friend.html",
          "/products/*/minipip.html",
          "/products/*/pip-print.html",
          "/products/*/quicklook.html",
          "/products/*/quicklook.json",
          "/products/*/request-swatches.html",
          "/products/getDeliveryInformation.json",
          "/products/getPostalCodeCookie.json",
          "/products/getScene7Url.json"
        ]
      }
    }
  ],
  "behaviors": [
    {
      "name": "origin",
      "options": {
        "hostname": "qa.origin-svc.greenrow.com"
      }
    },
    {
      "name": "rewriteUrl",
      "options": {
        "behavior": "PREPEND",
        "keepQueryString": true,
        "targetPathPrepend": "/qa11.greenrow.com/"
      }
    }
  ]
}