<?xml version="1.0" encoding="UTF-8"?>
<project>
    
  <node name="mg-xcprf-rk1v" description="Rundeck server node" tags="perf,frontend,mg" hostname="dparck-vicn001" osArch="amd64" osFamily="unix" osName="Linux" osVersion="3.10.0-327.28.2.el7.x86_64" username="imageuser" sudo-command-enabled="true" sudo-fail-on-prompt-timeout="false"/>
  <node name="mg-xcprf-rk2v" description="Rundeck server node" tags="perf,frontend,mg" hostname="dparck-vicn002" osArch="amd64" osFamily="unix" osName="Linux" osVersion="3.10.0-327.28.2.el7.x86_64" username="imageuser" sudo-command-enabled="true" sudo-fail-on-prompt-timeout="false"/>

  <node name="pb-xcprf-rk1v" description="Rundeck server node" tags="perf,frontend,pb" hostname="dparck-vicn003" osArch="amd64" osFamily="unix" osName="Linux" osVersion="3.10.0-327.28.2.el7.x86_64" username="imageuser" sudo-command-enabled="true" sudo-fail-on-prompt-timeout="false"/>
  <node name="pb-xcprf-rk2v" description="Rundeck server node" tags="perf,frontend,pb" hostname="dparck-vicn004" osArch="amd64" osFamily="unix" osName="Linux" osVersion="3.10.0-327.28.2.el7.x86_64" username="imageuser" sudo-command-enabled="true" sudo-fail-on-prompt-timeout="false"/>
  <node name="pb-xcprf-rk3v" description="Rundeck server node" tags="perf,frontend,pb" hostname="dparck-vicn005" osArch="amd64" osFamily="unix" osName="Linux" osVersion="3.10.0-327.28.2.el7.x86_64" username="imageuser" sudo-command-enabled="true" sudo-fail-on-prompt-timeout="false"/>
  <node name="pb-xcprf-rk4v" description="Rundeck server node" tags="perf,perf4,frontend,pb" hostname="dparck-vicn014" osArch="amd64" osFamily="unix" osName="Linux" osVersion="3.10.0-327.28.2.el7.x86_64" username="imageuser" sudo-command-enabled="true" sudo-fail-on-prompt-timeout="false"/>
  <node name="pb-xcprf-rk5v" description="Rundeck server node" tags="perf,perf5,frontend,pb" hostname="dparck-vicn015" osArch="amd64" osFamily="unix" osName="Linux" osVersion="3.10.0-327.28.2.el7.x86_64" username="imageuser" sudo-command-enabled="true" sudo-fail-on-prompt-timeout="false"/>

  <node name="pk-xcprf-rk1v" description="Rundeck server node" tags="perf,frontend,pk" hostname="dparck-vicn006" osArch="amd64" osFamily="unix" osName="Linux" osVersion="3.10.0-327.28.2.el7.x86_64" username="imageuser" sudo-command-enabled="true" sudo-fail-on-prompt-timeout="false"/>
  <node name="pk-xcprf-rk2v" description="Rundeck server node" tags="perf,frontend,pk" hostname="dparck-vicn007" osArch="amd64" osFamily="unix" osName="Linux" osVersion="3.10.0-327.28.2.el7.x86_64" username="imageuser" sudo-command-enabled="true" sudo-fail-on-prompt-timeout="false"/>
  <node name="pk-xcprf-rk3v" description="Rundeck server node" tags="perf,frontend,pk" hostname="dparck-vicn018" osArch="amd64" osFamily="unix" osName="Linux" osVersion="3.10.0-327.28.2.el7.x86_64" username="imageuser" sudo-command-enabled="true" sudo-fail-on-prompt-timeout="false"/>

  <node name="pt-xcprf-rk1v" description="Rundeck server node" tags="perf,frontend,pt" hostname="dparck-vicn008" osArch="amd64" osFamily="unix" osName="Linux" osVersion="3.10.0-327.28.2.el7.x86_64" username="imageuser" sudo-command-enabled="true" sudo-fail-on-prompt-timeout="false"/>
  <node name="pt-xcprf-rk2v" description="Rundeck server node" tags="perf,frontend,pt" hostname="dparck-vicn009" osArch="amd64" osFamily="unix" osName="Linux" osVersion="3.10.0-327.28.2.el7.x86_64" username="imageuser" sudo-command-enabled="true" sudo-fail-on-prompt-timeout="false"/>

  <node name="rj-xcprf-rk1v" description="Rundeck server node" tags="perf,frontend,rj" hostname="dparck-vicn300" osArch="amd64" osFamily="unix" osName="Linux" osVersion="3.10.0-327.28.2.el7.x86_64" username="imageuser" sudo-command-enabled="true" sudo-fail-on-prompt-timeout="false"/>
  <node name="rj-xcprf-rk2v" description="Rundeck server node" tags="perf,frontend,rj" hostname="dparck-vicn301" osArch="amd64" osFamily="unix" osName="Linux" osVersion="3.10.0-327.28.2.el7.x86_64" username="imageuser" sudo-command-enabled="true" sudo-fail-on-prompt-timeout="false"/>

  <node name="we-xcprf-rk1v" description="Rundeck server node" tags="perf,frontend,we" hostname="dparck-vicn010" osArch="amd64" osFamily="unix" osName="Linux" osVersion="3.10.0-327.28.2.el7.x86_64" username="imageuser" sudo-command-enabled="true" sudo-fail-on-prompt-timeout="false"/>
  <node name="we-xcprf-rk2v" description="Rundeck server node" tags="perf,frontend,we" hostname="dparck-vicn011" osArch="amd64" osFamily="unix" osName="Linux" osVersion="3.10.0-327.28.2.el7.x86_64" username="imageuser" sudo-command-enabled="true" sudo-fail-on-prompt-timeout="false"/>
  <node name="we-xcprf-rk3v" description="Rundeck server node" tags="perf,frontend,we" hostname="dparck-vicn017" osArch="amd64" osFamily="unix" osName="Linux" osVersion="3.10.0-327.28.2.el7.x86_64" username="imageuser" sudo-command-enabled="true" sudo-fail-on-prompt-timeout="false"/>

  <node name="ws-xcprf-rk1v" description="Rundeck server node" tags="perf,frontend,ws" hostname="dparck-vicn012" osArch="amd64" osFamily="unix" osName="Linux" osVersion="3.10.0-327.28.2.el7.x86_64" username="imageuser" sudo-command-enabled="true" sudo-fail-on-prompt-timeout="false"/>
  <node name="ws-xcprf-rk2v" description="Rundeck server node" tags="perf,frontend,ws" hostname="dparck-vicn013" osArch="amd64" osFamily="unix" osName="Linux" osVersion="3.10.0-327.28.2.el7.x86_64" username="imageuser" sudo-command-enabled="true" sudo-fail-on-prompt-timeout="false"/>
  <node name="ws-xcprf-rk3v" description="Rundeck server node" tags="perf,frontend,ws" hostname="dparck-vicn016" osArch="amd64" osFamily="unix" osName="Linux" osVersion="3.10.0-327.28.2.el7.x86_64" username="imageuser" sudo-command-enabled="true" sudo-fail-on-prompt-timeout="false"/>

  <!-- CATALOG nodes -->
  <node name="pb-catalog-service-perf-rk1v" description="Rundeck server node" tags="catalog,perf1,pb" hostname="catrck-vicn010" osArch="amd64" osFamily="unix" osName="Linux" osVersion="3.10.0-957.21.2.el7" username="imageuser" sudo-command-enabled="true" sudo-fail-on-prompt-timeout="false"/>
  <node name="pb-catalog-service-perf-rk2v" description="Rundeck server node" tags="catalog,perf1,pb" hostname="catrck-vicn011" osArch="amd64" osFamily="unix" osName="Linux" osVersion="3.10.0-957.21.2.el7" username="imageuser" sudo-command-enabled="true" sudo-fail-on-prompt-timeout="false"/>
  <node name="pb-catalog-service-perf-rk3v" description="Rundeck server node" tags="catalog,perf1,pb" hostname="catrck-vicn012" osArch="amd64" osFamily="unix" osName="Linux" osVersion="3.10.0-957.21.2.el7" username="imageuser" sudo-command-enabled="true" sudo-fail-on-prompt-timeout="false"/>
  <node name="pb-catalog-service-perf-rk4v" description="Rundeck server node" tags="catalog,perf1,pb" hostname="catrck-vicn013" osArch="amd64" osFamily="unix" osName="Linux" osVersion="3.10.0-957.21.2.el7" username="imageuser" sudo-command-enabled="true" sudo-fail-on-prompt-timeout="false"/>
  <node name="pb-catalog-service-perf-rk5v" description="Rundeck server node" tags="catalog,perf1,pb" hostname="catrck-vicn014" osArch="amd64" osFamily="unix" osName="Linux" osVersion="3.10.0-957.21.2.el7" username="imageuser" sudo-command-enabled="true" sudo-fail-on-prompt-timeout="false"/>

</project>
