{
  "children": [
    {
      "behaviors": [
        {
          "name": "cacheKeyQueryParams",
          "options": {
            "behavior": "INCLUDE_ALL_PRESERVE_ORDER"
          }
        }
      ],
      "criteria": [
        {
          "name": "path",
          "options": {
            "matchCaseSensitive": false,
            "matchOperator": "MATCHES_ONE_OF",
            "normalize": false,
            "values": [
              "/AEC/*",
              "/services/*",
              "/.aecv1/*",
              "/.delivery/*",
              "/svc/hash-lookup/*",
              "/itpm/*",
              "/recipe/*"
            ]
          }
        }
      ],
      "name": "/AEC/*, /services/*",
      "options": {},
      "criteriaMustSatisfy": "all"
    }
  ],
  "name": "Cache Key: Query String Rules",
  "options": {},
  "criteriaMustSatisfy": "all"
}