{
  "behaviors": [
    {
      "name": "advanced",
      "options": {
        "description": "",
        "xml": "\u003c!-- Rewrite the domain in cookies set by the origin --\u003e\n\u003cedgeservices:cookie.rewrite-set-cookie name=\"rewriteSetCookie\"\u003e\n  \u003cpath\u003e/\u003c/path\u003e\n  \u003cstatus\u003eon\u003c/status\u003e\n\u003c/edgeservices:cookie.rewrite-set-cookie\u003e"
      },
      "uuid": "e0dd6d63-e91d-4481-a04f-d3887312be33"
    }
  ],
  "criteria": [
    {
      "name": "hostname",
      "options": {
        "matchOperator": "IS_NOT_ONE_OF",
        "values": [
          "secure.qa5.williams-sonoma.com",
          "www.uat2.williams-sonoma.com"
        ]
      }
    }
  ],
  "name": "Cookie rewrite hostname",
  "options": {},
  "uuid": "66920f06-171a-4153-9e16-04f012884494",
  "criteriaMustSatisfy": "all"
}