{
  "behaviors": [
    {
      "name": "webdav",
      "options": {
        "enabled": true
      }
    },
    {
      "name": "allHttpInCacheHierarchy",
      "options": {
        "enabled": true
      }
    }
  ],
  "comments": "Enable OPTIONS HTTP method for CORS implementation.",
  "criteria": [
    {
      "name": "requestMethod",
      "options": {
        "matchOperator": "IS",
        "value": "OPTIONS"
      }
    }
  ],
  "name": "Enable OPTIONS",
  "options": {},
  "criteriaMustSatisfy": "all"
}