{
  "behaviors": [
    {
      "name": "advanced",
      "options": {
        "description": "File Not Found Failover",
        "xml": "\n                          \u003cmatch:request.type result=\"false\" value=\"ESI_FRAGMENT\"\u003e\n                              \u003cmatch:response.status value=\"404\"\u003e\n                                  \u003cforward:availability.fail-action2\u003e\n                                      \u003cpath\u003e/netstorage/friendly_404.html\u003c/path\u003e\n                                      \u003crequest-host\u003e%(FAIL_HOST)\u003c/request-host\u003e\n                                      \u003cstatus\u003eon\u003c/status\u003e\n                                      \u003ctype\u003eserve-alternate\u003c/type\u003e\n                                  \u003c/forward:availability.fail-action2\u003e\n                              \u003c/match:response.status\u003e\n\t\t\t\u003c/match:request.type\u003e"
      },
      "uuid": "7f72b8c0-6f3d-4076-8ffe-f6ef11d112c1"
    }
  ],
  "criteria": [
    {
      "name": "hostname",
      "options": {
        "matchOperator": "IS_NOT_ONE_OF",
        "values": [
          "dummy.hostname"
        ]
      }
    }
  ],
  "name": "Failover - 404s",
  "options": {},
  "uuid": "3946b9c5-3b0c-46be-b912-5c31a3712412",
  "templateLink": "/platformtoolkit/service/ruletemplate/346289107/1?accountId=1-J5YX\u0026gid=22415\u0026ck=22.8.8",
  "criteriaMustSatisfy": "all"
}