<?xml version="1.0" encoding="UTF-8"?>
<project>

  <node name="webauth-prd-rk01v" description="webauth prd node" tags="webauth,oauth,prd,rk1v" hostname="webauth-prd-rk01v" osArch="amd64" osFamily="unix" osName="Linux" osVersion="2.6.18-274.7.1.el5" username="imageuser" sudo-command-enabled="true" sudo-fail-on-prompt-timeout="false"/>
  <node name="webauth-prd-rk02v" description="webauth prd node" tags="webauth,oauth,prd,rk2v" hostname="webauth-prd-rk02v" osArch="amd64" osFamily="unix" osName="Linux" osVersion="2.6.18-274.7.1.el5" username="imageuser" sudo-command-enabled="true" sudo-fail-on-prompt-timeout="false"/>
  <node name="webauth-prd-rk03v" description="webauth prd node" tags="webauth,oauth,prd,rk3v" hostname="webrck-vccn001" osArch="amd64" osFamily="unix" osName="Linux" osVersion="2.6.18-274.7.1.el5" username="imageuser" sudo-command-enabled="true" sudo-fail-on-prompt-timeout="false"/>
  <node name="webauth-prd-rk04v" description="webauth prd node" tags="webauth,oauth,prd,rk4v" hostname="webauth-prd-rk04v" osArch="amd64" osFamily="unix" osName="Linux" osVersion="2.6.18-274.7.1.el5" username="imageuser" sudo-command-enabled="true" sudo-fail-on-prompt-timeout="false"/>
  <node name="webauth-prd-rk05v" description="webauth prd node" tags="webauth,oauth,prd,rk5v" hostname="webauth-prd-rk05v" osArch="amd64" osFamily="unix" osName="Linux" osVersion="2.6.18-274.7.1.el5" username="imageuser" sudo-command-enabled="true" sudo-fail-on-prompt-timeout="false"/>
  <node name="webauth-prd-rk06v" description="webauth prd node" tags="webauth,oauth,prd,rk6v" hostname="webauth-prd-rk06v" osArch="amd64" osFamily="unix" osName="Linux" osVersion="2.6.18-274.7.1.el5" username="imageuser" sudo-command-enabled="true" sudo-fail-on-prompt-timeout="false"/>

  <node name="webauth-prd-rk07v" description="webauth prd node" tags="webauth,oauth,prd,rk7v" hostname="wahrck-vpcn001" osArch="amd64" osFamily="unix" osName="Linux" osVersion="2.6.18-274.7.1.el5" username="imageuser" sudo-command-enabled="true" sudo-fail-on-prompt-timeout="false"/>
  <node name="webauth-prd-rk08v" description="webauth prd node" tags="webauth,oauth,prd,rk8v" hostname="wahrck-vpcn002" osArch="amd64" osFamily="unix" osName="Linux" osVersion="2.6.18-274.7.1.el5" username="imageuser" sudo-command-enabled="true" sudo-fail-on-prompt-timeout="false"/>
  <node name="webauth-prd-rk09v" description="webauth prd node" tags="webauth,oauth,prd,rk9v" hostname="wahrck-vpcn003" osArch="amd64" osFamily="unix" osName="Linux" osVersion="2.6.18-274.7.1.el5" username="imageuser" sudo-command-enabled="true" sudo-fail-on-prompt-timeout="false"/>
  <node name="webauth-prd-rk10v" description="webauth prd node" tags="webauth,oauth,prd,rk10v" hostname="wahrck-vpcn004" osArch="amd64" osFamily="unix" osName="Linux" osVersion="2.6.18-274.7.1.el5" username="imageuser" sudo-command-enabled="true" sudo-fail-on-prompt-timeout="false"/>
  <node name="webauth-prd-rk11v" description="webauth prd node" tags="webauth,oauth,prd,rk11v" hostname="wahrck-vpcn005" osArch="amd64" osFamily="unix" osName="Linux" osVersion="2.6.18-274.7.1.el5" username="imageuser" sudo-command-enabled="true" sudo-fail-on-prompt-timeout="false"/>
  <node name="webauth-prd-rk12v" description="webauth prd node" tags="webauth,oauth,prd,rk12v" hostname="wahrck-vpcn006" osArch="amd64" osFamily="unix" osName="Linux" osVersion="2.6.18-274.7.1.el5" username="imageuser" sudo-command-enabled="true" sudo-fail-on-prompt-timeout="false"/>
  <node name="webauth-prd-rk13v" description="webauth prd node" tags="webauth,oauth,prd,rk13v" hostname="wahrck-vcrk001" osArch="amd64" osFamily="unix" osName="Rocky Linux" osVersion="8.7" username="imageuser" sudo-command-enabled="true" sudo-fail-on-prompt-timeout="false"/>
  <node name="webauth-prd-rk14v" description="webauth prd node" tags="webauth,oauth,prd,rk14v" hostname="wahrck-vcrk002" osArch="amd64" osFamily="unix" osName="Rocky Linux" osVersion="8.7" username="imageuser" sudo-command-enabled="true" sudo-fail-on-prompt-timeout="false"/>
  <node name="webauth-prd-rk15v" description="webauth prd node" tags="webauth,oauth,prd,rk15v" hostname="wahrck-vcrk003" osArch="amd64" osFamily="unix" osName="Rocky Linux" osVersion="8.7" username="imageuser" sudo-command-enabled="true" sudo-fail-on-prompt-timeout="false"/>


  <node name="webauth-prd-ab01v" description="webauth prd node" tags="webauth,oauth,prd,ab1v" hostname="webauth-prd-ab01v" osArch="amd64" osFamily="unix" osName="Linux" osVersion="2.6.18-274.7.1.el5" username="imageuser" sudo-command-enabled="true" sudo-fail-on-prompt-timeout="false"/>
  <node name="webauth-prd-ab02v" description="webauth prd node" tags="webauth,oauth,prd,ab2v" hostname="webauth-prd-ab02v" osArch="amd64" osFamily="unix" osName="Linux" osVersion="2.6.18-274.7.1.el5" username="imageuser" sudo-command-enabled="true" sudo-fail-on-prompt-timeout="false"/>
  <node name="webauth-prd-ab03v" description="webauth prd node" tags="webauth,oauth,prd,ab3v" hostname="webash-vccn001" osArch="amd64" osFamily="unix" osName="Linux" osVersion="2.6.18-274.7.1.el5" username="imageuser" sudo-command-enabled="true" sudo-fail-on-prompt-timeout="false"/>
  <node name="webauth-prd-ab04v" description="webauth prd node" tags="webauth,oauth,prd,ab4v" hostname="webauth-prd-ab04v" osArch="amd64" osFamily="unix" osName="Linux" osVersion="2.6.18-274.7.1.el5" username="imageuser" sudo-command-enabled="true" sudo-fail-on-prompt-timeout="false"/>
  <node name="webauth-prd-ab05v" description="webauth prd node" tags="webauth,oauth,prd,ab5v" hostname="webauth-prd-ab05v" osArch="amd64" osFamily="unix" osName="Linux" osVersion="2.6.18-274.7.1.el5" username="imageuser" sudo-command-enabled="true" sudo-fail-on-prompt-timeout="false"/>
  <node name="webauth-prd-ab06v" description="webauth prd node" tags="webauth,oauth,prd,ab6v" hostname="webauth-prd-ab06v" osArch="amd64" osFamily="unix" osName="Linux" osVersion="2.6.18-274.7.1.el5" username="imageuser" sudo-command-enabled="true" sudo-fail-on-prompt-timeout="false"/>
  <node name="webauth-prd-ab07v" description="webauth prd node" tags="webauth,oauth,prd,ab7v" hostname="webash-vcrk001" osArch="amd64" osFamily="unix" osName="Rocky Linux" osVersion="8.7" username="imageuser" sudo-command-enabled="true" sudo-fail-on-prompt-timeout="false"/>
  <node name="webauth-prd-ab08v" description="webauth prd node" tags="webauth,oauth,prd,ab8v" hostname="webash-vcrk002" osArch="amd64" osFamily="unix" osName="Rocky Linux" osVersion="8.7" username="imageuser" sudo-command-enabled="true" sudo-fail-on-prompt-timeout="false"/>
  <node name="webauth-prd-ab09v" description="webauth prd node" tags="webauth,oauth,prd,ab9v" hostname="webash-vcrk001" osArch="amd64" osFamily="unix" osName="Rocky Linux" osVersion="8.7" username="imageuser" sudo-command-enabled="true" sudo-fail-on-prompt-timeout="false"/>


</project>
