{
  "criteria": [
    {
      "name": "path",
      "options": {
        "matchCaseSensitive": false,
        "matchOperator": "MATCHES_ONE_OF",
        "values": [
          "/.aecv1/*",
          "/.delivery/*",
          "/.global/.info/summary.html",
          "/.static/*",
          "/about-us/*",
          "/account/",
          "/account/.info/summary.html",
          "/account/addressbook.html",
          "/account/addressbook/",
          "/account/confirm-thanks.html",
          "/account/confirm.html",
          "/account/create.html",
          "/account/creditcard.html",
          "/account/creditcard/",
          "/account/creditcard/create.html",
          "/account/emailupdate/confirm-thanks.html",
          "/account/forgotpassword.html",
          "/account/forgotpassword/confirm.html",
          "/account/forgotpassword/passwordUpdatethanks.html",
          "/account/index.html",
          "/account/keyrewards.html",
          "/account/keyrewards/key-credit-rewards.json",
          "/account/login-attempts.html",
          "/account/login.html",
          "/account/logout.html",
          "/account/migrationStatus.html",
          "/account/passwordRequirementsChange.html",
          "/account/recipe-box/",
          "/account/svc*",
          "/account/updateaccount.html",
          "/account/updateemail.html",
          "/account/updatename.html",
          "/account/updatepassword.html",
          "/account/updatephonenumber.html",
          "/aos/*",
          "/api/catalog/v1/*",
          "/api/content/v1/*",
          "/api/designer/v1/*",
          "/api/favorites/v1/*",
          "/api/geo/v1/*",
          "/api/inventory/v1/*",
          "/api/loyalty/v1/*",
          "/api/marketing/v1/*",
          "/api/order-status/v1/*",
          "/api/phygital/v1/*",
          "/api/profile/v1/*",
          "/api/profile/v2/*",
          "/api/registry/*",
          "/api/user/v2/*",
          "/apple-pay/generate-session.json",
          "/appointments/*",
          "/cc/*",
          "/checkout/*",
          "/content/ecm/*",
          "/customer-service/*",
          "/customer-service/gift-services/e-gift-card/*",
          "/design-services/*",
          "/events/*",
          "/favorites/*",
          "/internationalcheckout/*",
          "/m/about-us/*",
          "/m/account/",
          "/m/account/addressbook.html",
          "/m/account/addressbook/",
          "/m/account/confirm-thanks.html",
          "/m/account/confirm.html",
          "/m/account/create.html",
          "/m/account/creditcard.html",
          "/m/account/creditcard/",
          "/m/account/creditcard/create.html",
          "/m/account/forgotpassword.html",
          "/m/account/forgotpassword/confirm.html",
          "/m/account/forgotpassword/passwordUpdatethanks.html",
          "/m/account/index.html",
          "/m/account/keyrewards.html",
          "/m/account/landing.html",
          "/m/account/login-attempts.html",
          "/m/account/login.html",
          "/m/account/logout.html",
          "/m/account/migrationStatus.html",
          "/m/account/passwordRequirementsChange.html",
          "/m/account/recipe-box/",
          "/m/account/svc*",
          "/m/account/updateaccount.html",
          "/m/account/updateemail.html",
          "/m/account/updatename.html",
          "/m/account/updatepassword.html",
          "/m/aos/*",
          "/m/appointments/*",
          "/m/cc/*",
          "/m/checkout/*",
          "/m/customer-service/*",
          "/m/events/*",
          "/m/favorites/*",
          "/m/pages/*",
          "/m/products/*",
          "/m/products/getScene7Url.json",
          "/m/promotion/eligibility/group/*",
          "/m/recommendations/*",
          "/m/registry/",
          "/m/registry/*/gift-tracker.html",
          "/m/registry/*/registry-checklist.html",
          "/m/registry/*/registry-list.html*",
          "/m/registry/*/update.html",
          "/m/registry/account-linking-search.html",
          "/m/registry/create-registry-sign-in.html",
          "/m/registry/create.html",
          "/m/registry/find-registry.html",
          "/m/registry/find.html",
          "/m/registry/index.html",
          "/m/registry/registry-login.html",
          "/m/registry/search-registry.html",
          "/m/resources/*",
          "/m/room/*",
          "/m/search/results.html",
          "/m/search/searchdown.html",
          "/m/search/stores.json",
          "/m/services/shoppingcart/*",
          "/m/shop/*",
          "/m/shopping-cart/*",
          "/m/shoppingcart/*",
          "/m/stores/*",
          "/m/thekey/*",
          "/m/trade-signin/*",
          "/my-design-projects/.api/*",
          "/nativeapp/.api/*",
          "/order-servicing/*",
          "/pages/*",
          "/pages/gallery/",
          "/products/*",
          "/products/getScene7Url.json",
          "/promotion/eligibility/group/*",
          "/recommendations/*",
          "/registry/",
          "/registry/*/gift-tracker.html",
          "/registry/*/registry-checklist.html",
          "/registry/*/registry-list.html*",
          "/registry/*/update.html",
          "/registry/.info/summary.html",
          "/registry/account-linking-search.html",
          "/registry/create-registry-sign-in.html",
          "/registry/create.html",
          "/registry/find-registry.html",
          "/registry/find.html",
          "/registry/index.html",
          "/registry/registry-login.html",
          "/registry/search-registry.html",
          "/resources/*",
          "/room/*",
          "/search/results.html",
          "/search/searchdown.html",
          "/search/stores.json",
          "/services/shoppingcart/*",
          "/shop/*",
          "/shopping-cart/*",
          "/shopping/*",
          "/shoppingcart/*",
          "/sitemap.html",
          "/stores*",
          "/stores-pb/*",
          "/stores-pk/*",
          "/stores-pt/*",
          "/thekey/*",
          "/trade-signin/*"
        ]
      }
    },
    {
      "name": "path",
      "options": {
        "matchCaseSensitive": false,
        "matchOperator": "DOES_NOT_MATCH_ONE_OF",
        "values": [
          "/account/not-me.html",
          "/authenticate.html",
          "/customer-service/coreemail.html",
          "/customer-service/popup/communication-preferences.html*",
          "/customer-service/shipping-info.html",
          "/customer-service/shipping-info/",
          "/customer-service/show-join-email.jsonp",
          "/favorites/items/index.json",
          "/m/authenticate.html",
          "/m/customer-service/confirm-mobile-email-signup.html*",
          "/m/customer-service/shipping-info/",
          "/m/pages/xbrand-landing/*",
          "/m/pages/xbrand-landing/",
          "/pages/xbrand-landing/",
          "/pages/xbrand-landing/*",
          "/m/pages/xbrand-rows/*",
          "/m/pages/xbrand-rows/",
          "/pages/baby.html",
          "/pages/fragments/*",
          "/pages/overlay/*",
          "/pages/popups/*",
          "/pages/xbrand-rows/",
          "/pages/xbrand-rows/*",
          "/products/*/email-a-friend-preview.html",
          "/products/*/email-a-friend.html",
          "/products/*/minipip.html",
          "/products/*/pip-print.html",
          "/products/*/quicklook.html",
          "/products/*/quicklook.json",
          "/products/*/request-swatches.html",
          "/products/getDeliveryInformation.json",
          "/products/getPostalCodeCookie.json",
          "/svc/recommendation/*",
          "/trade-signin/shopnow.html"
        ]
      }
    }
  ]
}
