{
  "include": [
    "../../common/microservice.json"
  ],
  "name": "/shop/* /.delivery/* /.aecv1/* /.static/* /m/shop/*",
  "criteria": [
    {
      "name": "hostname",
      "options": {
        "matchOperator": "IS_ONE_OF",
        "values": [
          "www.qa26.potterybarnkids.com"
        ]
      }
    },
    {
      "name": "path",
      "options": {
        "matchCaseSensitive": false,
        "matchOperator": "MATCHES_ONE_OF",
        "values": [
          "/.static/ecmcontent/*",
          "/api/profile/v2/*",
          "/api/registry/*",
          "/api/registry/v1/*",
          "/api/user/v2/*",
          "/customer-service/list-order/*",
          "/customer-service/order-shipment-tracking/*",
          "/customer-service/order-status/*",
          "/m/account/.info/summary.html",
          "/m/customer-service/list-order/*",
          "/m/customer-service/order-shipment-tracking/*",
          "/m/registry/",
          "/m/registry/*/gift-tracker.html*",
          "/m/registry/*/registry-list.html",
          "/m/registry/*/registry-list.html*",
          "/m/registry/*/update.html",
          "/m/registry/*/update.html*",
          "/m/registry/account-linking-search.html",
          "/m/registry/account-linking-search.html*",
          "/m/registry/create-registry-sign-in.html",
          "/m/registry/create-registry-sign-in.html*",
          "/m/registry/create.html",
          "/m/registry/create.html*",
          "/m/registry/find-registry.html",
          "/m/registry/find-registry.html*",
          "/m/registry/find.html",
          "/m/registry/find.html*",
          "/m/registry/index.html",
          "/m/registry/index.html*",
          "/m/registry/registry-login.html",
          "/m/registry/registry-login.html*",
          "/m/registry/search-registry.html",
          "/m/registry/search-registry.html*",
          "/m/stores*",
          "/m/tips-and-ideas/*",
          "/m/trade-signin/*",
          "/phygital/.info/summary.html",
          "/registry/",
          "/registry/*/gift-tracker.html*",
          "/registry/*/registry-list.html",
          "/registry/*/registry-list.html*",
          "/registry/*/update.html",
          "/registry/*/update.html*",
          "/registry/.info/summary.html",
          "/registry/account-linking-search.html",
          "/registry/create-registry-sign-in.html",
          "/registry/create-registry-sign-in.html*",
          "/registry/create.html",
          "/registry/create.html*",
          "/registry/find-registry.html",
          "/registry/find-registry.html*",
          "/registry/find.html",
          "/registry/find.html*",
          "/registry/index.html",
          "/registry/index.html*",
          "/registry/registry-login.html",
          "/registry/registry-login.html*",
          "/registry/search-registry.html",
          "/registry/search-registry.html*",
          "/stores/*",
          "/tips-and-ideas/*",
          "/trade-signin/*"
        ],
        "exclude_common_values": [
          "/m/trade-signin/login.html",
          "/trade-signin/login.html"
        ]
      }
    },
    {
      "name": "path",
      "options": {
        "matchCaseSensitive": false,
        "matchOperator": "DOES_NOT_MATCH_ONE_OF",
        "values": [
          "/customer-service/",
          "/customer-service/catalog-request/*",
          "/customer-service/confirm-mobile-email-signup.html*",
          "/customer-service/join-email-confirm.jsonp*",
          "/m/customer-service/",
          "/m/trade-signin/shopnow.html",
          "/pages/business-to-business/*",
          "/products/getScene7Url.json",
          "/trade-signin/login.html"
        ],
        "exclude_common_values": [
          "/customer-service/shipping-info/",
          "/m/customer-service/shipping-info/"
        ]
      }
    }
  ],
  "behaviors": [
    {
      "name": "origin",
      "options": {
        "hostname": "qa.origin-svc.potterybarnkids.com"
      }
    },
    {
      "name": "rewriteUrl",
      "options": {
        "behavior": "PREPEND",
        "keepQueryString": true,
        "targetPathPrepend": "/{{builtin.AK_DOMAIN}}/"
      }
    }
  ]
}