<?xml version="1.0" encoding="UTF-8"?>
<maven2-moduleset plugin="maven-plugin@1.509.2">
  <actions/>
  <description>Builder</description>
  <logRotator class="hudson.tasks.LogRotator">
    <daysToKeep>180</daysToKeep>
    <numToKeep>20</numToKeep>
    <artifactDaysToKeep>-1</artifactDaysToKeep>
    <artifactNumToKeep>-1</artifactNumToKeep>
  </logRotator>
  <keepDependencies>false</keepDependencies>
  <properties/>
  <scm class="hudson.scm.SubversionSCM" plugin="subversion@1.39">
    <locations>
      <hudson.scm.SubversionSCM_-ModuleLocation>
        <remote>https://repos.wsgc.com/svn/core/wcm/branches/release-4.1</remote>
        <credentialsId>bb7f2475-307d-46ae-bf2c-87791001d4a7</credentialsId>
        <local>.</local>
      </hudson.scm.SubversionSCM_-ModuleLocation>
    </locations>
    <excludedRegions/>
    <includedRegions/>
    <excludedUsers/>
    <excludedRevprop/>
    <excludedCommitMessages/>
    <workspaceUpdater class="hudson.scm.subversion.UpdateUpdater"/>
  </scm>
  <assignedNode>build</assignedNode>
  <canRoam>false</canRoam>
  <disabled>false</disabled>
  <blockBuildWhenDownstreamBuilding>false</blockBuildWhenDownstreamBuilding>
  <blockBuildWhenUpstreamBuilding>true</blockBuildWhenUpstreamBuilding>
  <triggers class="vector">
    <hudson.triggers.SCMTrigger>
      <spec>*/3 * * * *</spec>
      <ignorePostCommitHooks>false</ignorePostCommitHooks>
    </hudson.triggers.SCMTrigger>
  </triggers>
  <concurrentBuild>false</concurrentBuild>
  <rootModule>
    <groupId>com.wsgc.ecommerce.wcm</groupId>
    <artifactId>wcm</artifactId>
  </rootModule>
  <goals>-Dmaven.repo.local=&quot;/apps/maven/executor-localrepos/$EXECUTOR_NUMBER&quot; clean deploy -Dsvntagger</goals>
  <aggregatorStyleBuild>true</aggregatorStyleBuild>
  <incrementalBuild>false</incrementalBuild>
  <perModuleEmail>true</perModuleEmail>
  <ignoreUpstremChanges>false</ignoreUpstremChanges>
  <archivingDisabled>true</archivingDisabled>
  <resolveDependencies>false</resolveDependencies>
  <processPlugins>false</processPlugins>
  <mavenValidationLevel>-1</mavenValidationLevel>
  <runHeadless>false</runHeadless>
  <disableTriggerDownstreamProjects>false</disableTriggerDownstreamProjects>
  <settings class="jenkins.mvn.DefaultSettingsProvider"/>
  <globalSettings class="jenkins.mvn.DefaultGlobalSettingsProvider"/>
  <reporters/>
  <publishers>
    <hudson.plugins.chucknorris.CordellWalkerRecorder plugin="chucknorris@0.5">
      <factGenerator/>
    </hudson.plugins.chucknorris.CordellWalkerRecorder>
    <hudson.plugins.emailext.ExtendedEmailPublisher plugin="email-ext@2.31">
      <recipientList>$DEFAULT_RECIPIENTS</recipientList>
      <configuredTriggers>
        <hudson.plugins.emailext.plugins.trigger.FirstFailureTrigger>
          <email>
            <recipientList>$PROJECT_DEFAULT_RECIPIENTS</recipientList>
            <subject>$PROJECT_DEFAULT_SUBJECT</subject>
            <body>$PROJECT_DEFAULT_CONTENT</body>
            <sendToDevelopers>true</sendToDevelopers>
            <sendToRequester>false</sendToRequester>
            <includeCulprits>false</includeCulprits>
            <sendToRecipientList>true</sendToRecipientList>
            <attachmentsPattern/>
            <attachBuildLog>false</attachBuildLog>
            <compressBuildLog>false</compressBuildLog>
            <replyTo>$PROJECT_DEFAULT_REPLYTO</replyTo>
          </email>
          <failureCount>1</failureCount>
        </hudson.plugins.emailext.plugins.trigger.FirstFailureTrigger>
      </configuredTriggers>
      <contentType>default</contentType>
      <defaultSubject>$DEFAULT_SUBJECT</defaultSubject>
      <defaultContent>$DEFAULT_CONTENT</defaultContent>
      <attachmentsPattern/>
      <presendScript>$DEFAULT_PRESEND_SCRIPT</presendScript>
      <attachBuildLog>false</attachBuildLog>
      <compressBuildLog>false</compressBuildLog>
      <replyTo>$DEFAULT_REPLYTO</replyTo>
      <saveOutput>false</saveOutput>
    </hudson.plugins.emailext.ExtendedEmailPublisher>
  </publishers>
  <buildWrappers>
    <org.jenkinsci.plugins.builduser.BuildUser plugin="build-user-vars-plugin@1.4"/>
   </buildWrappers>
  <prebuilders/>
  <postbuilders/>
  <runPostStepsIfResult>
    <name>FAILURE</name>
    <ordinal>2</ordinal>
    <color>RED</color>
  </runPostStepsIfResult>
</maven2-moduleset>
