<?xml version='1.0' encoding='UTF-8'?>
<project>
  <description></description>
  <keepDependencies>false</keepDependencies>
  <properties>
    <hudson.plugins.buildblocker.BuildBlockerProperty plugin="build-blocker-plugin@1.7.2">
      <useBuildBlocker>false</useBuildBlocker>
      <blockLevel>GLOBAL</blockLevel>
      <scanQueueFor>DISABLED</scanQueueFor>
      <blockingJobs></blockingJobs>
    </hudson.plugins.buildblocker.BuildBlockerProperty>
    <jenkins.model.BuildDiscarderProperty>
      <strategy class="hudson.tasks.LogRotator">
        <daysToKeep>20</daysToKeep>
        <numToKeep>20</numToKeep>
        <artifactDaysToKeep>-1</artifactDaysToKeep>
        <artifactNumToKeep>-1</artifactNumToKeep>
      </strategy>
    </jenkins.model.BuildDiscarderProperty>
  </properties>
  <scm class="hudson.plugins.git.GitSCM" plugin="git@2.4.1">
    <configVersion>2</configVersion>
    <userRemoteConfigs>
      <hudson.plugins.git.UserRemoteConfig>
        <url>git@github.wsgc.com:eCommerce-Whitney/wcm-qa.git</url>
        <credentialsId>4feb455a-c32c-4a08-b08a-b12f71fef67e</credentialsId>
      </hudson.plugins.git.UserRemoteConfig>
    </userRemoteConfigs>
    <branches>
      <hudson.plugins.git.BranchSpec>
        <name>master</name>
      </hudson.plugins.git.BranchSpec>
    </branches>
    <doGenerateSubmoduleConfigurations>false</doGenerateSubmoduleConfigurations>
    <submoduleCfg class="list"/>
    <extensions/>
  </scm>
  <assignedNode>build</assignedNode>
  <canRoam>false</canRoam>
  <disabled>false</disabled>
  <blockBuildWhenDownstreamBuilding>false</blockBuildWhenDownstreamBuilding>
  <blockBuildWhenUpstreamBuilding>false</blockBuildWhenUpstreamBuilding>
  <jdk>JDK1.7</jdk>
  <triggers>
    <hudson.triggers.TimerTrigger>
      <spec>H/15 9 * * *</spec>
    </hudson.triggers.TimerTrigger>
  </triggers>
  <concurrentBuild>false</concurrentBuild>
  <publishers/>
  <buildWrappers/>
</project>
