{
  "behaviors": [
    {
      "name": "modifyIncomingRequestHeader",
      "options": {
        "action": "ADD",
        "customHeaderName": "Original-Hostname",
        "headerValue": "{{builtin.AK_HOST}}",
        "standardAddHeaderName": "OTHER"
      }
    }
  ],
  "criteria": [
    {
      "name": "hostname",
      "options": {
        "matchOperator": "IS_ONE_OF",
        "values": [
          "qa.potterybarnkids.com"
        ]
      }
    }
  ],
  "name": "Add Original-Hostname header",
  "options": {},
  "criteriaMustSatisfy": "all"
}