{
  "behaviors": [
    {
      "name": "redirect",
      "options": {
        "destinationHostname": "OTHER",
        "destinationHostnameOther": "quebec.potterybarnkids.production.na2.netsuitestaging.com",
        "destinationPath": "OTHER",
        "destinationPathOther": "/",
        "destinationProtocol": "HTTP",
        "mobileDefaultChoice": "DEFAULT",
        "queryString": "APPEND",
        "responseCode": 301
      }
    }
  ],
  "criteria": [
    {
      "name": "userLocation",
      "options": {
        "checkIps": "BOTH",
        "countryValues": [
          "CA"
        ],
        "field": "COUNTRY",
        "matchOperator": "IS_ONE_OF",
        "useOnlyFirstXForwardedForIp": false
      }
    },
    {
      "name": "matchAdvanced",
      "options": {
        "closeXml": "\u003c/match:client.edgescape2\u003e",
        "description": "match on Quebec region code",
        "openXml": "\u003cmatch:client.edgescape2 check-ips=\"both\" field=\"REGION_CODE\"\n      result=\"true\" use-headers=\"all\" value=\"QC\"\u003e"
      },
      "uuid": "7d0680d7-b7be-4f1c-9924-165118236282"
    },
    {
      "name": "path",
      "options": {
        "matchCaseSensitive": false,
        "matchOperator": "MATCHES_ONE_OF",
        "normalize": false,
        "values": [
          "/"
        ]
      }
    }
  ],
  "name": "Canada Redirect",
  "options": {},
  "uuid": "f1154032-bcce-4de2-a71a-f9c8c6c3c3de",
  "criteriaMustSatisfy": "all"
}