{
  "behaviors": [
    {
      "name": "advanced",
      "options": {
        "description": "",
        "xml": "\u003c!-- Rewrite the domain in cookies set by the origin --\u003e\n\u003cedgeservices:cookie.rewrite-set-cookie name=\"rewriteSetCookie\"\u003e\n  \u003cpath\u003e/\u003c/path\u003e\n  \u003cstatus\u003eon\u003c/status\u003e\n\u003c/edgeservices:cookie.rewrite-set-cookie\u003e"
      },
      "uuid": "0ecee0b8-f247-439f-ba48-99db816e3955",
      "templateUuid": "e0dd6d63-e91d-4481-a04f-d3887312be33"
    }
  ],
  "criteria": [
    {
      "name": "hostname",
      "options": {
        "matchOperator": "IS_NOT_ONE_OF",
        "values": [
          "www.qa5.potterybarnkids.com",
          "www.uat2.potterybarnkids.com"
        ]
      }
    }
  ],
  "name": "Cookie rewrite hostname",
  "options": {},
  "uuid": "1d5fd9f4-acc1-44ec-852c-cd176133a191",
  "templateLink": "/platformtoolkit/service/ruletemplate/37980273/1?accountId=1-J5YX\u0026gid=22415\u0026ck=16.6.1",
  "criteriaMustSatisfy": "all"
}