{
  "children": [
    {
      "behaviors": [
        {
          "name": "setVariable",
          "options": {
            "extractLocation": "EDGESCAPE",
            "locationId": "COUNTRY_CODE",
            "transform": "NONE",
            "valueSource": "EXTRACT",
            "variableName": "PMUSER_COUNTRY_CODE"
          }
        },
        {
          "name": "setVariable",
          "options": {
            "extractLocation": "EDGESCAPE",
            "locationId": "REGION_CODE",
            "transform": "NONE",
            "valueSource": "EXTRACT",
            "variableName": "PMUSER_REGION_CODE"
          }
        },
        {
          "name": "setVariable",
          "options": {
            "endIndex": "5",
            "extractLocation": "EDGESCAPE",
            "locationId": "ZIP",
            "startIndex": "0",
            "transform": "SUBSTRING",
            "valueSource": "EXTRACT",
            "variableName": "PMUSER_ZIP_CODE"
          }
        },
        {
          "name": "setVariable",
          "options": {
            "extractLocation": "EDGESCAPE",
            "locationId": "LAT",
            "transform": "NONE",
            "valueSource": "EXTRACT",
            "variableName": "PMUSER_LAT"
          }
        },
        {
          "name": "setVariable",
          "options": {
            "extractLocation": "EDGESCAPE",
            "locationId": "LONG",
            "transform": "NONE",
            "valueSource": "EXTRACT",
            "variableName": "PMUSER_LONG"
          }
        },
        {
          "name": "setVariable",
          "options": {
            "transform": "NONE",
            "valueSource": "EXPRESSION",
            "variableName": "PMUSER_EDGESCAPE_DATA",
            "variableValue": "{{user.PMUSER_COUNTRY_CODE}}|{{user.PMUSER_REGION_CODE}}|{{user.PMUSER_ZIP_CODE}}|{{user.PMUSER_LAT}}|{{user.PMUSER_LONG}}"
          }
        },
        {
          "name": "advanced",
          "options": {
            "description": "Set Response Cookie",
            "xml": "\u003cedgeservices:cookie.set-fixed name=\"WSGEO\"\u003e\n    \u003cvalue\u003e%(PMUSER_EDGESCAPE_DATA)\u003c/value\u003e\n    \u003cstatus\u003eon\u003c/status\u003e\n    \u003cdomain\u003e%(AK_HOST)\u003c/domain\u003e\n    \u003cpath\u003e/\u003c/path\u003e\n    \u003cexpires\u003e1h\u003c/expires\u003e\n    \u003cname\u003eWSGEO\u003c/name\u003e\n    \u003csecure\u003eon\u003c/secure\u003e\n\u003c/edgeservices:cookie.set-fixed\u003e"
          },
          "uuid": "2900f7fa-cb92-434b-b154-e77050328549",
          "templateUuid": "630876a6-d4fc-4227-8b3a-f784175d68cd"
        }
      ],
      "criteria": [
        {
          "name": "requestCookie",
          "options": {
            "cookieName": "WSGEO",
            "matchCaseSensitiveName": false,
            "matchOperator": "DOES_NOT_EXIST",
            "matchWildcardName": false
          }
        }
      ],
      "name": "W/O Geo Cookie",
      "options": {},
      "uuid": "16285e44-f99b-4f94-bd5e-384ef359af91",
      "templateLink": "/platformtoolkit/service/ruletemplate/187541178/1?accountId=1-J5YX\u0026gid=22415\u0026ck=20.4.1",
      "criteriaMustSatisfy": "all"
    },
    {
      "behaviors": [
        {
          "name": "setVariable",
          "options": {
            "cookieName": "WSGEO",
            "extractLocation": "COOKIE",
            "transform": "NONE",
            "valueSource": "EXTRACT",
            "variableName": "PMUSER_INCOMING_GEODATA"
          }
        },
        {
          "name": "setVariable",
          "options": {
            "extractLocation": "EDGESCAPE",
            "locationId": "COUNTRY_CODE",
            "transform": "NONE",
            "valueSource": "EXTRACT",
            "variableName": "PMUSER_COUNTRY_CODE"
          }
        },
        {
          "name": "setVariable",
          "options": {
            "extractLocation": "EDGESCAPE",
            "locationId": "REGION_CODE",
            "transform": "NONE",
            "valueSource": "EXTRACT",
            "variableName": "PMUSER_REGION_CODE"
          }
        },
        {
          "name": "setVariable",
          "options": {
            "endIndex": "5",
            "extractLocation": "EDGESCAPE",
            "locationId": "ZIP",
            "startIndex": "0",
            "transform": "SUBSTRING",
            "valueSource": "EXTRACT",
            "variableName": "PMUSER_ZIP_CODE"
          }
        },
        {
          "name": "setVariable",
          "options": {
            "extractLocation": "EDGESCAPE",
            "locationId": "LAT",
            "transform": "NONE",
            "valueSource": "EXTRACT",
            "variableName": "PMUSER_LAT"
          }
        },
        {
          "name": "setVariable",
          "options": {
            "extractLocation": "EDGESCAPE",
            "locationId": "LONG",
            "transform": "NONE",
            "valueSource": "EXTRACT",
            "variableName": "PMUSER_LONG"
          }
        },
        {
          "name": "setVariable",
          "options": {
            "transform": "NONE",
            "valueSource": "EXPRESSION",
            "variableName": "PMUSER_EDGESCAPE_DATA",
            "variableValue": "{{user.PMUSER_COUNTRY_CODE}}|{{user.PMUSER_REGION_CODE}}|{{user.PMUSER_ZIP_CODE}}|{{user.PMUSER_LAT}}|{{user.PMUSER_LONG}}"
          }
        }
      ],
      "children": [
        {
          "behaviors": [
            {
              "name": "advanced",
              "options": {
                "description": "Set Response Cookie",
                "xml": "\u003cedgeservices:cookie.set-fixed name=\"WSGEO\"\u003e\n    \u003cvalue\u003e%(PMUSER_EDGESCAPE_DATA)\u003c/value\u003e\n    \u003cstatus\u003eon\u003c/status\u003e\n    \u003cdomain\u003e%(AK_HOST)\u003c/domain\u003e\n    \u003cpath\u003e/\u003c/path\u003e\n    \u003cexpires\u003e1h\u003c/expires\u003e\n    \u003cname\u003eWSGEO\u003c/name\u003e\n    \u003csecure\u003eon\u003c/secure\u003e\n\u003c/edgeservices:cookie.set-fixed\u003e"
              },
              "uuid": "6cc65847-a286-44e7-a6f5-0da6403e0b30",
              "templateUuid": "f1603315-68ca-4af9-a243-03bc1c27a0d6"
            }
          ],
          "criteria": [
            {
              "name": "matchVariable",
              "options": {
                "matchCaseSensitive": true,
                "matchOperator": "IS_NOT",
                "matchWildcard": false,
                "variableExpression": "{{user.PMUSER_EDGESCAPE_DATA}}",
                "variableName": "PMUSER_INCOMING_GEODATA"
              }
            }
          ],
          "name": "Geo Cookie Comparison",
          "options": {},
          "uuid": "afe2cb61-a332-42b6-873d-8fa2e5a1952a",
          "templateLink": "/platformtoolkit/service/ruletemplate/187541178/1?accountId=1-J5YX\u0026gid=22415\u0026ck=20.4.1",
          "criteriaMustSatisfy": "all"
        }
      ],
      "criteria": [
        {
          "name": "requestCookie",
          "options": {
            "cookieName": "WSGEO",
            "matchCaseSensitiveName": false,
            "matchOperator": "EXISTS",
            "matchWildcardName": false
          }
        }
      ],
      "name": "W/ Geo Cookie",
      "options": {},
      "uuid": "aa08097f-5a5e-42d1-91b4-c6ca1feac543",
      "templateLink": "/platformtoolkit/service/ruletemplate/187541178/1?accountId=1-J5YX\u0026gid=22415\u0026ck=20.4.1",
      "criteriaMustSatisfy": "all"
    }
  ],
  "criteria": [
    {
      "name": "requestType",
      "options": {
        "matchOperator": "IS",
        "value": "CLIENT_REQ"
      }
    },
    {
      "name": "requestType",
      "options": {
        "matchOperator": "IS_NOT",
        "value": "ESI_FRAGMENT"
      }
    },
    {
      "name": "hostname",
      "options": {
        "matchOperator": "IS_ONE_OF",
        "values": [
          "www.qa19*",
          "www.qa24*",
          "www.perf*",
          "www.qa14*",
          "www.uat4*",
          "www.uat3*",
          "www.qa32*",
          "regression*",
          "www.qa34.*",
          "www.qa46*",
          "www.qa49*",
          "www.qa30*",
          "www.bpv*",
          "www.qa37*",
          "www.qa2.*",
          "www.qa47*",
          "www.qa48*",
          "www.qa40*",
          "www.qa27*",
          "www.qa51*",
          "www.qa6*",
          "www.qa50*",
          "www.qa54*",
          "www.qa36*",
          "www.qa22*",
          "www.qa29*",
          "www.qa*",
          "www.uat*"
        ]
      }
    }
  ],
  "name": "Geo Cookie Settings",
  "options": {},
  "uuid": "a5aaa1c7-9d49-46a1-a75d-bb7b723019c4",
  "templateLink": "/platformtoolkit/service/ruletemplate/187541178/1?accountId=1-J5YX\u0026gid=22415\u0026ck=20.4.1",
  "criteriaMustSatisfy": "all"
}