{
  "children": [
    {
      "behaviors": [
        {
          "name": "advanced",
          "options": {
            "description": "",
            "xml": "\u003cassign:variable\u003e\n    \u003cname\u003eNIM_VP_IN_WRCOOKIESALT\u003c/name\u003e\n    \u003cvalue\u003eUnique_Salt-PK\u003c/value\u003e\n    \u003chidden\u003eon\u003c/hidden\u003e\n\u003c/assign:variable\u003e"
          },
          "uuid": "a58de09b-f436-4608-bc7b-c30b2d33702c"
        },
        {
          "name": "visitorPrioritization",
          "options": {
            "allowedUserCookieAdvanced": false,
            "allowedUserCookieDuration": 300,
            "allowedUserCookieEnabled": true,
            "allowedUserCookieLabel": "PK_QA_Desktop",
            "allowedUserCookieManagementTitle": "",
            "allowedUserCookieRefresh": true,
            "cloudletPolicy": {
              "id": 116014,
              "name": "PK_QA_Desktop_VP"
            },
            "enabled": true,
            "userIdentificationByCookie": false,
            "userIdentificationByHeaders": false,
            "userIdentificationByIp": false,
            "userIdentificationByParams": false,
            "userIdentificationTitle": "",
            "waitingRoomCacheTtl": 5,
            "waitingRoomCookieAdvanced": true,
            "waitingRoomCookieAutomaticSalt": false,
            "waitingRoomCookieDomainType": "DYNAMIC",
            "waitingRoomCookieDuration": 20,
            "waitingRoomCookieEnabled": true,
            "waitingRoomCookieHttpOnly": false,
            "waitingRoomCookieManagementTitle": "",
            "waitingRoomCookieSalt": "Unique_Salt-PK",
            "waitingRoomCookieShareLabel": true,
            "waitingRoomCpCode": {
              "cpCodeLimits": {
                "currentCapacity": 128,
                "limit": 366,
                "limitType": "account"
              },
              "createdDate": 1564680467000,
              "description": "PK - QA - VP Desktop",
              "id": 879138,
              "name": "PK - QA - VP Desktop",
              "products": [
                "SPM"
              ]
            },
            "waitingRoomDirectory": "/pk",
            "waitingRoomManagementTitle": "",
            "waitingRoomNetStorage": {
              "cpCode": 684132,
              "downloadDomainName": "waitingroomwsi.download.akamai.com",
              "g2oToken": null
            },
            "waitingRoomStatusCode": 200,
            "waitingRoomUseCpCode": true
          }
        }
      ],
      "criteria": [
        {
          "name": "deviceCharacteristic",
          "options": {
            "booleanValue": false,
            "characteristic": "IS_WIRELESS_DEVICE"
          }
        }
      ],
      "name": "Desktop",
      "options": {},
      "uuid": "1b9cee1f-ca6d-4f65-83a8-81bd5d125dae",
      "templateLink": "/platformtoolkit/service/ruletemplate/148584476/1?accountId=1-J5YX\u0026gid=22415\u0026ck=19.6",
      "criteriaMustSatisfy": "all"
    },
    {
      "behaviors": [
        {
          "name": "advanced",
          "options": {
            "description": "",
            "xml": "\u003cassign:variable\u003e\n    \u003cname\u003eNIM_VP_IN_WRCOOKIESALT\u003c/name\u003e\n    \u003cvalue\u003eUnique_Salt-PK-Mobile\u003c/value\u003e\n    \u003chidden\u003eon\u003c/hidden\u003e\n\u003c/assign:variable\u003e"
          },
          "uuid": "8830040a-57ac-4929-a3c7-00fd042a51dc"
        },
        {
          "name": "visitorPrioritization",
          "options": {
            "allowedUserCookieAdvanced": false,
            "allowedUserCookieDuration": 300,
            "allowedUserCookieEnabled": true,
            "allowedUserCookieLabel": "PK_QA_Mobile",
            "allowedUserCookieManagementTitle": "",
            "allowedUserCookieRefresh": true,
            "cloudletPolicy": {
              "id": 116015,
              "name": "PK_QA_Mobile_VP"
            },
            "enabled": true,
            "userIdentificationByCookie": false,
            "userIdentificationByHeaders": false,
            "userIdentificationByIp": false,
            "userIdentificationByParams": false,
            "userIdentificationTitle": "",
            "waitingRoomCacheTtl": 5,
            "waitingRoomCookieAdvanced": true,
            "waitingRoomCookieAutomaticSalt": false,
            "waitingRoomCookieDomainType": "DYNAMIC",
            "waitingRoomCookieDuration": 30,
            "waitingRoomCookieEnabled": true,
            "waitingRoomCookieHttpOnly": false,
            "waitingRoomCookieManagementTitle": "",
            "waitingRoomCookieSalt": "Unique_Salt-PK-Mobile",
            "waitingRoomCookieShareLabel": true,
            "waitingRoomCpCode": {
              "cpCodeLimits": {
                "currentCapacity": 127,
                "limit": 366,
                "limitType": "account"
              },
              "createdDate": 1564680496000,
              "description": "PK - QA - VP Mobile",
              "id": 879140,
              "name": "PK - QA - VP Mobile",
              "products": [
                "SPM"
              ]
            },
            "waitingRoomDirectory": "/pk",
            "waitingRoomManagementTitle": "",
            "waitingRoomNetStorage": {
              "cpCode": 684132,
              "downloadDomainName": "waitingroomwsi.download.akamai.com",
              "g2oToken": null
            },
            "waitingRoomStatusCode": 200,
            "waitingRoomUseCpCode": true
          }
        }
      ],
      "criteria": [
        {
          "name": "deviceCharacteristic",
          "options": {
            "booleanValue": true,
            "characteristic": "IS_WIRELESS_DEVICE"
          }
        }
      ],
      "name": "Mobile",
      "options": {},
      "uuid": "c47bc25c-3b44-4146-88f2-ce7eca4fca3a",
      "templateLink": "/platformtoolkit/service/ruletemplate/148584476/1?accountId=1-J5YX\u0026gid=22415\u0026ck=19.6",
      "criteriaMustSatisfy": "all"
    }
  ],
  "criteria": [
    {
      "name": "fileExtension",
      "options": {
        "matchCaseSensitive": false,
        "matchOperator": "IS_NOT_ONE_OF",
        "values": [
          "aif",
          "aiff",
          "au",
          "avi",
          "bin",
          "bmp",
          "cab",
          "carb",
          "cct",
          "cdf",
          "class",
          "doc",
          "dcr",
          "dtd",
          "exe",
          "flv",
          "gcf",
          "gff",
          "gif",
          "grv",
          "hdml",
          "hqx",
          "ico",
          "ini",
          "jpeg",
          "jpg",
          "mov",
          "mp3",
          "nc",
          "pct",
          "pdf",
          "png",
          "ppc",
          "pws",
          "swa",
          "swf",
          "txt",
          "vbs",
          "w32",
          "wav",
          "wbmp",
          "wml",
          "wmlc",
          "wmls",
          "wmlsc",
          "xsd",
          "zip",
          "pict",
          "tif",
          "tiff",
          "mid",
          "midi",
          "eot",
          "otf",
          "svg",
          "svgz",
          "webp",
          "jxr",
          "jar",
          "jp2",
          "json"
        ]
      }
    },
    {
      "name": "path",
      "options": {
        "matchCaseSensitive": false,
        "matchOperator": "DOES_NOT_MATCH_ONE_OF",
        "normalize": false,
        "values": [
          "/*imgs/*/images/dp/ecm/*",
          "/AEC/*",
          "/.aecv1/*",
          "*/cacheable/*"
        ]
      }
    },
    {
      "name": "hostname",
      "options": {
        "matchOperator": "IS_ONE_OF",
        "values": [
          "www.uat4*",
          "www.uat3.potterybarnkids.ca"
        ]
      }
    },
    {
      "name": "requestCookie",
      "options": {
        "cookieName": "PKPE_SID_UAT",
        "matchCaseSensitiveName": true,
        "matchOperator": "DOES_NOT_EXIST",
        "matchWildcardName": false
      }
    },
    {
      "name": "userAgent",
      "options": {
        "matchCaseSensitive": false,
        "matchOperator": "IS_NOT_ONE_OF",
        "matchWildcard": true,
        "values": [
          "*WSI/1.0*"
        ]
      }
    }
  ],
  "name": "Visitor Prioritization",
  "options": {},
  "uuid": "aa24f0c2-de69-4118-a156-dde85d729c9b",
  "templateLink": "/platformtoolkit/service/ruletemplate/148584476/1?accountId=1-J5YX\u0026gid=22415\u0026ck=19.6",
  "criteriaMustSatisfy": "all"
}