{
  "behaviors": [
    {
      "name": "advanced",
      "options": {
        "description": "Bypass Cache",
        "xml": "\u003ccache:bypass\u003eon\u003c/cache:bypass\u003e\n\u003ccache:no-store\u003eoff\u003c/cache:no-store\u003e\n\u003ccache:honor-expires\u003eoff\u003c/cache:honor-expires\u003e"
      },
      "uuid": "8f7bfcfb-0afe-4615-a3c5-8bcec7336223",
      "templateUuid": "faa0457a-cbea-4840-8aba-b36c39643f33"
    }
  ],
  "comments": "https://track.akamai.com/jira/browse/WSGC-176",
  "criteria": [
    {
      "name": "path",
      "options": {
        "matchCaseSensitive": false,
        "matchOperator": "MATCHES_ONE_OF",
        "normalize": false,
        "values": [
          "/.static/*"
        ]
      }
    },
    {
      "name": "fileExtension",
      "options": {
        "matchCaseSensitive": false,
        "matchOperator": "IS_ONE_OF",
        "values": [
          "css",
          "js",
          "ico"
        ]
      }
    },
    {
      "name": "responseHeader",
      "options": {
        "headerName": "Content-Length",
        "lowerBound": 0,
        "matchOperator": "IS_BETWEEN",
        "matchWildcardName": false,
        "upperBound": 30
      }
    }
  ],
  "name": "Zero byte response caching (bypass cache)",
  "options": {},
  "uuid": "72875d28-d52b-4d28-9ca2-74236b553496",
  "templateLink": "/platformtoolkit/service/ruletemplate/277173259/1?accountId=1-J5YX\u0026gid=22415\u0026ck=21.7.1",
  "criteriaMustSatisfy": "all"
}