<?xml version="1.0" encoding="UTF-8"?>
<controller-info>
  <!-- For detailed information on the ways you can configure the Java Agent
  and configuration order of precedence, see:
  https://docs.appdynamics.com/display/LATEST/Administer+the+Java+Agent

  The agent applies configurations in the following order of precedence.
    1. Environment variables.
    2. System properties passed on the command line.
    3. Versioned agent properties.    /$(Agent-Base-Install-Dir)/ver$(agent-version-no)/conf/agent.properties
    4. Global agent properties.       /$(Agent-Base-Install-Dir)/conf/agent.properties
    5. Versioned configuration file.  /$(Agent-Base-Install-Dir)/ver$(agent-version-no)/conf/controller-info.xml
    6. Global configuration file.     /$(Agent-Base-Install-Dir)/conf/controller-info.xml -->

  <!-- The host name or the IP address of the AppDynamics Controller.
  For example, 192.168.1.22 or myhost or myhost.abc.com
  This is the same host that you use to access the AppDynamics Controller user interface.
  You can override this configuration with an environment variable 'APPDYNAMICS_CONTROLLER_HOST_NAME' or
  the system property '-Dappdynamics.controller.hostName' -->
  <controller-host>adyrck-vicn001</controller-host>

  <!-- The http(s) port of the AppDynamics Controller. If 'controller-ssl-enabled' below is set to true, you must
  specify the HTTPS port of the Controller, otherwise specify the HTTP port. The Controller listens on port 8090 by default.
  If you set 'controller-ssl-enabled' to true, the Controller listens on port 8181.
  If you are using a saas Controller, the ssl port is 443
  This is the same port that you use to access the AppDynamics Controller user interface.
  You can override this configuration with an environment variable 'APPDYNAMICS_CONTROLLER_PORT' or
  the system property '-Dappdynamics.controller.port' -->
  <controller-port>5443</controller-port>

  <!-- Connect to the Controller using SSL(HTTPS). If you set this to true,
  set the controller-port property to the HTTPS port for the Controller.
  The agent only connects to the Controller using SSL when you enable this property. Otherwise, the
  agent connects to the Controller using HTTP.
  You can override this configuration with an environment variable 'APPDYNAMICS_CONTROLLER_SSL_ENABLED' or
  the system property '-Dappdynamics.controller.ssl.enabled' -->
  <controller-ssl-enabled>true</controller-ssl-enabled>

  <!-- Truncate the hostname to remove the domain name.
  For example, 'server.mydomain.com' becomes 'server'. Hostnames with no domain remain unchanged.
  For exmaple; 'server'. -->
  <use-simple-hostname>false</use-simple-hostname>

  <!-- The logical business application name that this jvm node belongs to.
  This is not the deployment name (ear/war/jar) on the application server.
  For example, you may name a business application name 'ACME Portal' if you are monitoring
  a portal application or 'ACME ECommerce' etc. If a business application of this name does not exist,
  the Controller creates one automatically.
  You can override this configuration with an environment variable 'APPDYNAMICS_AGENT_APPLICATION_NAME' or
  the system property '-Dappdynamics.agent.applicationName' -->
  <application-name></application-name>

  <!-- The logical business tier this node belongs to.
  For example, a tier can be 'ACME Frontend' or 'ACME Backend Service' etc.
  If your JVM / appserver startup script contains a system property that you want to use for the tier name,
  for example, -Dserver.tier, you can refer to the system property similarly: ${server.tier}
  You can use expressions like ${server.tier}_${some.property}.MyTier to define the tier name.
  You can override this configuration with an environment variable 'APPDYNAMICS_AGENT_TIER_NAME' or
  the system property '-Dappdynamics.agent.tierName' -->
  <tier-name>Metrics</tier-name>

  <!-- Unique name for this jvm node. The name must be unique within the business application. e.g. weblogicinstance23 or
  hweb24. If your JVM / appserver startup script contains a system property that you want to use for the node name,
  For example, -Dserver.name, you can refer to the system property similarly: ${server.name}.
  The value for server.name will be used as AppDynamics node name.
  You can use expressions like ${server.name}_${host.name}.MyNode to define the node name.
  You can override this configuration with an environment variable 'APPDYNAMICS_AGENT_NODE_NAME' or
  the system property '-Dappdynamics.agent.nodeName' -->
  <node-name></node-name>

  <!-- The runtime directory for all runtime files (logs, transaction configuration) for agent nodes using this agent
  installation. This optional property defaults to the agent-installation-directory . If you specify a different directory,
  the agent writes all agent logs to agent-runtime-dir/logs/node-name. The agent writes transaction configuration to files to
  agent-runtime-dir/conf/node-name. You can override this configuration with an environment variable 'APPDYNAMICS_AGENT_BASE_DIR'
  or the system property '-Dappdynamics.agent.runtime.dir' -->
  <agent-runtime-dir></agent-runtime-dir>

  <!-- Enable features required for AppDynamics Orchestration.
  When true, the agent is able to resolve the AppDynamics Controller host and port
  when the host machine where this agent resides is created through AppDynamics Orchestration.
  If the host machine where this agent resides is NOT created through Orchestration then LEAVE
  this flag set to 'false'. -->
  <enable-orchestration>false</enable-orchestration>

  <!-- Encrypt agent credentials.
  Before you enable Use Encrypted Credentials, see the instructions on how to initialize the
  Secure Credential Store:
  https://docs.appdynamics.com/display/LATEST/Encrypt+Credentials+for+Agent+Configuration
  When true, the agent to uses encrypted credentials from the secure credential store.
  When true, you must supply the credential store file name and the obfuscated credential store password. -->
  <use-encrypted-credentials></use-encrypted-credentials>
  <!-- Full qualified path name for the SCS-KeyStore file name. -->
  <credential-store-filename></credential-store-filename>
  <!-- Password for the 'Secure Credential Store' (SCS). This password must be obfuscated. -->
  <credential-store-password></credential-store-password>

  <!-- Enable agent-side mutual authentication with the Controller. Required when the Controller is configured for client authentication -->
  <use-ssl-client-auth>false</use-ssl-client-auth>
  <!-- Asymmetric keystore filename -->
  <asymmetric-keystore-filename></asymmetric-keystore-filename>
  <!-- Asymmetric keystore password - If SCS is enabled, use the encrypted password. -->
  <asymmetric-keystore-password></asymmetric-keystore-password>
  <!-- Asymmetric key password - If SCS is enabled, use the encrypted password. -->
  <asymmetric-key-password></asymmetric-key-password>
  <!-- Asymmetric key alias - Only set this alias if the keystore has multiple keys for deterministic key selection.-->
  <asymmetric-key-alias></asymmetric-key-alias>

  <!-- The account name for multi-tenant Controllers.
  You can override this configuration with an environment variable 'APPDYNAMICS_AGENT_ACCOUNT_NAME' or
  the system property '-Dappdynamics.agent.accountName' -->
  <account-name>customer1</account-name>
  <!-- The account access key.
  You can override this configuration with an environment variable 'APPDYNAMICS_AGENT_ACCOUNT_ACCESS_KEY' or
  the system property '-Dappdynamics.agent.accountAccessKey'
  if 'use-encrypted-credentials' is set to true, use the encrypted the account access key. -->
  <account-access-key>7493f02d-b309-4f14-ad93-720faae926a6</account-access-key>

  <!-- Change to 'true' only under special circumstances when you want to override this node's application name
  or tier name after this agent has been moved to a new application and/or tier in the Controller UI. When true,
  the agent uses the application name and/or tier name from the configuration file.-->
  <force-agent-registration>false</force-agent-registration>

  <!--
  This is custom... not sure why it's here but calling out that it wasn't in the original file
  -->
  <auto-naming>false</auto-naming>

</controller-info>
