<?xml version="1.0" encoding="UTF-8"?>
<project>

  <node name="mg-wcm-uat1-rk1v" description="mg wcm uat1 node" tags="wcm,mg,apmagents,uat1,uat" hostname="wcmrck-vicn059" osArch="amd64" osFamily="unix" osName="Linux" osVersion="3.10.0-1160.25.1.el7" username="imageuser" sudo-command-enabled="true" sudo-fail-on-prompt-timeout="false"/>
  <node name="pb-wcm-uat1-rk1v" description="pb wcm uat1 node" tags="wcm,pb,apmagents,uat1,uat" hostname="wcmrck-vicn060" osArch="amd64" osFamily="unix" osName="Linux" osVersion="3.10.0-1160.25.1.el7" username="imageuser" sudo-command-enabled="true" sudo-fail-on-prompt-timeout="false"/>
  <node name="pk-wcm-uat1-rk1v" description="pk wcm uat1 node" tags="wcm,pk,apmagents,uat1,uat" hostname="wcmrck-vicn056" osArch="amd64" osFamily="unix" osName="Linux" osVersion="3.10.0-1160.25.1.el7" username="imageuser" sudo-command-enabled="true" sudo-fail-on-prompt-timeout="false"/>
  <node name="pt-wcm-uat1-rk1v" description="pt wcm uat1 node" tags="wcm,pt,apmagents,uat1,uat" hostname="wcmrck-vicn062" osArch="amd64" osFamily="unix" osName="Linux" osVersion="3.10.0-1160.25.1.el7" username="imageuser" sudo-command-enabled="true" sudo-fail-on-prompt-timeout="false"/>
  <node name="rj-wcm-uat1-rk1v" description="rj wcm uat1 node" tags="wcm,rj,apmagents,uat1" hostname="wcmrck-vicn003" osArch="amd64" osFamily="unix" osName="Linux" osVersion="3.10.0-1160.25.1.el7" username="imageuser" sudo-command-enabled="true" sudo-fail-on-prompt-timeout="false"/>
  <node name="we-wcm-uat1-rk1v" description="we wcm uat1 node" tags="wcm,we,apmagents,uat1,uat" hostname="wcmrck-vicn063" osArch="amd64" osFamily="unix" osName="Linux" osVersion="3.10.0-1160.25.1.el7" username="imageuser" sudo-command-enabled="true" sudo-fail-on-prompt-timeout="false"/>
  <node name="ws-wcm-uat1-rk1v" description="ws wcm uat1 node" tags="wcm,ws,apmagents,uat1,uat" hostname="wcmrck-vicn031" osArch="amd64" osFamily="unix" osName="Linux" osVersion="3.10.0-1160.25.1.el7" username="imageuser" sudo-command-enabled="true" sudo-fail-on-prompt-timeout="false"/>

  <node name="mg-wcm-uat2-rk1v" description="mg wcm uat2 node" tags="wcm,mg,apmagents,uat2" hostname="wcmrck-vicn065" osArch="amd64" osFamily="unix" osName="Linux" osVersion="3.10.0-1160.25.1.el7" username="imageuser" sudo-command-enabled="true" sudo-fail-on-prompt-timeout="false"/>
  <node name="pb-wcm-uat2-rk1v" description="pb wcm uat2 node" tags="wcm,pb,apmagents,uat2" hostname="wcmrck-vicn066" osArch="amd64" osFamily="unix" osName="Linux" osVersion="3.10.0-1160.25.1.el7" username="imageuser" sudo-command-enabled="true" sudo-fail-on-prompt-timeout="false"/>
  <node name="pk-wcm-uat2-rk1v" description="pk wcm uat2 node" tags="wcm,pk,apmagents,uat2" hostname="wcmrck-vicn061" osArch="amd64" osFamily="unix" osName="Linux" osVersion="3.10.0-1160.25.1.el7" username="imageuser" sudo-command-enabled="true" sudo-fail-on-prompt-timeout="false"/>
  <node name="pt-wcm-uat2-rk1v" description="pt wcm uat2 node" tags="wcm,pt,apmagents,uat2" hostname="wcmrck-vicn072" osArch="amd64" osFamily="unix" osName="Linux" osVersion="3.10.0-1160.25.1.el7" username="imageuser" sudo-command-enabled="true" sudo-fail-on-prompt-timeout="false"/>
  <node name="rj-wcm-uat2-rk1v" description="rj wcm uat2 node" tags="wcm,rj,apmagents,uat2" hostname="wcmrck-vicn002" osArch="amd64" osFamily="unix" osName="Linux" osVersion="3.10.0-1160.25.1.el7" username="imageuser" sudo-command-enabled="true" sudo-fail-on-prompt-timeout="false"/>
  <node name="we-wcm-uat2-rk1v" description="we wcm uat2 node" tags="wcm,we,apmagents,uat2" hostname="wcmrck-vicn067" osArch="amd64" osFamily="unix" osName="Linux" osVersion="3.10.0-1160.25.1.el7" username="imageuser" sudo-command-enabled="true" sudo-fail-on-prompt-timeout="false"/>
  <node name="ws-wcm-uat2-rk1v" description="ws wcm uat2 node" tags="wcm,ws,apmagents,uat2" hostname="wcmrck-vicn068" osArch="amd64" osFamily="unix" osName="Linux" osVersion="3.10.0-1160.25.1.el7" username="imageuser" sudo-command-enabled="true" sudo-fail-on-prompt-timeout="false"/>

</project>
