{
  "include": [
    "../../common/microservice.json"
  ],
  "name": "/shop/* /.delivery/* /.aecv1/* /.static/* /m/shop/*",
  "criteria": [
    {
      "name": "hostname",
      "options": {
        "matchOperator": "IS_ONE_OF",
        "values": [
          "www.qa61.potterybarn.com"
        ]
      }
    },
    {
      "name": "path",
      "options": {
        "matchCaseSensitive": false,
        "matchOperator": "MATCHES_ONE_OF",
        "values": [
          "/.static/ecmcontent/*",
          "/account/check-verification-link.html*",
          "/account/credit-account-lookup.html",
          "/account/keyrewards/key-credit-rewards.json",
          "/account/svc/*",
          "/account/verification.html*",
          "/api/registry/v1/*",
          "/cacheable/availability/getDeliveryInformationByPostalCode.json",
          "/customer-service/additional-options/",
          "/customer-service/address-change/",
          "/customer-service/address-change/*",
          "/customer-service/business-sales/",
          "/customer-service/catalog-request/",
          "/customer-service/catalog-request/*",
          "/customer-service/email-list/",
          "/customer-service/email-list/*",
          "/customer-service/email-preferences/",
          "/customer-service/email-preferences/*",
          "/customer-service/email-us/",
          "/customer-service/email-us/*",
          "/customer-service/gift-services/",
          "/customer-service/gift-services/*",
          "/customer-service/international-email-list/*",
          "/customer-service/intl-order-tracking/",
          "/customer-service/intl-order-tracking/*",
          "/customer-service/join-email.jsonp",
          "/customer-service/mailing-options/",
          "/customer-service/mailing-options/*",
          "/customer-service/order-inquiries/",
          "/customer-service/order-inquiries/*",
          "/customer-service/order-status/*",
          "/customer-service/order-tracking/",
          "/customer-service/popup/",
          "/customer-service/popup/*",
          "/design-studio/*",
          "/internationalshoppingcart/*",
          "/m/account/credit-account-lookup.html",
          "/m/account/svc/*",
          "/m/customer-service/address-change/*",
          "/m/customer-service/catalog-request/*",
          "/m/customer-service/email-list/",
          "/m/customer-service/email-list/*",
          "/m/customer-service/email-preferences/*",
          "/m/customer-service/email-us/",
          "/m/customer-service/email-us/*",
          "/m/customer-service/international-email-list/*",
          "/m/customer-service/intl-order-tracking/*",
          "/m/customer-service/mailing-options/*",
          "/m/customer-service/order-tracking/",
          "/m/customer-service/order-tracking/*",
          "/m/registry",
          "/m/registry/*/registry-list.html",
          "/m/registry/create-registry-sign-in.html*",
          "/m/registry/create.html*",
          "/m/registry/registry-login.html*",
          "/m/tips-and-ideas/*",
          "/order-servicing/.info/summary.html",
          "/phygital/.info/summary.html",
          "/registry",
          "/registry/create-registry-sign-in.html*",
          "/registry/create.html*",
          "/registry/registry-login.html*",
          "/tips-and-ideas/*"
        ],
        "exclude_common_values": [
          "/account/migrationStatus.html",
          "/account/passwordRequirementsChange.html",
          "/account/svc*",
          "/api/designer/v1/*",
          "/api/registry/*",
          "/design-services/*",
          "/m/account/migrationStatus.html",
          "/m/account/passwordRequirementsChange.html",
          "/m/account/svc*",
          "/m/index.html",
          "/m/registry/",
          "/m/registry/*/registry-checklist.html",
          "/m/registry/*/registry-list.html*",
          "/m/registry/*/update.html",
          "/m/registry/create-registry-sign-in.html",
          "/m/registry/create.html",
          "/m/registry/index.html",
          "/m/registry/registry-login.html",
          "/my-design-projects/.api/*",
          "/order-servicing/*",
          "/pages/st-jude/",
          "/registry/",
          "/registry/*/registry-checklist.html",
          "/registry/*/update.html",
          "/registry/create-registry-sign-in.html",
          "/registry/create.html",
          "/registry/index.html",
          "/registry/registry-login.html",
          "/shopping/*"
        ]
      }
    },
    {
      "name": "path",
      "options": {
        "matchCaseSensitive": false,
        "matchOperator": "DOES_NOT_MATCH_ONE_OF",
        "values": [
          "/customer-service/popup/communications-preferences-thank-you.html*",
          "/m/pages/xbrand-rows/",
          "/m/products/*",
          "/pages/overlays/*",
          "/products/*"
        ],
        "exclude_common_values": [
          "/customer-service/coreemail.html",
          "/customer-service/shipping-info.html",
          "/customer-service/shipping-info/",
          "/customer-service/show-join-email.jsonp",
          "/favorites/items/index.json",
          "/m/customer-service/shipping-info/",
          "/m/pages/xbrand-rows/*",
          "/m/products/getScene7Url.json",
          "/products/*/email-a-friend-preview.html",
          "/products/*/email-a-friend.html",
          "/products/*/minipip.html",
          "/products/*/pip-print.html",
          "/products/*/quicklook.html",
          "/products/*/quicklook.json",
          "/products/*/request-swatches.html",
          "/products/getDeliveryInformation.json",
          "/products/getPostalCodeCookie.json",
          "/products/getScene7Url.json",
          "/trade-signin/shopnow.html"
        ]
      }
    }
  ],
  "behaviors": [
    {
      "name": "origin",
      "options": {
        "hostname": "qa.origin-svc.potterybarn.com"
      }
    },
    {
      "name": "rewriteUrl",
      "options": {
        "behavior": "PREPEND",
        "keepQueryString": true,
        "targetPathPrepend": "/{{builtin.AK_DOMAIN}}/"
      }
    }
  ]
}