{
  "include": [
    "../../common/microservice.json"
  ],
  "name": "/shop/* /.delivery/* /.aecv1/*",
  "criteria": [
    {
      "name": "hostname",
      "options": {
        "matchOperator": "IS_ONE_OF",
        "values": [
          "www.uat3.potterybarn.com"
        ]
      }
    },
    {
      "name": "path",
      "options": {
        "matchCaseSensitive": false,
        "matchOperator": "MATCHES_ONE_OF",
        "values": [
          "/.static/ecmcontent/*",
          "/account/check-verification-link.html*",
          "/account/verification.html*",
          "/api/catalog/v1/groups/*/dream-pip.json",
          "/api/catalog/v1/skus-search",
          "/api/registry/v1/*",
          "/cacheable/availability/getDeliveryBuckets.json",
          "/cacheable/availability/getDeliveryInformationByPostalCode.json",
          "/customer-service/address-change/*",
          "/customer-service/b2b-order-history.html*",
          "/customer-service/catalog-request/*",
          "/customer-service/charge-details/*",
          "/customer-service/driver-release/*",
          "/customer-service/email-list/*",
          "/customer-service/email-preferences/*",
          "/customer-service/email-us/*",
          "/customer-service/international-email-list/*",
          "/customer-service/intl-order-tracking/*",
          "/customer-service/list-order/*",
          "/customer-service/mailing-options/*",
          "/customer-service/order-shipment-tracking/*",
          "/customer-service/order-status/",
          "/customer-service/order-status/*",
          "/customer-service/return/*",
          "/m/account/.info/summary.html",
          "/m/customer-service/address-change/*",
          "/m/customer-service/catalog-request/*",
          "/m/customer-service/charge-details/*",
          "/m/customer-service/email-list/*",
          "/m/customer-service/email-preferences/*",
          "/m/customer-service/email-us/*",
          "/m/customer-service/international-email-list/*",
          "/m/customer-service/intl-order-tracking/*",
          "/m/customer-service/list-order/*",
          "/m/customer-service/mailing-options/*",
          "/m/customer-service/order-shipment-tracking/*",
          "/m/customer-service/return/*",
          "/m/my-design-projects/*",
          "/m/registry/*/registry-list.html",
          "/m/registry/*/update.html*",
          "/m/registry/account-linking-search.html*",
          "/m/registry/find-registry.html*",
          "/m/registry/find.html*",
          "/m/registry/search-registry.html*",
          "/m/stores*",
          "/m/tips-and-ideas/*",
          "/my-design-projects/*",
          "/nativeapp/*",
          "/order-servicing/.info/summary.html",
          "/pages/st-jude*",
          "/phygital/.info/summary.html",
          "/products/.api/data/v1/*/",
          "/promotion/eligibility/group/*/eligiblePromotions.json",
          "/registry/*/registry-checklist.html*",
          "/registry/*/registry-list.html",
          "/registry/*/update.html*",
          "/registry/.info/summary.html*",
          "/registry/account-linking-search.html*",
          "/registry/find-registry.html*",
          "/registry/find.html*",
          "/registry/search-registry.html*",
          "/search/stores.json",
          "/shopping-cart/*",
          "/stores*",
          "/tips-and-ideas/*"
        ],
        "exclude_common_values": [
          "/account/migrationStatus.html",
          "/account/passwordRequirementsChange.html",
          "/account/svc*",
          "/m/account/migrationStatus.html",
          "/m/account/passwordRequirementsChange.html",
          "/m/account/svc*",
          "/m/registry/*/registry-checklist.html",
          "/m/registry/*/registry-list.html*",
          "/m/registry/*/update.html",
          "/m/registry/account-linking-search.html",
          "/m/registry/find-registry.html",
          "/m/registry/find.html",
          "/m/registry/search-registry.html",
          "/m/stores/*",
          "/my-design-projects/.api/*",
          "/order-servicing/*",
          "/pages/st-jude/",
          "/registry/*/registry-checklist.html",
          "/registry/*/registry-list.html*",
          "/registry/*/update.html",
          "/registry/account-linking-search.html",
          "/registry/find-registry.html",
          "/registry/find.html",
          "/registry/search-registry.html",
          "/stores/*"
        ]
      }
    },
    {
      "name": "path",
      "options": {
        "matchCaseSensitive": false,
        "matchOperator": "DOES_NOT_MATCH_ONE_OF",
        "values": [
          "/account/logout.html",
          "/m/account/logout.html",
          "/m/products/getPostalCodeCookie.json",
          "/pages/xbrand-landing/*"
        ],
        "exclude_common_values": [
          "/account/not-me.html",
          "/customer-service/coreemail.html",
          "/customer-service/popup/communication-preferences.html*",
          "/customer-service/shipping-info.html",
          "/customer-service/shipping-info/",
          "/customer-service/show-join-email.jsonp",
          "/m/customer-service/confirm-mobile-email-signup.html*",
          "/m/customer-service/shipping-info/",
          "/m/pages/xbrand-landing/",
          "/m/pages/xbrand-rows/*",
          "/pages/fragments/*",
          "/pages/overlay/*",
          "/pages/popups/*",
          "/pages/xbrand-landing/",
          "/pages/xbrand-rows/*",
          "/products/*/pip-print.html",
          "/products/getDeliveryInformation.json"
        ]
      }
    }
  ],
  "behaviors": [
    {
      "name": "origin",
      "options": {
        "hostname": "uat.origin-svc.potterybarn.com"
      }
    },
    {
      "name": "rewriteUrl",
      "options": {
        "behavior": "PREPEND",
        "keepQueryString": true,
        "targetPathPrepend": "/{{builtin.AK_DOMAIN}}/"
      }
    }
  ]
}
