<?xml version='1.0' encoding='UTF-8'?>
<project>
  <description>Builder for trunk Saved credit card</description>
  <keepDependencies>false</keepDependencies>
  <properties>
    <hudson.plugins.buildblocker.BuildBlockerProperty plugin="build-blocker-plugin@1.7.2">
      <useBuildBlocker>false</useBuildBlocker>
      <blockLevel>GLOBAL</blockLevel>
      <scanQueueFor>DISABLED</scanQueueFor>
      <blockingJobs></blockingJobs>
    </hudson.plugins.buildblocker.BuildBlockerProperty>
    <jenkins.model.BuildDiscarderProperty>
      <strategy class="hudson.tasks.LogRotator">
        <daysToKeep>180</daysToKeep>
        <numToKeep>20</numToKeep>
        <artifactDaysToKeep>-1</artifactDaysToKeep>
        <artifactNumToKeep>-1</artifactNumToKeep>
      </strategy>
    </jenkins.model.BuildDiscarderProperty>
  </properties>
  <scm class="hudson.plugins.git.GitSCM" plugin="git@2.4.1">
    <configVersion>2</configVersion>
    <userRemoteConfigs>
      <hudson.plugins.git.UserRemoteConfig>
        <url>git@github.wsgc.com:eCommerce-Bedrock/saved-credit-card.git</url>
      </hudson.plugins.git.UserRemoteConfig>
    </userRemoteConfigs>
    <branches>
      <hudson.plugins.git.BranchSpec>
        <name>*/release</name>
      </hudson.plugins.git.BranchSpec>
    </branches>
    <doGenerateSubmoduleConfigurations>false</doGenerateSubmoduleConfigurations>
    <submoduleCfg class="list"/>
    <extensions/>
  </scm>
  <assignedNode>build</assignedNode>
  <canRoam>false</canRoam>
  <disabled>false</disabled>
  <blockBuildWhenDownstreamBuilding>false</blockBuildWhenDownstreamBuilding>
  <blockBuildWhenUpstreamBuilding>true</blockBuildWhenUpstreamBuilding>
  <jdk>JDK1.8</jdk>
  <triggers>
    <hudson.triggers.SCMTrigger>
      <spec>*/3 * * * *</spec>
      <ignorePostCommitHooks>false</ignorePostCommitHooks>
    </hudson.triggers.SCMTrigger>
    <hudson.triggers.TimerTrigger>
      <spec>@weekly</spec>
    </hudson.triggers.TimerTrigger>
  </triggers>
  <concurrentBuild>false</concurrentBuild>
  <builders>
    <hudson.tasks.Shell>
      <command>mvn -B clean deploy -Dsvntagger</command>
    </hudson.tasks.Shell>
  </builders>
  <publishers>
    <hudson.plugins.chucknorris.CordellWalkerRecorder plugin="chucknorris@0.9.1">
      <factGenerator/>
    </hudson.plugins.chucknorris.CordellWalkerRecorder>
    <hudson.plugins.emailext.ExtendedEmailPublisher plugin="email-ext@2.40.5">
      <recipientList>$DEFAULT_RECIPIENTS</recipientList>
      <configuredTriggers>
        <hudson.plugins.emailext.plugins.trigger.FirstFailureTrigger>
          <email>
            <recipientList></recipientList>
            <subject>$PROJECT_DEFAULT_SUBJECT</subject>
            <body>$PROJECT_DEFAULT_CONTENT</body>
            <recipientProviders>
              <hudson.plugins.emailext.plugins.recipients.DevelopersRecipientProvider/>
              <hudson.plugins.emailext.plugins.recipients.ListRecipientProvider/>
            </recipientProviders>
            <attachmentsPattern></attachmentsPattern>
            <attachBuildLog>false</attachBuildLog>
            <compressBuildLog>false</compressBuildLog>
            <replyTo>$PROJECT_DEFAULT_REPLYTO</replyTo>
            <contentType>project</contentType>
          </email>
          <failureCount>1</failureCount>
        </hudson.plugins.emailext.plugins.trigger.FirstFailureTrigger>
        <hudson.plugins.emailext.plugins.trigger.SuccessTrigger>
          <email>
            <recipientList></recipientList>
            <subject>$PROJECT_DEFAULT_SUBJECT</subject>
            <body>$PROJECT_DEFAULT_CONTENT</body>
            <recipientProviders>
              <hudson.plugins.emailext.plugins.recipients.DevelopersRecipientProvider/>
            </recipientProviders>
            <attachmentsPattern></attachmentsPattern>
            <attachBuildLog>false</attachBuildLog>
            <compressBuildLog>false</compressBuildLog>
            <replyTo>$PROJECT_DEFAULT_REPLYTO</replyTo>
            <contentType>project</contentType>
          </email>
        </hudson.plugins.emailext.plugins.trigger.SuccessTrigger>
      </configuredTriggers>
      <contentType>default</contentType>
      <defaultSubject>$DEFAULT_SUBJECT</defaultSubject>
      <defaultContent>$DEFAULT_CONTENT</defaultContent>
      <attachmentsPattern></attachmentsPattern>
      <presendScript>$DEFAULT_PRESEND_SCRIPT</presendScript>
      <attachBuildLog>false</attachBuildLog>
      <compressBuildLog>false</compressBuildLog>
      <replyTo>$DEFAULT_REPLYTO</replyTo>
      <saveOutput>false</saveOutput>
      <disabled>false</disabled>
    </hudson.plugins.emailext.ExtendedEmailPublisher>
  </publishers>
  <buildWrappers>
    <org.jenkinsci.plugins.builduser.BuildUser plugin="build-user-vars-plugin@1.4"/>
  </buildWrappers>
</project>
