<?xml version="1.0" encoding="UTF-8"?>
<project>
  <description>Builder for trunk Promotion Parent</description>
  <logRotator class="hudson.tasks.LogRotator">
    <daysToKeep>180</daysToKeep>
    <numToKeep>20</numToKeep>
    <artifactDaysToKeep>-1</artifactDaysToKeep>
    <artifactNumToKeep>-1</artifactNumToKeep>
  </logRotator>
  <keepDependencies>false</keepDependencies>
  <properties/>
  <scm class="hudson.plugins.git.GitSCM" plugin="git@2.4.1">
    <configVersion>2</configVersion>
    <userRemoteConfigs>
      <hudson.plugins.git.UserRemoteConfig>
        <url>git@github.wsgc.com:eCommerce-Bedrock/promotion-parent.git</url>
        <credentialsId>bb7f2475-307d-46ae-bf2c-87791001d4a7</credentialsId>
      </hudson.plugins.git.UserRemoteConfig>
    </userRemoteConfigs>
    <branches>
      <hudson.plugins.git.BranchSpec>
        <name>release</name>
      </hudson.plugins.git.BranchSpec>
    </branches>
    <doGenerateSubmoduleConfigurations>false</doGenerateSubmoduleConfigurations>
    <submoduleCfg class="list"/>
    <extensions/>
  </scm>
  <assignedNode>build</assignedNode>
  <canRoam>false</canRoam>
  <disabled>false</disabled>
  <blockBuildWhenDownstreamBuilding>false</blockBuildWhenDownstreamBuilding>
  <blockBuildWhenUpstreamBuilding>true</blockBuildWhenUpstreamBuilding>
  <jdk>JDK1.7</jdk>
  <jdk>JDK1.7</jdk>
  <triggers>
    <hudson.triggers.SCMTrigger>
      <spec>*/3 * * * *</spec>
      <ignorePostCommitHooks>false</ignorePostCommitHooks>
    </hudson.triggers.SCMTrigger>
  </triggers>
  <concurrentBuild>false</concurrentBuild>
  <perModuleEmail>true</perModuleEmail>
  <builders>
    <hudson.tasks.Shell>
      <command>mvn -Dhttps.protocols=TLSv1.2 -B clean deploy -Dmaven.test.failure.ignore=false</command>
    </hudson.tasks.Shell>
  </builders>
  <publishers>
    <hudson.plugins.chucknorris.CordellWalkerRecorder plugin="chucknorris@0.5">
      <factGenerator/>
    </hudson.plugins.chucknorris.CordellWalkerRecorder>
    <!--<hudson.plugins.sonar.SonarPublisher plugin="sonar@2.1">
      <jdk>JDK1.7</jdk>
      <branch></branch>
      <language></language>
      <jobAdditionalProperties></jobAdditionalProperties>
      <usePrivateRepository>false</usePrivateRepository>
    </hudson.plugins.sonar.SonarPublisher>-->
    <hudson.plugins.emailext.ExtendedEmailPublisher plugin="email-ext@2.31">
      <defaultContent>${SCRIPT,template="builder_email_services.groovy"}</defaultContent> 
      <recipientList>$DEFAULT_RECIPIENTS</recipientList>
      <configuredTriggers>
        <hudson.plugins.emailext.plugins.trigger.FirstFailureTrigger>
          <email>
            <recipientList/>
            <subject>$PROJECT_DEFAULT_SUBJECT</subject>
            <body>$PROJECT_DEFAULT_CONTENT</body>
            <sendToDevelopers>true</sendToDevelopers>
            <sendToRequester>false</sendToRequester>
            <includeCulprits>false</includeCulprits>
            <sendToRecipientList>true</sendToRecipientList>
            <attachmentsPattern/>
            <attachBuildLog>false</attachBuildLog>
            <compressBuildLog>false</compressBuildLog>
            <replyTo>$PROJECT_DEFAULT_REPLYTO</replyTo>
          </email>
          <failureCount>1</failureCount>
        </hudson.plugins.emailext.plugins.trigger.FirstFailureTrigger>
        <hudson.plugins.emailext.plugins.trigger.SuccessTrigger>
          <email>
            <recipientList/>
            <subject>$PROJECT_DEFAULT_SUBJECT</subject>
            <body>$PROJECT_DEFAULT_CONTENT</body>
            <sendToDevelopers>true</sendToDevelopers>
            <sendToRequester>false</sendToRequester>
            <includeCulprits>false</includeCulprits>
            <sendToRecipientList>false</sendToRecipientList>
            <attachmentsPattern/>
            <attachBuildLog>false</attachBuildLog>
            <compressBuildLog>false</compressBuildLog>
            <replyTo>$PROJECT_DEFAULT_REPLYTO</replyTo>
          </email>
        </hudson.plugins.emailext.plugins.trigger.SuccessTrigger>
      </configuredTriggers>
      <contentType>default</contentType>
      <defaultSubject>$DEFAULT_SUBJECT</defaultSubject>
      <defaultContent>${SCRIPT,template="builder_email_services.groovy"}</defaultContent>
      <attachmentsPattern/>
      <presendScript>$DEFAULT_PRESEND_SCRIPT</presendScript>
      <attachBuildLog>false</attachBuildLog>
      <compressBuildLog>false</compressBuildLog>
      <replyTo>$DEFAULT_REPLYTO</replyTo>
      <saveOutput>false</saveOutput>
    </hudson.plugins.emailext.ExtendedEmailPublisher>
  </publishers>
  <buildWrappers>
    <org.jenkinsci.plugins.builduser.BuildUser plugin="build-user-vars-plugin@1.4"/>
   </buildWrappers>
</project>
