{
  "include": [
    "../../common/microservice.json"
  ],
  "name": "/shop/* /.delivery/* /.aecv1/* /.static/* /m/shop/*",
  "criteria": [
    {
      "name": "hostname",
      "options": {
        "matchOperator": "IS_ONE_OF",
        "values": [
          "www.qa22.pbteen.com"
        ]
      }
    },
    {
      "name": "path",
      "options": {
        "matchCaseSensitive": false,
        "matchOperator": "MATCHES_ONE_OF",
        "values": [
          "/",
          "/.static/ecmcontent/*",
          "/account/check-verification-link.html*",
          "/account/credit-account-lookup.html",
          "/account/forgotpassword/confirm-forward.html",
          "/account/svc/*",
          "/account/verification.html*",
          "/api/.static/ecmcontent/*",
          "/api/inventory/*",
          "/api/registry/v1/*",
          "/customer-service/charge-details/*",
          "/customer-service/list-order/*",
          "/customer-service/order-shipment-tracking/*",
          "/customer-service/order-status/",
          "/customer-service/order-status/*",
          "/customer-service/return/*",
          "/m/",
          "/m/account/credit-account-lookup.html",
          "/m/account/login.html?cm_type=lnav*",
          "/m/account/svc/*",
          "/m/customer-service/charge-details/*",
          "/m/customer-service/list-order/*",
          "/m/customer-service/order-shipment-tracking/*",
          "/m/customer-service/return/*",
          "/m/my-design-projects/*",
          "/m/registry/*/registry-list.html",
          "/m/registry/create-registry-sign-in.html",
          "/m/registry/create.html",
          "/m/registry/registry-login.html",
          "/m/stores*",
          "/m/tips-and-ideas/*",
          "/m/trade-signin/login.html*",
          "/my-design-projects/*",
          "/order-servicing/.info/summary.html",
          "/phygital/.info/summary.html",
          "/registry/*/registry-list.html",
          "/registry/.info/summary.html",
          "/registry/create-registry-sign-in.html",
          "/registry/create.html",
          "/registry/registry-login.html",
          "/stores/*",
          "/style-quiz/*",
          "/tips-and-ideas/*",
          "/tips-and-ideas/daily-system-tool/",
          "/tips-and-ideas/gabrielle-system-tool/",
          "/tips-and-ideas/monogram-guide/",
          "/tips-and-ideas/my-pottery-barn/",
          "/tips-and-ideas/new-looks-to-love-artisanal-vintage/",
          "/tips-and-ideas/paint-finder/",
          "/tips-and-ideas/resources/",
          "/tips-and-ideas/room-planner-tool/",
          "/tips-and-ideas/tools/",
          "/trade-signin/login.html*"
        ],
        "exclude_common_values": [
          "/about-us/*",
          "/account/confirm-thanks.html",
          "/account/create.html",
          "/account/emailupdate/confirm-thanks.html",
          "/account/keyrewards/key-credit-rewards.json",
          "/account/login-attempts.html",
          "/account/logout.html",
          "/account/migrationStatus.html",
          "/account/passwordRequirementsChange.html",
          "/account/svc*",
          "/account/updatephonenumber.html",
          "/aos/*",
          "/api/designer/v1/*",
          "/api/inventory/v1/*",
          "/apple-pay/generate-session.json",
          "/cc/*",
          "/checkout/*",
          "/content/ecm/*",
          "/design-services/*",
          "/internationalcheckout/*",
          "/m/about-us/*",
          "/m/account/confirm-thanks.html",
          "/m/account/create.html",
          "/m/account/landing.html",
          "/m/account/login-attempts.html",
          "/m/account/logout.html",
          "/m/account/migrationStatus.html",
          "/m/account/passwordRequirementsChange.html",
          "/m/account/svc*",
          "/m/aos/*",
          "/m/cc/*",
          "/m/checkout/*",
          "/m/customer-service/*",
          "/m/pages/*",
          "/m/products/getScene7Url.json",
          "/m/promotion/eligibility/group/*",
          "/m/recommendations/*",
          "/m/resources/*",
          "/m/room/*",
          "/m/search/stores.json",
          "/m/services/shoppingcart/*",
          "/m/shopping-cart/*",
          "/m/shoppingcart/*",
          "/m/thekey/*",
          "/m/trade-signin/*",
          "/my-design-projects/.api/*",
          "/nativeapp/.api/*",
          "/order-servicing/*",
          "/products/getScene7Url.json",
          "/promotion/eligibility/group/*",
          "/recommendations/*",
          "/resources/*",
          "/room/*",
          "/search/stores.json",
          "/services/shoppingcart/*",
          "/shopping-cart/*",
          "/shoppingcart/*",
          "/sitemap.html",
          "/stores-pb/*",
          "/stores-pk/*",
          "/stores-pt/*",
          "/thekey/*",
          "/trade-signin/*"
        ]
      }
    },
    {
      "name": "path",
      "options": {
        "matchCaseSensitive": false,
        "matchOperator": "DOES_NOT_MATCH_ONE_OF",
        "values": [
          "/customer-service/email-list/*",
          "/m/customer-service/email-list/*",
          "/m/products/getDeliveryInformation.json",
          "/m/products/getPostalCodeCookie.json",
          "/products/getScene7Url.json"
        ],
        "exclude_common_values": [
          "/account/not-me.html",
          "/authenticate.html",
          "/customer-service/coreemail.html",
          "/customer-service/popup/communication-preferences.html*",
          "/customer-service/shipping-info.html",
          "/customer-service/shipping-info/",
          "/customer-service/show-join-email.jsonp",
          "/m/authenticate.html",
          "/m/customer-service/confirm-mobile-email-signup.html*",
          "/m/customer-service/shipping-info/",
          "/m/pages/xbrand-landing/",
          "/m/pages/xbrand-rows/",
          "/pages/fragments/*",
          "/pages/overlay/*",
          "/pages/pbdorm/*",
          "/pages/popups/*",
          "/pages/xbrand-landing/",
          "/pages/xbrand-landing/",
          "/pages/xbrand-rows/",
          "/pages/xbrand-rows/*",
          "/products/*/minipip.html",
          "/products/*/pip-print.html",
          "/products/*/quicklook.html",
          "/svc/recommendation/*",
          "/trade-signin/shopnow.html"
        ]
      }
    }
  ],
  "behaviors": [
    {
      "name": "origin",
      "options": {
        "hostname": "qa.origin-svc.pbteen.com"
      }
    },
    {
      "name": "rewriteUrl",
      "options": {
        "behavior": "PREPEND",
        "keepQueryString": true,
        "targetPathPrepend": "/{{builtin.AK_DOMAIN}}/"
      }
    }
  ]
}