<assembly>
  <id>distribution</id>
  <formats>
    <format>zip</format>
  </formats>
  <fileSets>
    <fileSet>
      <directory>src/main/projects</directory>
      <outputDirectory>projects</outputDirectory>
      <includes>
        <include>**</include>
      </includes>
      <!--  <fileMode>0755</fileMode> -->
    </fileSet>
    <fileSet>
      <directory>src/main/scripts</directory>
      <outputDirectory>scripts</outputDirectory>
      <includes>
        <include>**</include>
      </includes>
<!--        <fileMode>0755</fileMode> -->
    </fileSet>
  </fileSets>
  <baseDirectory></baseDirectory>

  <!--
  <dependencySets>
    <dependencySet>
      <outputDirectory>/lib</outputDirectory>
      <unpack>false</unpack>
      <scope>runtime</scope>
    </dependencySet>
  </dependencySets>
  -->
</assembly>
