<?xml version="1.0" encoding="UTF-8"?>
<!-- moving the content application configs here -->
<project>

    <node name="buildsystem-uat4-rk1v" description="buildsystem uat4 node" tags="buildsystem,uat4" hostname="bgbrck-vicn009" osArch="amd64" osFamily="unix" osName="Linux" osVersion="3.10.0-862.3.2.el7" username="imageuser" sudo-command-enabled="true" sudo-fail-on-prompt-timeout="false"/>
    <node name="bgb-uat4-rk1v" description="bgb uat4 node" tags="bgb-service,uat4" hostname="bgbrck-vicn009" osArch="amd64" osFamily="unix" osName="Linux" osVersion="3.10.0-862.3.2.el7" username="imageuser" sudo-command-enabled="true" sudo-fail-on-prompt-timeout="false"/>

  <node name="bgb-uat1-rk1v" description="buildsystem and bgb for CI" tags="bgb-service,uat1,toolchain" hostname="bgb-uat1-rk1v" osArch="amd64" osFamily="unix" osName="Linux" osVersion="2.6.18-274.7.1.el5" username="imageuser" sudo-command-enabled="true" sudo-fail-on-prompt-timeout="false"/>
  <node name="buildsystem-uat1-rk1v" description="buildsystem and bgb for CI" tags="buildsystem,uat1,toolchain" hostname="bgb-uat1-rk1v" osArch="amd64" osFamily="unix" osName="Linux" osVersion="2.6.18-274.7.1.el5" username="imageuser" sudo-command-enabled="true" sudo-fail-on-prompt-timeout="false"/>

  <node name="bgb-uat3-rk1v" description="buildsystem and bgb for CI" tags="bgb-service,uat3,toolchain" hostname="bgbrck-vicn010" osArch="amd64" osFamily="unix" osName="Linux" osVersion="2.6.18-274.7.1.el5" username="imageuser" sudo-command-enabled="true" sudo-fail-on-prompt-timeout="false"/>
  <node name="buildsystem-uat3-rk1v" description="buildsystem and bgb for CI" tags="buildsystem,uat3,toolchain" hostname="bgbrck-vicn010" osArch="amd64" osFamily="unix" osName="Linux" osVersion="2.6.18-274.7.1.el5" username="imageuser" sudo-command-enabled="true" sudo-fail-on-prompt-timeout="false"/>

  <!-- de-tagging the old ecmagent host so it doesn't accidently get re-deployed -->
  <node name="ecmagent-int-rk1v" description="ECMagent BGB Integration node" tags="ecmagent,int,ecmagent-svc" hostname="ecmagentintrk1v" osArch="amd64" osFamily="unix" osName="Linux" osVersion="2.6.18-412.el5" username="imageuser" sudo-command-enabled="true" sudo-fail-on-prompt-timeout="false"/>
  <node name="ecmagent-bgb-int-rk1v" description="ECMagent BGB Integration node" tags="ecmagent,int,ecmagent-bgb" hostname="ecmagentintrk1v" osArch="amd64" osFamily="unix" osName="Linux" osVersion="2.6.18-412.el5" username="imageuser" sudo-command-enabled="true" sudo-fail-on-prompt-timeout="false"/>

  <node name="ecmagent-uat1-rk1v" description="ECMagent BGB Integration node" tags="ecmagent,uat1,ecmagent-svc" hostname="ecmrck-vicn064" osArch="amd64" osFamily="unix" osName="Linux" osVersion="3.10.0-862.9.1.el7.x86_64" username="imageuser" sudo-command-enabled="true" sudo-fail-on-prompt-timeout="false"/>
  <node name="ecmagent-bgb-uat1-rk1v" description="ECMagent BGB Integration node" tags="ecmagent,uat1,ecmagent-bgb" hostname="ecmrck-vicn064" osArch="amd64" osFamily="unix" osName="Linux" osVersion="3.10.0-862.9.1.el7.x86_64" username="imageuser" sudo-command-enabled="true" sudo-fail-on-prompt-timeout="false"/>
  <node name="ecmagent-imgproc-uat1-rk1v" description="ECMagent BGB Integration node" tags="ecmagent,uat1,ecmagent-imgproc" hostname="ecmrck-vicn064" osArch="amd64" osFamily="unix" osName="Linux" osVersion="3.10.0-862.9.1.el7.x86_64" username="imageuser" sudo-command-enabled="true" sudo-fail-on-prompt-timeout="false"/>

  <node name="bgb-rgs1-rk1v" description="bgb rgs1 node" tags="bgb-service,rgs1" hostname="bgbrck-vicn004" osArch="amd64" osFamily="unix" osName="Linux" osVersion="2.6.32-642.1.1.el6.x86_64" username="imageuser" sudo-command-enabled="true" sudo-fail-on-prompt-timeout="false"/>
  <node name="buildsystem-rgs1-rk1v" description="buildsystem rgs1 node" tags="buildsystem,rgs1" hostname="bgbrck-vicn004" osArch="amd64" osFamily="unix" osName="Linux" osVersion="2.6.32-642.1.1.el6.x86_64" username="imageuser" sudo-command-enabled="true" sudo-fail-on-prompt-timeout="false"/>

  <node name="bgb-ca-rgs1-rk1v" description="bgb ca-rgs1 " tags="bgb-service,ca-rgs1" hostname="bgbrck-vicn003" osArch="amd64" osFamily="unix" osName="Linux" osVersion="3.10.0-1160.11.1.el7.x86_64" username="imageuser" sudo-command-enabled="true" sudo-fail-on-prompt-timeout="false"/>
  <node name="buildsystem-ca-rgs1-rk1v" description="buildsystem ca-rgs1 " tags="buildsystem,ca-rgs1" hostname="bgbrck-vicn003" osArch="amd64" osFamily="unix" osName="Linux" osVersion="3.10.0-1160.11.1.el7.x86_64" username="imageuser" sudo-command-enabled="true" sudo-fail-on-prompt-timeout="false"/>

  <node name="buildsystem-uat2-rk1v" description="buildsystem uat2 node" tags="buildsystem,uat2" hostname="bldrck-vicn001" osArch="amd64" osFamily="unix" osName="Linux" osVersion="2.6.32-642.1.1.el6.x86_64" username="imageuser" sudo-command-enabled="true" sudo-fail-on-prompt-timeout="false"/>
  <node name="bgb-uat2-rk1v" description="bgb uat2 node" tags="bgb-service,uat2" hostname="bgb-uat2-rk1v" osArch="amd64" osFamily="unix" osName="Linux" osVersion="2.6.32-642.1.1.el6.x86_64" username="imageuser" sudo-command-enabled="true" sudo-fail-on-prompt-timeout="false"/>

  <node name="bgb-uat5-rk1v" description="bgb uat2 node" tags="bgb-service,uat5" hostname="bgbrck-vicn011" osArch="amd64" osFamily="unix" osName="Linux" osVersion="3.10.0-1160.11.1.el7.x86_64" username="imageuser" sudo-command-enabled="true" sudo-fail-on-prompt-timeout="false"/>

  <node name="bgb-ca-qa1-rk1v" description="canda " tags="bgb-service,ca-qa1" hostname="bgbrck-vicn001" osArch="amd64" osFamily="unix" osName="Linux" osVersion="3.10.0-1160.11.1.el7.x86_64" username="imageuser" sudo-command-enabled="true" sudo-fail-on-prompt-timeout="false"/>
  <node name="buildsystem-ca-qa1-rk1v" description="canda " tags="buildsystem,ca-qa1" hostname="bgbrck-vicn001" osArch="amd64" osFamily="unix" osName="Linux" osVersion="3.10.0-1160.11.1.el7.x86_64" username="imageuser" sudo-command-enabled="true" sudo-fail-on-prompt-timeout="false"/>

  <node name="bgb-ca1-rk1v" description="canada" tags="bgb-service,ca1,toolchain" hostname="bgbrck-vicn002" osArch="amd64" osFamily="unix" osName="Linux" osVersion="3.10.0-1160.11.1.el7.x86_64" username="imageuser" sudo-command-enabled="true" sudo-fail-on-prompt-timeout="false"/>
  <node name="buildsystem-ca1-rk1v" description="canada" tags="buildsystem,ca1,toolchain" hostname="bgbrck-vicn002" osArch="amd64" osFamily="unix" osName="Linux" osVersion="3.10.0-1160.11.1.el7.x86_64" username="imageuser" sudo-command-enabled="true" sudo-fail-on-prompt-timeout="false"/>

  <node name="bgb-ca-uat1-sac1v" description="bgb for CI" tags="bgb-service,ca-uat1" hostname="bgbsac-vicn001" osArch="amd64" osFamily="unix" osName="Linux" osVersion="3.10.0-1160.11.1.el7.x86_64" username="imageuser" sudo-command-enabled="true" sudo-fail-on-prompt-timeout="false"/>
  <node name="buildsystem-ca-uat1-sac1v" description="buildsystem for CI" tags="buildsystem,ca-uat1" hostname="bgbsac-vicn001" osArch="amd64" osFamily="unix" osName="Linux" osVersion="3.10.0-1160.11.1.el7.x86_64" username="imageuser" sudo-command-enabled="true" sudo-fail-on-prompt-timeout="false"/>

 <node name="buildsystem-dev-sac1" description="buildsystem for CI" tags="buildsystem,dev,toolchain" hostname="bldsac-vdcn001" osArch="amd64" osFamily="unix" osName="Linux" osVersion="2.6.32-754.9.1.el6.x86_64" username="imageuser" sudo-command-enabled="true" sudo-fail-on-prompt-timeout="false"/>
 <node name="buildsystem-dev-sac1-new" description="buildsystem for CI" tags="buildsystem,dev-new,toolchain" hostname="bgbsac-vicn004" osArch="amd64" osFamily="unix" osName="Linux" osVersion="3.10.0-1160.11.1.el7.x86_64" username="imageuser" sudo-command-enabled="true" sudo-fail-on-prompt-timeout="false"/>
 
  <node name="buildsystem-qa1-sac1v-old" description="buildsystem for CI" tags="buildsystem,qa1-old,toolchain" hostname="bldsac-vicn001" osArch="amd64" osFamily="unix" osName="Linux" osVersion="2.6.32-754.9.1.el6.x86_64" username="imageuser" sudo-command-enabled="true" sudo-fail-on-prompt-timeout="false"/>
  <node name="buildsystem-qa1-sac1v" description="buildsystem for CI" tags="buildsystem,qa1,toolchain" hostname="bgbsac-vicn005" osArch="amd64" osFamily="unix" osName="Linux" osVersion="3.10.0-1160.11.1.el7.x86_64" username="imageuser" sudo-command-enabled="true" sudo-fail-on-prompt-timeout="false"/>

  <node name="ecmagent-qa1-rk1v" description="ECMagent QA node" tags="ecmagent,qa1,ecm1,ecmagent-svc" hostname="ecmrck-vicn017" osArch="amd64" osFamily="unix" osName="Linux" osVersion="2.6.18-274.7.1.el5" username="imageuser" sudo-command-enabled="true" sudo-fail-on-prompt-timeout="false"/>
  <node name="ecmagent-bgb-qa1-rk1v" description="ECMagent QA node" tags="ecmagent,qa1,ecm1,ecmagent-bgb" hostname="ecmrck-vicn017" osArch="amd64" osFamily="unix" osName="Linux" osVersion="2.6.18-274.7.1.el5" username="imageuser" sudo-command-enabled="true" sudo-fail-on-prompt-timeout="false"/>
  <node name="ecmagent-imgproc-qa1-rk1v" description="ECMagent QA node" tags="ecmagent,qa1,ecm1,ecmagent-imgproc" hostname="ecmrck-vicn017" osArch="amd64" osFamily="unix" osName="Linux" osVersion="2.6.18-274.7.1.el5" username="imageuser" sudo-command-enabled="true" sudo-fail-on-prompt-timeout="false"/>

  <node name="ecmagent-ca-qa1-rk1v" description="ECMagent node" tags="ecmagent,ca-qa1,ecmagent-svc" hostname="ecmrck-vicn034" osArch="amd64" osFamily="unix" osName="Linux" osVersion="2.6.18-274.7.1.el5" username="imageuser" sudo-command-enabled="true" sudo-fail-on-prompt-timeout="false"/>
  <node name="ecmagent-bgb-ca-qa1-rk1v" description="ECMagent node" tags="ecmagent,ca-qa1,ecmagent-bgb" hostname="ecmrck-vicn034" osArch="amd64" osFamily="unix" osName="Linux" osVersion="2.6.18-274.7.1.el5" username="imageuser" sudo-command-enabled="true" sudo-fail-on-prompt-timeout="false"/>
  <node name="ecmagent-imgproc-ca-qa1-rk1v" description="ECMagent node" tags="ecmagent,ca-qa1,ecmagent-imgproc" hostname="ecmrck-vicn034" osArch="amd64" osFamily="unix" osName="Linux" osVersion="2.6.18-274.7.1.el5" username="imageuser" sudo-command-enabled="true" sudo-fail-on-prompt-timeout="false"/>

  <node name="ecmagent-ca-qa2-rk1v" description="ECMagent node" tags="ecmagent,ca-qa2,ecmagent-svc" hostname="ecmrck-vicn035" osArch="amd64" osFamily="unix" osName="Linux" osVersion="2.6.18-274.7.1.el5" username="imageuser" sudo-command-enabled="true" sudo-fail-on-prompt-timeout="false"/>
  <node name="ecmagent-bgb-ca-qa2-rk1v" description="ECMagent node" tags="ecmagent,ca-qa2,ecmagent-bgb" hostname="ecmrck-vicn035" osArch="amd64" osFamily="unix" osName="Linux" osVersion="2.6.18-274.7.1.el5" username="imageuser" sudo-command-enabled="true" sudo-fail-on-prompt-timeout="false"/>
  <node name="ecmagent-imgproc-ca-qa2-rk1v" description="ECMagent node" tags="ecmagent,ca-qa2,ecmagent-imgproc" hostname="ecmrck-vicn035" osArch="amd64" osFamily="unix" osName="Linux" osVersion="2.6.18-274.7.1.el5" username="imageuser" sudo-command-enabled="true" sudo-fail-on-prompt-timeout="false"/>

  <node name="ecmagent-qa2-rk1v" description="ECMagent Canada node" tags="ecmagent,qa2,ecmagent-svc" hostname="ecmrck-vicn033" osArch="amd64" osFamily="unix" osName="Linux" osVersion="2.6.18-274.7.1.el5" username="imageuser" sudo-command-enabled="true" sudo-fail-on-prompt-timeout="false"/>
  <node name="ecmagent-bgb-qa2-rk1v" description="ECMagent Canada node" tags="ecmagent,qa2,ecmagent-bgb" hostname="ecmrck-vicn033" osArch="amd64" osFamily="unix" osName="Linux" osVersion="2.6.18-274.7.1.el5" username="imageuser" sudo-command-enabled="true" sudo-fail-on-prompt-timeout="false"/>
  <node name="ecmagent-imgproc-qa2-rk1v" description="ECMagent Canada node" tags="ecmagent,qa2,ecmagent-imgproc" hostname="ecmrck-vicn033" osArch="amd64" osFamily="unix" osName="Linux" osVersion="2.6.18-274.7.1.el5" username="imageuser" sudo-command-enabled="true" sudo-fail-on-prompt-timeout="false"/>

  <node name="ecmagent-ca-uat1-sac1v" description="ECMagent Canada" tags="ecmagent,ca-uat1,ecmagent-svc" hostname="bgbsac-vicn002" osArch="amd64" osFamily="unix" osName="Linux" osVersion="2.6.18-274.7.1.el5" username="imageuser" sudo-command-enabled="true" sudo-fail-on-prompt-timeout="false"/>
  <node name="ecmagent-bgb-ca-uat1-sac1v" description="ECMagent Canada" tags="ecmagent,ca-uat1,ecmagent-bgb" hostname="bgbsac-vicn002" osArch="amd64" osFamily="unix" osName="Linux" osVersion="2.6.18-274.7.1.el5" username="imageuser" sudo-command-enabled="true" sudo-fail-on-prompt-timeout="false"/>
  <node name="ecmagent-imgproc-ca-uat1-sac1v" description="ECMagent BGB Canada " tags="ecmagent,ca-uat1,ecmagent-imgproc" hostname="bgbsac-vicn002" osArch="amd64" osFamily="unix" osName="Linux" osVersion="3.10.0-862.9.1.el7.x86_64" username="imageuser" sudo-command-enabled="true" sudo-fail-on-prompt-timeout="false"/>

  <node name="ecmagent-rgs1-rk1v" description="ECMagent BGB" tags="ecmagent,rgs1,ecmagent-svc" hostname="bgbrck-vicn005" osArch="amd64" osFamily="unix" osName="Linux" osVersion="3.10.0-862.9.1.el7.x86_64" username="imageuser" sudo-command-enabled="true" sudo-fail-on-prompt-timeout="false"/>
  <node name="ecmagent-bgb-rgs1-rk1v" description="ECMagent BGB" tags="ecmagent,rgs1,ecmagent-bgb" hostname="bgbrck-vicn005" osArch="amd64" osFamily="unix" osName="Linux" osVersion="3.10.0-862.9.1.el7.x86_64" username="imageuser" sudo-command-enabled="true" sudo-fail-on-prompt-timeout="false"/>
  <node name="ecmagent-imgproc-rgs1-rk1v" description="ECMagent BGB" tags="ecmagent,rgs1,ecmagent-imgproc" hostname="bgbrck-vicn005" osArch="amd64" osFamily="unix" osName="Linux" osVersion="3.10.0-862.9.1.el7.x86_64" username="imageuser" sudo-command-enabled="true" sudo-fail-on-prompt-timeout="false"/>

  <node name="ecmagent-ca-rgs1-rk1v" description="ECMagent BGB" tags="ecmagent,ca-rgs1,ecmagent-svc" hostname="bgbrck-vicn006" osArch="amd64" osFamily="unix" osName="Linux" osVersion="3.10.0-862.9.1.el7.x86_64" username="imageuser" sudo-command-enabled="true" sudo-fail-on-prompt-timeout="false"/>
  <node name="ecmagent-bgb-ca-rgs1-rk1v" description="ECMagent BGB" tags="ecmagent,ca-rgs1,ecmagent-bgb" hostname="bgbrck-vicn006" osArch="amd64" osFamily="unix" osName="Linux" osVersion="3.10.0-862.9.1.el7.x86_64" username="imageuser" sudo-command-enabled="true" sudo-fail-on-prompt-timeout="false"/>
  <node name="ecmagent-imgproc-ca-rgs1-rk1v" description="ECMagent BGB" tags="ecmagent,ca-rgs1,ecmagent-imgproc" hostname="bgbrck-vicn006" osArch="amd64" osFamily="unix" osName="Linux" osVersion="3.10.0-862.9.1.el7.x86_64" username="imageuser" sudo-command-enabled="true" sudo-fail-on-prompt-timeout="false"/>

  <node name="ecmagent-perf1-rk1v" description="ECMagent BGB" tags="ecmagent,perf1,ecmagent-svc" hostname="bgbrck-vicn007" osArch="amd64" osFamily="unix" osName="Linux" osVersion="3.10.0-862.9.1.el7.x86_64" username="imageuser" sudo-command-enabled="true" sudo-fail-on-prompt-timeout="false"/>
  <node name="ecmagent-bgb-perf1-rk1v" description="ECMagent BGB" tags="ecmagent,perf1,ecmagent-bgb" hostname="bgbrck-vicn007" osArch="amd64" osFamily="unix" osName="Linux" osVersion="3.10.0-862.9.1.el7.x86_64" username="imageuser" sudo-command-enabled="true" sudo-fail-on-prompt-timeout="false"/>

  <node name="ecmagent-ca-perf1-rk1v" description="ECMagent BGB" tags="ecmagent,ca-perf1,ecmagent-svc" hostname="bgbrck-vicn008" osArch="amd64" osFamily="unix" osName="Linux" osVersion="3.10.0-862.9.1.el7.x86_64" username="imageuser" sudo-command-enabled="true" sudo-fail-on-prompt-timeout="false"/>
  <node name="ecmagent-bgb-ca-perf1-rk1v" description="ECMagent BGB" tags="ecmagent,ca-perf1,ecmagent-bgb" hostname="bgbrck-vicn008" osArch="amd64" osFamily="unix" osName="Linux" osVersion="3.10.0-862.9.1.el7.x86_64" username="imageuser" sudo-command-enabled="true" sudo-fail-on-prompt-timeout="false"/>

  <node name="ecmagent-qa3-rk1v" description="ECMagent BGB" tags="ecmagent,qa3,ecmagent-svc,none" hostname="ecmrck-vicn060" osArch="amd64" osFamily="unix" osName="Linux" osVersion="3.10.0-862.9.1.el7.x86_64" username="imageuser" sudo-command-enabled="true" sudo-fail-on-prompt-timeout="false"/>
  <node name="ecmagent-bgb-qa3-rk1v" description="ECMagent BGB" tags="ecmagent,qa3,ecmagent-bgb,none" hostname="ecmrck-vicn060" osArch="amd64" osFamily="unix" osName="Linux" osVersion="3.10.0-862.9.1.el7.x86_64" username="imageuser" sudo-command-enabled="true" sudo-fail-on-prompt-timeout="false"/>
  <node name="ecmagent-imgproc-qa3-rk1v" description="ECMagent BGB" tags="ecmagent,qa3,ecmagent-imgproc,none" hostname="ecmrck-vicn060" osArch="amd64" osFamily="unix" osName="Linux" osVersion="3.10.0-862.9.1.el7.x86_64" username="imageuser" sudo-command-enabled="true" sudo-fail-on-prompt-timeout="false"/>

  <node name="ecmagent-ca-qa3-rk1v" description="ECMagent BGB" tags="ecmagent,ca-qa3,ecmagent-svc" hostname="ecmrck-vicn061" osArch="amd64" osFamily="unix" osName="Linux" osVersion="3.10.0-862.9.1.el7.x86_64" username="imageuser" sudo-command-enabled="true" sudo-fail-on-prompt-timeout="false"/>
  <node name="ecmagent-bgb-ca-qa3-rk1v" description="ECMagent BGB" tags="ecmagent,ca-qa3,ecmagent-bgb" hostname="ecmrck-vicn061" osArch="amd64" osFamily="unix" osName="Linux" osVersion="3.10.0-862.9.1.el7.x86_64" username="imageuser" sudo-command-enabled="true" sudo-fail-on-prompt-timeout="false"/>
  <node name="ecmagent-imgproc-ca-qa3-rk1v" description="ECMagent BGB" tags="ecmagent,ca-qa3,ecmagent-imgproc" hostname="ecmrck-vicn061" osArch="amd64" osFamily="unix" osName="Linux" osVersion="3.10.0-862.9.1.el7.x86_64" username="imageuser" sudo-command-enabled="true" sudo-fail-on-prompt-timeout="false"/>

  <node name="ecmagent-staging-rk1v" description="ECMagent BGB" tags="ecmagent,staging,ecmagent-svc" hostname="ecmrck-vicn062" osArch="amd64" osFamily="unix" osName="Linux" osVersion="3.10.0-862.9.1.el7.x86_64" username="imageuser" sudo-command-enabled="true" sudo-fail-on-prompt-timeout="false"/>
  <node name="ecmagent-bgb-staging-rk1v" description="ECMagent BGB" tags="ecmagent,staging,ecmagent-bgb" hostname="ecmrck-vicn062" osArch="amd64" osFamily="unix" osName="Linux" osVersion="3.10.0-862.9.1.el7.x86_64" username="imageuser" sudo-command-enabled="true" sudo-fail-on-prompt-timeout="false"/>

  <node name="ecmagent-ca-staging-rk1v" description="ECMagent BGB" tags="ecmagent,ca-staging,ecmagent-svc" hostname="ecmrck-vicn063" osArch="amd64" osFamily="unix" osName="Linux" osVersion="3.10.0-862.9.1.el7.x86_64" username="imageuser" sudo-command-enabled="true" sudo-fail-on-prompt-timeout="false"/>
  <node name="ecmagent-bgb-ca-staging-rk1v" description="ECMagent BGB" tags="ecmagent,ca-staging,ecmagent-bgb" hostname="ecmrck-vicn063" osArch="amd64" osFamily="unix" osName="Linux" osVersion="3.10.0-862.9.1.el7.x86_64" username="imageuser" sudo-command-enabled="true" sudo-fail-on-prompt-timeout="false"/>
<!-- I think these were decom'd -Thom
  <node name="bgbsac-vicn004" description="Centos 7 buildsystem dev server"  hostname="bgbsac-vicn004" osArch="amd64" osFamily="unix" osName="Linux" osVersion="2.6.32-754.9.1.el6.x86_64" username="imageuser" sudo-command-enabled="true" sudo-fail-on-prompt-timeout="false"/>
-->
</project>

