{
  "include": [
    "../../common/microservice.json"
  ],
  "name": "/shop/* /.delivery/* /.aecv1/*",
  "criteria": [
    {
      "name": "hostname",
      "options": {
        "matchOperator": "IS_ONE_OF",
        "values": [
          "www.qa1.pbteen.com"
        ]
      }
    },
    {
      "name": "path",
      "options": {
        "matchCaseSensitive": false,
        "matchOperator": "MATCHES_ONE_OF",
        "values": [
          "/.static/ecmcontent/*",
          "/account/check-verification-link.html*",
          "/account/verification.html*",
          "/authenticate.html*",
          "/m/account/.info/summary.html",
          "/m/note-me.html",
          "/not-me.html",
          "/phygital/.info/summary.html",
          "/registry/.info/summary.html"
        ],
        "exclude_common_values": [
          "/about-us/*",
          "/account/confirm-thanks.html",
          "/account/create.html",
          "/account/emailupdate/confirm-thanks.html",
          "/account/keyrewards/key-credit-rewards.json",
          "/account/logout.html",
          "/account/migrationStatus.html",
          "/account/passwordRequirementsChange.html",
          "/account/svc*",
          "/account/updatephonenumber.html",
          "/aos/*",
          "/api/designer/v1/*",
          "/api/favorites/v1/*",
          "/api/order-status/v1/*",
          "/api/phygital/v1/*",
          "/apple-pay/generate-session.json",
          "/appointments/*",
          "/cc/*",
          "/checkout/*",
          "/content/ecm/*",
          "/customer-service/*",
          "/design-services/*",
          "/events/*",
          "/favorites/*",
          "/internationalcheckout/*",
          "/m/about-us/*",
          "/m/account/confirm-thanks.html",
          "/m/account/create.html",
          "/m/account/landing.html",
          "/m/account/logout.html",
          "/m/account/migrationStatus.html",
          "/m/account/passwordRequirementsChange.html",
          "/m/account/svc*",
          "/m/aos/*",
          "/m/appointments/*",
          "/m/cc/*",
          "/m/checkout/*",
          "/m/customer-service/*",
          "/m/events/*",
          "/m/favorites/*",
          "/m/pages/*",
          "/m/products/getScene7Url.json",
          "/m/promotion/eligibility/group/*",
          "/m/recommendations/*",
          "/m/resources/*",
          "/m/room/*",
          "/m/search/stores.json",
          "/m/services/shoppingcart/*",
          "/m/shopping-cart/*",
          "/m/shoppingcart/*",
          "/m/stores/*",
          "/m/thekey/*",
          "/m/trade-signin/*",
          "/my-design-projects/.api/*",
          "/nativeapp/.api/*",
          "/order-servicing/*",
          "/pages/*",
          "/products/getScene7Url.json",
          "/promotion/eligibility/group/*",
          "/recommendations/*",
          "/resources/*",
          "/room/*",
          "/search/stores.json",
          "/services/shoppingcart/*",
          "/shopping-cart/*",
          "/shopping/*",
          "/shoppingcart/*",
          "/sitemap.html",
          "/stores*",
          "/stores-pb/*",
          "/stores-pk/*",
          "/stores-pt/*",
          "/thekey/*",
          "/trade-signin/*"
        ]
      }
    },
    {
      "name": "path",
      "options": {
        "matchCaseSensitive": false,
        "matchOperator": "DOES_NOT_MATCH_ONE_OF",
        "values": [
          "/m/products/getPostalCodeCookie.json",
          "/products/getScene7Url.json"
        ],
        "exclude_common_values": [
          "/account/not-me.html",
          "/authenticate.html",
          "/customer-service/coreemail.html",
          "/customer-service/popup/communication-preferences.html*",
          "/customer-service/shipping-info.html",
          "/customer-service/shipping-info/",
          "/customer-service/show-join-email.jsonp",
          "/m/authenticate.html",
          "/m/customer-service/confirm-mobile-email-signup.html*",
          "/m/customer-service/shipping-info/",
          "/m/pages/xbrand-landing/",
          "/m/pages/xbrand-rows/",
          "/pages/fragments/*",
          "/pages/overlay/*",
          "/pages/pbdorm/*",
          "/pages/popups/*",
          "/pages/xbrand-landing/",
          "/pages/xbrand-landing/",
          "/pages/xbrand-rows/",
          "/pages/xbrand-rows/*",
          "/products/*/pip-print.html",
          "/svc/recommendation/*",
          "/trade-signin/shopnow.html"
        ]
      }
    }
  ],
  "behaviors": [
    {
      "name": "origin",
      "options": {
        "hostname": "qa.origin-svc.pbteen.com"
      }
    },
    {
      "name": "rewriteUrl",
      "options": {
        "behavior": "PREPEND",
        "keepQueryString": true,
        "targetPathPrepend": "/qa1.pbteen.com/"
      }
    }
  ]
}