ecommerce-avs-service-qa,COMAPP.AVS_REST_SERVICE_URL
ecommerce-avs-service-qa,COMAVS.AVS_REST_SERVICE_URL
ecommerce-avs-service-uat,COMAVS.AVS_REST_SERVICE_URL
ecommerce-c3-perf,C3_CONF_CONNECT.SERVICE_URI
ecommerce-c3-qa1,C3_CONF_CONNECT.SERVICE_URI
ecommerce-c3-qa1,C3_CONNECT.SERVICE_URI
ecommerce-c3-qa2,C3_CONF_CONNECT.C3_CONF_CONNECT
ecommerce-c3-qa2,C3_CONF_CONNECT.SERVICE_URI
ecommerce-c3-qa3,C3_CONF_CONNECT.SERVICE_URI
ecommerce-c3-qa,C3_CONF_CONNECT.C3_CONF_CONNECT
ecommerce-c3-qa,C3_CONF_CONNECT.SERVICE_URI
ecommerce-c3-qa,C3_CONNECT.SERVICE_URI
ecommerce-cart-checkout-perf,CART_CHECKOUT.SERVICE_URI
ecommerce-cart-checkout-perf,CART_SERVICE.BASE_URI
ecommerce-cart-checkout-perf,CART_SERVICE.SERVICE_URI
ecommerce-cart-checkout-qa1,CART_CHECKOUT.SERVICE_URI
ecommerce-cart-checkout-qa2,CART_CHECKOUT.SERVICE_URI
ecommerce-cart-checkout-qa2,CART_SERVICE.BASE_URI
ecommerce-cart-checkout-qa3,CART_CHECKOUT.SERVICE_UR
ecommerce-cart-checkout-qa3,CART_CHECKOUT.SERVICE_URI
ecommerce-cart-checkout-qa,CART_CHECKOUT.SERVICE_UR
ecommerce-cart-checkout-qa,CART_CHECKOUT.SERVICE_URI
ecommerce-cart-checkout-qa,CART_SERVICE.BASE_URI
ecommerce-cart-checkout-qa,CART_SERVICE.SERVICE_URI
ecommerce-cart-checkout-regression,CART_CHECKOUT.SERVICE
ecommerce-cart-checkout-regression,CART_CHECKOUT.SERVICE_URI
ecommerce-cart-checkout-regression,CART_SERVICE.BASE_URI
ecommerce-cart-checkout-regression,CART_SERVICE.SERVICE_URI
ecommerce-cart-checkout-uat,CART_CHECKOUT.SERVICE_URI
ecommerce-cart-checkout-uat,CART_SERVICE.SERVICE_URI
ecommerce-cart-checkout-veqa1,CART_CHECKOUT.SERVICE_URI
ecommerce-cart-checkout-veqa1,CART_SERVICE.SERVICE_URI
ecommerce-cart-checkout-veqa2,CART_CHECKOUT.SERVICE_URI
ecommerce-cart-checkout-veqa3,CART_CHECKOUT.SERVICE_URI
ecommerce-cart-checkout-vtrn1,CART_CHECKOUT.SERVICE_URI
ecommerce-cart-checkout-vwebqa1,CART_CHECKOUT.SERVICE_URI
ecommerce-cart-checkout-vwebqa1,CART_SERVICE.SERVICE_URI
ecommerce-cre-qa,CONTPERS.CRE_SERVICES_BASIC_URL
ecommerce-ecom-svc-customer-eqa1,GEO_PROVINCES_API.STATES_PROVINCES_URL
ecommerce-ecom-svc-customer-eqa2,GEO_PROVINCES_API.STATES_PROVINCES_URL
ecommerce-ecom-svc-customer-eqa3,GEO_PROVINCES_API.STATES_PROVINCES_URL
ecommerce-ecom-svc-customer-perf,GEO_PROVINCES_API.STATES_PROVINCES_URL
ecommerce-ecom-svc-customer-qa26,GEO_PROVINCES_API.STATES_PROVINCES_URL
ecommerce-ecom-svc-customer-qa27,GEO_PROVINCES_API.STATES_PROVINCES_URL
ecommerce-ecom-svc-customer-rgs1,GEO_PROVINCES_API.STATES_PROVINCES_URL
ecommerce-ecom-svc-customer-uat3,GEO_PROVINCES_API.STATES_PROVINCES_URL
ecommerce-ecom-svc-customer-uat,GEO_PROVINCES_API.STATES_PROVINCES_URL
ecommerce-ecom-svc-registry-qa23,REGISTRY.REGISTRY_SERVICE_URL
ecommerce-ecom-svc-registry-qa,REGISTRY.REGISTRY_SERVICE_URL
ecommerce-experimentation-uat,AB_TESTS.PROXY_ENDPOINT_URI
ecommerce-experiment-proxy-qa,AB_TESTS.PROXY_ENDPOINT_URI
ecommerce-experiment-proxy-qa,AB_TESTS.PROXY_ENDPOINT_URL
ecommerce-experiment-proxy-uat,AB_TESTS.PROXY_ENDPOINT_URI
ecommerce-favorites-qa41,FAVORITES.SERVICE_URL
ecommerce-favorites-qa,FAVORITES.SERVICE_URL
ecommerce-favorites-qa,SERVICE_URL.qa2
ecommerce-favorites-uat,FAVORITES.SERVICE_URL
ecommerce-inventory-service-perf,INVENTORY.INVENTORY_MICROSERVICE_URI
ecommerce-inventory-service-qa2,INVENTORY.INVENTORY_MICROSERVICE_URI
ecommerce-inventory-service-qa,INVENTORY.INVENTORY_MICROSERVICE_URI
ecommerce-inventory-service-regression,INVENTORY.INVENTORY_MICROSERVICE_URI
ecommerce-inventory-service-uat,INVENTORY.INVENTORY_MICROSERVICE_URI
ecommerce-inventory-service-uat,INVENTORY.INVENTORY_MICROSERVICE_URI/r
ecommerce-inventory-service-veqa1,INVENTORY.INVENTORY_MICROSERVICE_URI
ecommerce-inventory-service-veqa2,INVENTORY.INVENTORY_MICROSERVICE_URI
ecommerce-inventory-service-veqa3,INVENTORY.INVENTORY_MICROSERVICE_URI
ecommerce-inventory-service-vtrn1,INVENTORY.INVENTORY_MICROSERVICE_URI
ecommerce-inventory-service-vwebqa1,INVENTORY.INVENTORY_MICROSERVICE_URI
ecommerce-jukebox-release,ORDER_HISTORY_SERVICE.URL
ecommerce-jukebox-release,ORDER_SERVICE.URL
ecommerce-jukebox-release,SELF_SERVICE.APPOINTMENTS_URL
ecommerce-jukebox-release,SELF_SERVICE.RESCHEDULE_ELIGIBILITY_URL
ecommerce-membership-service-qa,MEMBERSHIP_SERVICE.SERVICE_URI
ecommerce-membership-service-qa,MEMBERSHIP_SERVICE.URL
ecommerce-oauth-dev,ACCOUNT_SERVICES.OAUTH_ACCESS_TOKEN_URI
ecommerce-oauth-dev,ACCOUNT_SERVICES.USER_SERVICE_URI
ecommerce-oauth-dev,OAUTH.ACCESS_TOKEN_URI
ecommerce-oauth-dev,OAUTH.USER_SERVICE_URI
ecommerce-oauth-perf,ACCOUNT_SERVICES.OAUTH_ACCESS_TOKEN_URI
ecommerce-oauth-perf,ACCOUNT_SERVICES.OAUTH_AUTHORIZATION_TOKEN_URL
ecommerce-oauth-perf,ACCOUNT_SERVICES.OAUTH_CHECK_TOKEN_URI
ecommerce-oauth-perf,ACCOUNT_SERVICES.USER_SERVICE_URI
ecommerce-oauth-qa,ACCOUNT_SERVICES.OAUTH_ACCESS_TOKEN_URI
ecommerce-oauth-qa,ACCOUNT_SERVICES.OAUTH_AUTHORIZATION_TOKEN_URL
ecommerce-oauth-qa,ACCOUNT_SERVICES.OAUTH_CHECK_TOKEN_URI
ecommerce-oauth-qa,ACCOUNT_SERVICES.USER_SERVICE_URI
ecommerce-oauth-qa,OAUTH.ACCESS_TOKEN_URI
ecommerce-oauth-uat,ACCOUNT_SERVICES.OAUTH_ACCESS_TOKEN_URI
ecommerce-oauth-uat,ACCOUNT_SERVICES.OAUTH_AUTHORIZATION_TOKEN_URL
ecommerce-oauth-uat,ACCOUNT_SERVICES.OAUTH_CHECK_TOKEN_URI
ecommerce-oauth-uat,ACCOUNT_SERVICES.USER_SERVICE_URI
ecommerce-oauth-uat,OAUTH.ACCESS_TOKEN_URI
ecommerce-oauth-uat,OAUTH_ACCESS_TOKEN_URI.OAUTH_ACCESS_TOKEN_URI
ecommerce-oauth-uat,OAUTH.USER_SERVICE_URI
ecommerce-pricing-qa1,PRICING.PROMOTION_SERVICE_URI
ecommerce-pricing-qa1,PRICING.SERVICE_URI
ecommerce-pricing-qa2,PRICING.PROMOTION_SERVICE_URI
ecommerce-pricing-qa2,PRICING.SERVICE_URI
ecommerce-pricing-qa3,PRICING.PROMOTION_SERVICE_URI
ecommerce-pricing-qa3,PRICING.SERVICE_URI
ecommerce-pricing-qa3,PROMOTION_SERVICE_URI.SERVICE_URI
ecommerce-pricing-qa4,PRICING.PROMOTION_SERVICE_URI
ecommerce-pricing-qa4,PRICING.SERVICE_URI
ecommerce-pricing-qa5,PRICING.PROMOTION_SERVICE_URI
ecommerce-pricing-qa5,PRICING.SERVICE_URI
ecommerce-pricing-singleuse-batch-generator-qa5,RELEASE_SINGLEUSE_PROMO_SERVICE.SERVICE_URI
ecommerce-pricing-singleuse-batch-generator-uat,RELEASE_SINGLEUSE_PROMO_SERVICE.SERVICE_URI
ecommerce-pricing-uat,PRICING.PRICING
ecommerce-pricing-uat,PRICING.PROMOTION_SERVICE_URI
ecommerce-pricing-uat,PRICING.SERVICE_URI
ecommerce-pricing-uat,PROMOTION_SERVICE_URI.PROMOTION_SERVICE_URI
ecommerce-pricing-veqa1,PRICING.PROMOTION_SERVICE_URI
ecommerce-pricing-veqa1,PRICING.SERVICE_URI
ecommerce-pricing-veqa2,PRICING.PROMOTION_SERVICE_URI
ecommerce-pricing-veqa2,PRICING.SERVICE_URI
ecommerce-pricing-veqa3,PRICING.PROMOTION_SERVICE_URI
ecommerce-pricing-veqa3,PRICING.SERVICE_URI
ecommerce-pricing-vtrn1,PRICING.PROMOTION_SERVICE_URI
ecommerce-pricing-vtrn1,PRICING.SERVICE_URI
ecommerce-profile-dev1,ACCOUNT_SERVICES.PROFILE_SERVICE_URL
ecommerce-profile-dev1,PROFILE_SERVICE.PROFILE_URL
ecommerce-profile-qa1,ACCOUNT_SERVICES.PROFILE_SERVICE_URL
ecommerce-profile-qa1,ACCOUNT_SERVICES.VERIFICATION_SERVICE_URL
ecommerce-profile-qa1,#PROFILE_SERVICE.PROFILE_URL
ecommerce-profile-qa1,PROFILE_SERVICE.PROFILE_URL
ecommerce-profile-uat1,ACCOUNT_SERVICES.PROFILE_SERVICE_URL
ecommerce-profile-uat1,PROFILE_SERVICE.PROFILE_URL
ecommerce-registryv2-qa2,CROSS_BRAND_REGISTRY.CROSS_BRAND_REGISTRY
ecommerce-registryv2-qa,#REGISTRY.FOUNDATION_URL
ecommerce-registryv2-qa,REGISTRY.FOUNDATION_URL
ecommerce-registryv2-uat,REGISTRY.FOUNDATION_URL
ecommerce-registryv3-qa2,CROSS_BRAND_REGISTRY.ERS_ENDPOINT_URL
ecommerce-registryv3-uat1,CROSS_BRAND_REGISTRY.ERS_ENDPOINT_URL
ecommerce-registryv3-uat2,CROSS_BRAND_REGISTRY.ERS_ENDPOINT_URL
ecommerce-salesforceconnector-qa1,BIZSALES.BIZSALESAUTH_URL
ecommerce-salesforceconnector-qa1,BIZSALES.SERVICE_URI
ecommerce-salesforceconnector-qa,BIZSALES.BIZSALESAUTH_URL
ecommerce-salesforceconnector-qa,BIZSALES.SERVICE_URI
ecommerce-salesforceconnector-uat,BIZSALES.BIZSALESAUTH_URL
ecommerce-salesforceconnector-uat,BIZSALES.SERVICE_URI
edap-platform-svc-session-qa,PLATFORM_SESSION_SERVICE.SERVICE_URI
edap-platform-svc-session-qa,SESSION_SERVICE.SERVICE_URI
edap-platform-svc-session-uat,PLATFORM_SESSION_SERVICE.SERVICE_URI
