ecommerce-avs-service-intdev,1,1600,8
ecommerce-c3-d1,2,1600,8
ecommerce-c3-dit,2,1600,8
ecommerce-c3-train,1,1600,8
ecommerce-cart-checkout-perfrj,5,6000,32
ecommerce-cart-checkout-uat3rj,2,1600,8
ecommerce-ecom-app-content-eqa2,1,1600,8
ecommerce-ecom-app-content-qa32,1,1600,8
ecommerce-ecom-app-content-qa52,1,1600,8
ecommerce-ecom-app-customer-int5,1,1600,8
ecommerce-ecom-app-global-caint3,0,1600,8
ecommerce-ecom-app-global-caqa11,1,1600,8
ecommerce-ecom-app-global-caqa31,1,1600,8
ecommerce-ecom-app-global-cargs1,1,1600,8
ecommerce-ecom-app-global-cauat7,1,1600,8
ecommerce-ecom-app-global-fktest,1,1600,8
ecommerce-ecom-app-global-int5,1,1600,8
ecommerce-ecom-app-global-qa10,1,1600,8
ecommerce-ecom-app-global-qa12,1,1600,8
ecommerce-ecom-app-global-qa24,1,1600,8
ecommerce-ecom-app-global-qa26,1,1600,8
ecommerce-ecom-app-global-qa3,1,1600,8
ecommerce-ecom-app-global-qa32,2,1600,8
ecommerce-ecom-app-global-qa38,1,1600,8
ecommerce-ecom-app-global-qa45,1,1600,8
ecommerce-ecom-app-global-qa47,1,1600,8
ecommerce-ecom-app-global-qa9,1,1600,8
ecommerce-ecom-app-global-regression2,2,1600,8
ecommerce-ecom-app-global-uat1test,1,1600,8
ecommerce-ecom-app-order-servicing-qa,1,1600,8
ecommerce-ecom-app-order-servicing-qa26,1,1600,8
ecommerce-ecom-app-order-servicing-qa41,1,1600,8
ecommerce-ecom-app-order-servicing-uat5,1,1600,8
ecommerce-ecom-app-product-int5,1,1600,8
ecommerce-ecom-app-product-qa24,1,1600,8
ecommerce-ecom-app-product-qa45,1,1600,8
ecommerce-ecom-app-product-qa48,1,1600,8
ecommerce-ecom-app-product-qa99rj,1,1600,8
ecommerce-ecom-app-product-staging,1,1600,8
ecommerce-ecom-app-product-uat5,1,1600,8
ecommerce-ecom-app-registry-eqa1,1,1600,8
ecommerce-ecom-app-registry-int5,1,1600,8
ecommerce-ecom-app-registry-qa22,1,1600,8
ecommerce-ecom-app-registry-qa4,1,1600,8
ecommerce-ecom-app-registry-qa48,1,1600,8
ecommerce-ecom-app-registry-uat2,1,1600,8
ecommerce-ecom-app-shop-int5,1,1600,8
ecommerce-ecom-app-shop-qa11,1,1600,8
ecommerce-ecom-app-shop-qa1,1,1600,8
ecommerce-ecom-app-shop-qa19,1,1600,8
ecommerce-ecom-app-shop-qa24,1,1600,8
ecommerce-ecom-app-shop-qa26,1,1600,8
ecommerce-ecom-app-shop-qa3,1,1600,8
ecommerce-ecom-app-shop-qa38,1,1600,8
ecommerce-ecom-app-shop-qa43,1,1600,8
ecommerce-ecom-app-shop-qa45,1,1600,8
ecommerce-ecom-app-shop-qa47,1,1600,8
ecommerce-ecom-app-shop-staging,3,1600,8
ecommerce-ecom-app-shop-uat8,3,1600,8
ecommerce-ecom-svc-catalog-caint3,7,16000,65
ecommerce-ecom-svc-catalog-caint5,7,16000,65
ecommerce-ecom-svc-catalog-int3,6,18000,75
ecommerce-ecom-svc-catalog-int4,7,18000,75
ecommerce-ecom-svc-catalog-int5,7,18000,75
ecommerce-ecom-svc-catalog-qa41,2,1600,8
ecommerce-ecom-svc-content-veqa2,1,1600,8
ecommerce-ecom-svc-customer-qa13,2,1600,8
ecommerce-ecom-svc-customer-qa32,2,1600,8
ecommerce-ecom-svc-customer-qa44,2,1600,8
ecommerce-ecom-svc-customer-qa52,1,1600,8
ecommerce-ecom-svc-customer-qa56,2,1600,8
ecommerce-ecom-svc-customer-qa8,1,1600,8
ecommerce-ecom-svc-order-servicing-qa32,1,1600,8
ecommerce-ecom-svc-registry-cauat3,2,1600,8
ecommerce-ecom-svc-registry-eqa1,1,1600,8
ecommerce-ecom-svc-registry-qa34,1,1600,8
ecommerce-ecom-svc-registry-qa41,2,1600,8
ecommerce-jukebox-dev,40,70000,250
ecommerce-oauth-intdev,1,1600,8
ecommerce-pricing-singleuse-batch-generator-qa4,1,1600,8
ecommerce-pricing-singleuse-batch-generator-qa6,1,1600,8
ecommerce-pricing-singleuse-batch-generator-vtrn1,0,1600,8
ecommerce-profile-qa15,1,1600,8
ecommerce-profile-qa25,1,1600,8
ecommerce-promo-publisher-qa2,1,1600,8
ecommerce-promo-publisher-qa4,1,1600,8
ecommerce-promo-publisher-qa6,1,1600,8
ecommerce-promo-publisher-vtrn1,1,1600,8
ecommerce-salesforceconnector-intdev,1,1600,8
ecommerce-salesforceconnector-qa99,2,1600,8
ecommerce-stored-value-card-orchestration-d1,2,1600,8
ecommerce-stored-value-card-orchestration-dit,1,1600,8
ecommerce-stored-value-card-orchestration-qa17,2,1600,8
ecommerce-vertex-lite-eqa1,2,3000,20
ecommerce-vertex-lite-eqa2,2,3000,20
ecommerce-vertex-lite-eqa,2,3000,20
ecommerce-vertex-lite-perf,3,8000,48
ecommerce-vertex-lite-qa,1,6000,30
edap-platform-svc-config-intdev,1,1600,8
edap-platform-svc-session-dev,0,0,0
edap-platform-svc-session-intdev,0,0,0
edap-platform-svc-session-qa6,0,0,0
