Namespace,Pods,CPU,Memory,Suggested Decom Reason
ecommerce-ecom-app-customer-int5,1,1600,8,no-logs
ecommerce-ecom-app-global-caint3,0,1600,8,no-pods
ecommerce-ecom-app-order-servicing-qa,1,1600,8,no-logs
ecommerce-ecom-app-order-servicing-qa26,1,1600,8,no-logs
ecommerce-ecom-app-order-servicing-qa41,1,1600,8,no-logs
ecommerce-ecom-app-order-servicing-uat5,1,1600,8,no-logs
ecommerce-ecom-app-registry-eqa1,1,1600,8,no-logs
ecommerce-ecom-app-registry-int5,1,1600,8,no-logs
ecommerce-ecom-app-registry-qa22,1,1600,8,no-logs
ecommerce-ecom-app-registry-qa4,1,1600,8,no-logs
ecommerce-ecom-app-registry-qa48,1,1600,8,no-logs
ecommerce-ecom-app-registry-uat2,1,1600,8,no-logs
ecommerce-ecom-b2b-product-qa15,1,1600,8,no-logs
ecommerce-ecom-svc-asset-qa,1,1600,8,no-logs
ecommerce-ecom-svc-registry-eqa1,1,1600,8,no-logs
ecommerce-pricing-singleuse-batch-generator-vtrn1,0,1600,8,no-pods
ecommerce-pricing-singleuse-resolver-veqa3,0,1600,8,no-pods
ecommerce-profile-qa15,1,1600,8,no-logs
ecommerce-profile-qa25,1,1600,8,no-logs
ecommerce-promo-admin-qa1,1,1600,8,no-logs
ecommerce-promo-admin-qa2,1,1600,8,no-logs
ecommerce-promo-admin-qa3,1,1600,8,no-logs
ecommerce-promo-admin-qa4,1,1600,8,no-logs
ecommerce-promo-admin-qa5,1,1600,8,no-logs
ecommerce-promo-admin-qa6,1,1600,8,no-logs
ecommerce-promo-admin-uat,1,1600,8,no-logs
ecommerce-promo-admin-veqa1,1,1600,8,no-logs
ecommerce-promo-admin-veqa2,1,1600,8,no-logs
ecommerce-promo-admin-veqa3,1,1600,8,no-logs
ecommerce-recommend-uat,0,1600,8,no-pods
ecommerce-reward-certificate-exporter-dev,0,1600,8,no-pods
ecommerce-reward-certificate-exporter-qa,0,1600,8,no-pods
ecommerce-reward-certificate-loader-dev,0,1600,8,no-pods
ecommerce-reward-certificate-loader-qa,0,1600,8,no-pods
ecommerce-reward-certificate-service-dev,1,1600,8,no-logs
ecommerce-salesforceconnector-qa99,2,1600,8,no-logs
ecommerce-sitemap-data-orchestrator-dev,12,1600,8,no-logs
ecommerce-testrail-intdev,0,1600,8,no-pods
ecommerceboyne-ecom-app-global-update2317helm,1,1600,8,no-logs
ecommerceboyne-ecom-app-phygital-mfe2317,1,1600,8,no-logs
ecommerceboyne-ecom-app-product-2317,1,1600,8,no-logs
ecommerceboyne-ecom-app-registry-freeshipping2317,1,1600,8,no-logs
ecomcaz-ecom-app-product-dashboard,1,1600,8,no-logs
ecomdenali-ecom-app-global-develop,1,1600,8,no-logs
ecomdenali-ecom-app-shop-develop,1,1600,8,no-logs
edap-customer-admin-qa,0,0,0,no-pods
edap-customer-email-lookup-qa,0,0,0,no-pods
edap-customer-email-sha256-indexer-qa,0,0,0,no-pods
edap-customer-search-indexer-qa,0,0,0,no-pods
edap-customer-search-redis-perf,0,0,0,no-pods
edap-customer-search-redis-qa,0,0,0,no-pods
edap-customer-search-redis-uat,0,0,0,no-pods
edap-datasvcs-hazelcast-enterprise-dev,0,0,0,no-pods
edap-datasvcs-hazelcast-enterprise-qa,0,0,0,no-pods
edap-datasvcs-hazelcast-enterprise-uat,0,0,0,no-pods
edap-hazelcast-enterprise-dev,0,0,0,no-pods
edap-hazelcast-enterprise-qa,0,0,0,no-pods
edap-hazelcast-enterprise-uat,0,0,0,no-pods
edap-itpm-relay-http-mock-qa,0,0,0,no-pods
edap-itpm-server-perf,0,0,0,no-pods
edap-itpm-server-qa,0,0,0,no-pods
edap-itpm-server-uat,0,0,0,no-pods
edap-microserviceshell-nonprod,1,1600,8,no-logs
edap-platform-log-correlation-tool-dev,0,0,0,no-pods
edap-platform-log-correlation-tool-nonprod,0,0,0,no-pods
edap-platform-log-correlation-tool-oms,0,0,0,no-pods
edap-platform-log-correlation-tool-qa,0,0,0,no-pods
edap-platform-log-correlation-tool-uat,0,0,0,no-pods
edap-platform-microservice-shell-ui-qa,0,0,0,no-pods
edap-platform-microservice-shell-ui-uat,0,0,0,no-pods
edap-platform-svc-config-admin-perf,0,0,0,no-pods
edap-platform-svc-customer-admin-qa,0,0,0,no-pods
edap-platform-svc-customer-search-qa,0,0,0,no-pods
edap-platform-svc-customer-search-redis-perf,0,0,0,no-pods
edap-platform-svc-customer-search-redis-qa,0,0,0,no-pods
edap-platform-svc-customer-search-redis-uat,0,0,0,no-pods
edap-platform-svc-data-execution-intdev,0,0,0,no-pods
edap-platform-svc-data-execution-qa,0,0,0,no-pods
edap-platform-svc-data-execution-uat,0,0,0,no-pods
edap-platform-svc-itpm-perf,0,0,0,no-pods
edap-platform-svc-itpm-relay-perf,0,0,0,no-pods
edap-platform-svc-itpm-relay-qa,0,0,0,no-pods
edap-platform-svc-itpm-relay-uat,0,0,0,no-pods
edap-platform-svc-relay-server-perf,0,0,0,no-pods
edap-platform-svc-relay-server-qa,0,0,0,no-pods
edap-platform-svc-relay-server-uat,0,0,0,no-pods
edap-platform-svc-session-dev,0,0,0,no-pods
edap-platform-svc-session-intdev,0,0,0,no-pods
edap-platform-svc-session-qa6,0,0,0,no-pods
edap-platform-svc-tdm-qa,0,0,0,no-pods
edap-web-ar-asset-management-intdev,0,0,0,no-pods
edap-web-ar-asset-management-qa,0,0,0,no-pods
edap-web-ar-asset-management-uat,0,0,0,no-pods
ecommerceeverest-profile-develop,1,1600,8,no-logs
ecommerceeverest-profile-stylequizv1,1,1600,8,no-logs
ecomflat-ecom-svc-customer-develop,1,1600,8,no-logs
ecommercegala-ecom-app-gl-develop,0,1600,8,no-pods
ecomkal-ecom-svc-registry-gmtpuat1483,1,1600,8,no-logs
ecommarcy-ecom-app-product-163628,1,1600,8,no-logs
ecommercemaunaloa-ecom-app-registry-registry,1,1600,8,no-logs
ecommercemaunaloa-ecom-svc-registry-registry,1,1600,8,no-logs
ecommead-icm-cache-addstaticenv,0,0,0,no-pods
ecommead-icm-cache-develop,0,0,0,no-pods
ecommead-icm-cache-master,0,0,0,no-pods
ecommead-stored-value-card-orchestration-revert36rain4779,1,1600,8,no-logs
ecommercemontblanc-ecom-app-global-mon12591,1,1600,8,no-logs
ecommercemontblanc-ecom-app-registry-rimo5048,1,1600,8,no-logs
platformrigel-ecom-svc-order-servicing-develop,1,1600,8,no-logs
platformrigel-salesforceconnector-develop,1,1600,8,no-logs
platsris-dataloaders-timeinmillisnotes,0,0,0,no-pods
ecommercereleasemanagement-ecom-app-global-mfe2103release,0,0,0,no-pods
ecommercereleasemanagement-ecom-app-global-mferelease,0,0,0,no-pods
ecomshsta-wsi-b2b-pm17973,1,1600,8,no-logs
ecomshsta-wsi-b2b-uat,1,1600,8,no-logs
ecomshsta-wsi-b2b-uatfix,1,1600,8,no-logs
Total,64 pods,83 cores,.40 Tb,
