ecommerce-ecom-svc-catalog-bpv,eCommerce-Kubernetes-Bedrock,ecom-svc-catalog-helm-config,release,bpv/values.yaml
ecommerce-ecom-svc-catalog-ca1,eCommerce-Kubernetes-Bedrock,ecom-svc-catalog-helm-config,release,ca1/values.yaml
ecommerce-ecom-svc-catalog-ca2,eCommerce-Kubernetes-Bedrock,ecom-svc-catalog-helm-config,release,ca2/values.yaml
ecommerce-ecom-svc-catalog-ca3,eCommerce-Kubernetes-Bedrock,ecom-svc-catalog-helm-config,release,ca3/values.yaml
ecommerce-ecom-svc-catalog-ca4,eCommerce-Kubernetes-Bedrock,ecom-svc-catalog-helm-config,release,ca4/values.yaml
ecommerce-ecom-svc-catalog-caperf,eCommerce-Kubernetes-Bedrock,ecom-svc-catalog-helm-config,release,caperf/values.yaml
ecommerce-ecom-svc-catalog-cauat3,eCommerce-Kubernetes-Bedrock,ecom-svc-catalog-helm-config,release,cauat3/values.yaml
ecommerce-ecom-svc-catalog-cauat,eCommerce-Kubernetes-Bedrock,ecom-svc-catalog-helm-config,release,cauat/values.yaml
ecommerce-ecom-svc-catalog-perf,eCommerce-Kubernetes-Bedrock,ecom-svc-catalog-helm-config,release,perfrj/values.yaml
ecommerce-ecom-svc-catalog-perfrj,eCommerce-Kubernetes-Bedrock,ecom-svc-catalog-helm-config,release,perfrj/values.yaml
ecommerce-ecom-svc-catalog-qa2,eCommerce-Kubernetes-Bedrock,ecom-svc-catalog-helm-config,release,qa2/values.yaml
ecommerce-ecom-svc-catalog-qa3,eCommerce-Kubernetes-Bedrock,ecom-svc-catalog-helm-config,release,qa3/values.yaml
ecommerce-ecom-svc-catalog-qa4,eCommerce-Kubernetes-Bedrock,ecom-svc-catalog-helm-config,release,qa4/values.yaml
ecommerce-ecom-svc-catalog-qa5,eCommerce-Kubernetes-Bedrock,ecom-svc-catalog-helm-config,release,qa5/values.yaml
ecommerce-ecom-svc-catalog-qa,eCommerce-Kubernetes-Bedrock,ecom-svc-catalog-helm-config,release,qa5/values.yaml
ecommerce-ecom-svc-catalog-uat2,eCommerce-Kubernetes-Bedrock,ecom-svc-catalog-helm-config,release,uat2/values.yaml
ecommerce-ecom-svc-catalog-uat3,eCommerce-Kubernetes-Bedrock,ecom-svc-catalog-helm-config,release,uat3rj/values.yaml
ecommerce-ecom-svc-catalog-uat3rj,eCommerce-Kubernetes-Bedrock,ecom-svc-catalog-helm-config,release,uat3rj/values.yaml
ecommerce-ecom-svc-catalog-uat,eCommerce-Kubernetes-Bedrock,ecom-svc-catalog-helm-config,release,uat3rj/values.yaml
ecommerce-ecom-svc-catalog-veqa1,eCommerce-Kubernetes-Bedrock,ecom-svc-catalog-helm-config,release,veqa1/values.yaml
ecommerce-ecom-svc-catalog-veqa2,eCommerce-Kubernetes-Bedrock,ecom-svc-catalog-helm-config,release,veqa2/values.yaml
ecommerce-ecom-svc-catalog-veqa3,eCommerce-Kubernetes-Bedrock,ecom-svc-catalog-helm-config,release,veqa3/values.yaml
ecommerce-ecom-svc-catalog-vtrn1,eCommerce-Kubernetes-Bedrock,ecom-svc-catalog-helm-config,release,vtrn1/values.yaml
ecommerce-ecom-svc-content-caint5,eCommerce-Kubernetes-Bedrock,ecom-svc-content-helm-config,release,caint5/values.yaml
ecommerce-ecom-svc-content-eqa1,eCommerce-Kubernetes-Bedrock,ecom-svc-content-helm-config,release,eqa1/values.yaml
ecommerce-ecom-svc-content-eqa2,eCommerce-Kubernetes-Bedrock,ecom-svc-content-helm-config,release,eqa2/values.yaml
ecommerce-ecom-svc-content-eqa3,eCommerce-Kubernetes-Bedrock,ecom-svc-content-helm-config,release,eqa3/values.yaml
ecommerce-ecom-svc-content-int4,eCommerce-Kubernetes-Bedrock,ecom-svc-content-helm-config,release,int4/values.yaml
ecommerce-ecom-svc-content-perf,eCommerce-Kubernetes-Bedrock,ecom-svc-content-helm-config,release,perfrj/values.yaml
ecommerce-ecom-svc-content-perfrj,eCommerce-Kubernetes-Bedrock,ecom-svc-content-helm-config,release,perfrj/values.yaml
ecommerce-ecom-svc-content-qa17,eCommerce-Kubernetes-Bedrock,ecom-svc-content-helm-config,release,qa17/values.yaml
ecommerce-ecom-svc-content-qa22,eCommerce-Pinchot,ecom-svc-content-helm-config,deploy,qa22/values.yaml
ecommerce-ecom-svc-content-qa,eCommerce-Kubernetes-Bedrock,ecom-svc-content-helm-config,release,qa/values.yaml
ecommerce-ecom-svc-content-regression,eCommerce-Kubernetes-Bedrock,ecom-svc-content-helm-config,release,regression/values.yaml
ecommerce-ecom-svc-content-uat3,eCommerce-Kubernetes-Bedrock,ecom-svc-content-helm-config,release,uat3rj/values.yaml
ecommerce-ecom-svc-content-uat3rj,eCommerce-Kubernetes-Bedrock,ecom-svc-content-helm-config,release,uat3rj/values.yaml
ecommerce-ecom-svc-content-uat,eCommerce-Kubernetes-Bedrock,ecom-svc-content-helm-config,release,uat3rj/values.yaml
ecommerce-ecom-svc-order-servicing-bpv,eCommerce-Kubernetes-Bedrock,ecom-svc-order-servicing-helm-config,release,bpv/values.yaml
ecommerce-ecom-svc-order-servicing-caint5,eCommerce-Kubernetes-Bedrock,ecom-svc-order-servicing-helm-config,release,caint5/values.yaml
ecommerce-ecom-svc-order-servicing-eqa1,eCommerce-Kubernetes-Bedrock,ecom-svc-order-servicing-helm-config,release,eqa1/values.yaml
ecommerce-ecom-svc-order-servicing-eqa2,eCommerce-Kubernetes-Bedrock,ecom-svc-order-servicing-helm-config,release,eqa2/values.yaml
ecommerce-ecom-svc-order-servicing-eqa3,eCommerce-Kubernetes-Bedrock,ecom-svc-order-servicing-helm-config,release,eqa3/values.yaml
ecommerce-ecom-svc-order-servicing-int4,eCommerce-Kubernetes-Bedrock,ecom-svc-order-servicing-helm-config,release,int4/values.yaml
ecommerce-ecom-svc-order-servicing-int5,eCommerce-Kubernetes-Bedrock,ecom-svc-order-servicing-helm-config,release,int5/values.yaml
ecommerce-ecom-svc-order-servicing-perf,eCommerce-Kubernetes-Bedrock,ecom-svc-order-servicing-helm-config,release,perfrj/values.yaml
ecommerce-ecom-svc-order-servicing-perfrj,eCommerce-Kubernetes-Bedrock,ecom-svc-order-servicing-helm-config,release,perfrj/values.yaml
ecommerce-ecom-svc-order-servicing-qa11,eCommerce-Nilgiri,ecom-svc-order-servicing-helm-config,order-servicing,qa11/values.yaml
ecommerce-ecom-svc-order-servicing-qa17,eCommerce-Kubernetes-Bedrock,ecom-svc-order-servicing-helm-config,release,qa17/values.yaml
ecommerce-ecom-svc-order-servicing-qa18,eCommerce-Kubernetes-Bedrock,ecom-svc-order-servicing-helm-config,release,qa18/values.yaml
ecommerce-ecom-svc-order-servicing-qa26,eCommerce-Kamet,ecom-svc-order-servicing-helm-config,qa46,qa26/values.yaml
ecommerce-ecom-svc-order-servicing-qa40,eCommerce-Mauna-Loa,ecom-svc-order-servicing-helm-config,order-servicing,qa40/values.yaml
ecommerce-ecom-svc-order-servicing-qa41,eCommerce-Kubernetes-Bedrock,ecom-svc-order-servicing-helm-config,release,qa41/values.yaml
ecommerce-ecom-svc-order-servicing-qa42,eCommerce-Kubernetes-Bedrock,ecom-svc-order-servicing-helm-config,release,intdev/values.yaml
ecommerce-ecom-svc-order-servicing-qa45,eCommerce-Kubernetes-Bedrock,ecom-svc-order-servicing-helm-config,release,qa45/values.yaml
ecommerce-ecom-svc-order-servicing-qa46,eCommerce-Kamet,ecom-svc-order-servicing-helm-config,qa46,qa46/values.yaml
ecommerce-ecom-svc-order-servicing-qa4,eCommerce-Kubernetes-Bedrock,ecom-svc-order-servicing-helm-config,release,qa45/values.yaml
ecommerce-ecom-svc-order-servicing-qa52,eCommerce-Kubernetes-Bedrock,ecom-svc-order-servicing-helm-config,release,qa52/values.yaml
ecommerce-ecom-svc-order-servicing-qa54,eCommerce-Kubernetes-Bedrock,ecom-svc-order-servicing-helm-config,release,qa54/values.yaml
ecommerce-ecom-svc-order-servicing-qa55,eCommerce-Kubernetes-Bedrock,ecom-svc-order-servicing-helm-config,release,qa55/values.yaml
ecommerce-ecom-svc-order-servicing-rgs1,eCommerce-Kubernetes-Bedrock,ecom-svc-order-servicing-helm-config,release,rgs1/values.yaml
ecommerce-ecom-svc-order-servicing-uat3,eCommerce-Kubernetes-Bedrock,ecom-svc-order-servicing-helm-config,release,uat3rj/values.yaml
ecommerce-ecom-svc-order-servicing-uat3rj,eCommerce-Kubernetes-Bedrock,ecom-svc-order-servicing-helm-config,release,uat3rj/values.yaml
ecommerce-ecom-svc-order-servicing-uat,eCommerce-Kubernetes-Bedrock,ecom-svc-order-servicing-helm-config,release,uat3rj/values.yaml
ecommerce-ecom-svc-registry-qa,eCommerce-Rimo,ecom-svc-registry-helm-config,develop,values.yaml
ecommerce-oauth-dev,eCommerce-Kubernetes-Bedrock,oauth-helm-config,release,dev/values.yaml
ecommerce-oauth-qa,eCommerce-Kubernetes-Bedrock,oauth-helm-config,release,qa/values.yaml
ecommerce-oauth-uat,eCommerce-Kubernetes-Bedrock,oauth-helm-config,release,uat/values.yaml
ecommerce-pricing-qa1,eCommerce-Kubernetes-Bedrock,pricing-helm-config,release,veqa1/values.yaml
ecommerce-pricing-qa2,eCommerce-Kubernetes-Bedrock,pricing-helm-config,release,veqa2/values.yaml
ecommerce-pricing-qa3,eCommerce-Kubernetes-Bedrock,pricing-helm-config,release,veqa3/values.yaml
ecommerce-pricing-qa4,eCommerce-Kubernetes-Bedrock,pricing-helm-config,release,qa4/values.yaml
ecommerce-pricing-qa5,eCommerce-Kubernetes-Bedrock,pricing-helm-config,release,qa5/values.yaml
ecommerce-pricing-qa6,eCommerce-Kubernetes-Bedrock,pricing-helm-config,release,qa6/values.yaml
ecommerce-pricing-uat,eCommerce-Kubernetes-Bedrock,pricing-helm-config,release,uat/values.yaml
ecommerce-pricing-veqa1,eCommerce-Kubernetes-Bedrock,pricing-helm-config,release,veqa1/values.yaml
ecommerce-pricing-veqa2,eCommerce-Kubernetes-Bedrock,pricing-helm-config,release,veqa2/values.yaml
ecommerce-pricing-veqa3,eCommerce-Kubernetes-Bedrock,pricing-helm-config,release,veqa3/values.yaml
ecommerce-profile-dev1,eCommerce-Kubernetes-Bedrock,profile-helm-config,release,dev1/values.yaml
ecommerce-profile-qa1,eCommerce-Kubernetes-Bedrock,profile-helm-config,release,qa1/values.yaml
ecommerce-profile-uat1,eCommerce-Kubernetes-Bedrock,profile-helm-config,release,uat1/values.yaml
ecommerce-registryv3-qa1,eCommerce-Kubernetes-Bedrock,registryv3-helm-config,release,qa1/values.yaml
ecommerce-registryv3-qa2,eCommerce-Kubernetes-Bedrock,registryv3-helm-config,release,qa2/values.yaml
ecommerce-registryv3-uat1,eCommerce-Kubernetes-Bedrock,registryv3-helm-config,release,uat1/values.yaml
ecommerce-registryv3-uat2,eCommerce-Kubernetes-Bedrock,registryv3-helm-config,release,uat2/values.yaml
