{
  "terraform": [
    {
      "required_providers": [
        {
          "akamai": {
            "source": "akamai/akamai",
            "version": ">= 2.0.0"
          }
        }
      ],
      "required_version": ">= 0.13"
    }
  ],
  "provider": [
    {
      "akamai": {
        "edgerc": "${var.edgerc_path}",
        "config_section": "${var.config_section}"
      }
    }
  ],
  "data": [
    {
      "akamai_group": {
        "group": {
          "group_name": "PROD and QA Group",
          "contract_id": "ctr_1-2ZMIM5"
        }
      }
    },
    {
      "akamai_contract": {
        "contract": {
          "group_name": "${data.akamai_group.group.name}"
        }
      }
    },
    {
      "akamai_property_rules_template": {
        "rules": {
          "template_file": "${abspath(\"${path.module}/property-snippets/main.json\")}"
        }
      }
    }
  ],
  "resource": [
    {
      "akamai_edge_hostname": {
        "secure-qa1-wsgc-com-edgekey-net": {
          "product_id": "prd_SPM",
          "contract_id": "${data.akamai_contract.contract.id}",
          "group_id": "${data.akamai_group.group.id}",
          "ip_behavior": "IPV4",
          "edge_hostname": "secure-qa1.wsgc.com.edgekey.net",
          "certificate": 19
        }
      }
    },
    {
      "akamai_edge_hostname": {
        "slot13293-wsgc-com-edgekey-net": {
          "product_id": "prd_SPM",
          "contract_id": "${data.akamai_contract.contract.id}",
          "group_id": "${data.akamai_group.group.id}",
          "ip_behavior": "IPV4",
          "edge_hostname": "slot13293.wsgc.com.edgekey.net",
          "certificate": 13293
        }
      }
    },
    {
      "akamai_edge_hostname": {
        "slot5302-wsgc-com-edgekey-net": {
          "product_id": "prd_SPM",
          "contract_id": "${data.akamai_contract.contract.id}",
          "group_id": "${data.akamai_group.group.id}",
          "ip_behavior": "IPV4",
          "edge_hostname": "slot5302.wsgc.com.edgekey.net",
          "certificate": 5302
        }
      }
    },
    {
      "akamai_property": {
        "qa-greenrow-wsgc-com_pm": {
          "name": "qa.greenrow.wsgc.com_pm",
          "contract_id": "${data.akamai_contract.contract.id}",
          "group_id": "${data.akamai_group.group.id}",
          "product_id": "prd_SPM",
          "rule_format": "v2023-05-30",
          "hostnames": [
            {
              "cname_from": "dummy.hostname.gr",
              "cname_to": "${akamai_edge_hostname.slot5302-wsgc-com-edgekey-net.edge_hostname}",
              "cert_provisioning_type": "CPS_MANAGED"
            },
            {
              "cname_from": "regression.greenrow.com",
              "cname_to": "${akamai_edge_hostname.slot13293-wsgc-com-edgekey-net.edge_hostname}",
              "cert_provisioning_type": "CPS_MANAGED"
            },
            {
              "cname_from": "www.bpv.greenrow.com",
              "cname_to": "${akamai_edge_hostname.secure-qa1-wsgc-com-edgekey-net.edge_hostname}",
              "cert_provisioning_type": "CPS_MANAGED"
            },
            {
              "cname_from": "www.int3.greenrow.com",
              "cname_to": "${akamai_edge_hostname.secure-qa1-wsgc-com-edgekey-net.edge_hostname}",
              "cert_provisioning_type": "CPS_MANAGED"
            },
            {
              "cname_from": "www.qa11.greenrow.com",
              "cname_to": "${akamai_edge_hostname.slot5302-wsgc-com-edgekey-net.edge_hostname}",
              "cert_provisioning_type": "CPS_MANAGED"
            },
            {
              "cname_from": "www.qa99.greenrow.com",
              "cname_to": "${akamai_edge_hostname.slot13293-wsgc-com-edgekey-net.edge_hostname}",
              "cert_provisioning_type": "CPS_MANAGED"
            },
            {
              "cname_from": "www.uat.greenrow.com",
              "cname_to": "${akamai_edge_hostname.slot5302-wsgc-com-edgekey-net.edge_hostname}",
              "cert_provisioning_type": "CPS_MANAGED"
            },
            {
              "cname_from": "www.uat3.greenrow.com",
              "cname_to": "${akamai_edge_hostname.slot13293-wsgc-com-edgekey-net.edge_hostname}",
              "cert_provisioning_type": "CPS_MANAGED"
            }
          ],
          "rules": "${data.akamai_property_rules_template.rules.json}"
        }
      }
    },
    {
      "akamai_property_activation": {
        "qa-greenrow-wsgc-com_pm": {
          "property_id": "${akamai_property.qa-greenrow-wsgc-com_pm.id}",
          "contact": [
            "rjuluru@wsgc.com"
          ],
          "version": "${akamai_property.qa-greenrow-wsgc-com_pm.latest_version}",
          "network": "${upper(var.env)}"
        }
      }
    }
  ]
}