<?xml version='1.0' encoding='utf-8'?>
<Server port="${tomcat.shutdownPort}" shutdown="SHUTDOWN">
  <Listener className="org.apache.catalina.core.AprLifecycleListener" SSLEngine="on" />
  <Listener className="org.apache.catalina.startup.VersionLoggerListener" />
  <Listener className="org.apache.catalina.core.JreMemoryLeakPreventionListener" />
  <Listener className="org.apache.catalina.core.ThreadLocalLeakPreventionListener" />
  <Listener className="org.apache.catalina.mbeans.GlobalResourcesLifecycleListener" />
  <GlobalNamingResources>
    <Resource name="UserDatabase" auth="Container"
              type="org.apache.catalina.UserDatabase"
              description="User database that can be updated and saved"
              factory="org.apache.catalina.users.MemoryUserDatabaseFactory"
              pathname="conf/tomcat-users.xml" />
  </GlobalNamingResources>
  <Service name="Catalina">
    <Connector address="127.0.0.1" port="${tomcat.httpPort}" protocol="${tomcat.httpProto}" connectionTimeout="20000" redirectPort="${tomcat.httpsPort}" />

    <!-- Tactical fix to address potential minor leak the maxKeepAliveRequests and keepAliveTimeout at Apache Tomcat is requested to be reduced as connection are not Kept-Alive between HTTPD and Apache Tomcat. The maxKeepAliveRequests to be reduced to 30 from the default value of 100 -->
    <!-- In production currently connection timeout at Tomcat is 60 seconds we would like to close the threads and the memory footprint associated with the threads that are created as early possible once the task is completed on the thread. The keepAliveTimeout param reduced to 2s. -->
    <Connector address="127.0.0.1" port="${tomcat.httpsPort}" protocol="${tomcat.httpProto}" scheme="https" secure="true" proxyPort="${tomcat.proxyPort}" useBodyEncodingForURI="true" maxThreads="${tomcat.maxThreads}" connectionTimeout="30000" keepAliveTimeout="2000" acceptCount="100" acceptorThreadCount="2" maxKeepAliveRequests="30"/>

    <Engine name="Catalina" defaultHost="localhost">
        <Realm className="org.apache.catalina.realm.LockOutRealm">
        <Realm className="org.apache.catalina.realm.UserDatabaseRealm"
               resourceName="UserDatabase"/>
      </Realm>

      <Host name="localhost"  appBase="webapps"
            unpackWARs="true" autoDeploy="true">
      <Valve className="org.apache.catalina.valves.ErrorReportValve" showReport="false" showServerInfo="false"/>
      </Host>
    </Engine>
  </Service>
</Server>
